HUD/Ally	Sojusznik
HUD/CantDoNow	Popis niedostępny
HUD/Climb	Wspinaczka
HUD/CloseRift	Zamknij furtkę
HUD/CoachVictoryDesc	Straż dyliżansu pokonana.
HUD/Dead	Ranny
HUD/DeadFem	Ranna
HUD/Enemy	Wróg
HUD/ExitEncounter	Opuść starcie
HUD/GetReady	STARCIE
HUD/Help	Kumpel
HUD/InfoArmorTitle	Pancerz:
HUD/InfoHealthTitle	Zdrowie:
HUD/InfoNameTitle	Typ:
HUD/InfoStateTitle	Analiza:
HUD/Invulnerable	Nietykalność
HUD/Loss	Porażka!
HUD/LossDescription	Wszyscy banici znokautowani.
HUD/MarshalVictoryDesc	Obława pokonana.
HUD/NoShine	Brak bimbru
HUD/PackVictoryDesc	Sfora pokonana.
HUD/PalHelping	Kumpel pomaga
HUD/PatrolVictoryDesc	Patrol pokonany.
HUD/Rage	Szał
HUD/Resist	Odparto
HUD/Retreat	Odwrót!
HUD/RetreatDescription	Grupa się wycofuje.
HUD/RoadblockVictoryDesc	Straż blokady pokonana.
HUD/StartShowdown	Rozpocznij starcie
HUD/Surrender	Poddaj się
HUD/SwitchOutlaws	Zmień banitów
HUD/SwitchToCasino	Zmień na Casino
HUD/SwitchToOutlaw2	Zmień banitę
HUD/Talents	Asy
HUD/Tenacious	Nieustępliwość
HUD/Time	Czas
HUD/TimeExpiredDescription	Dyliżans uciekł.
HUD/UseJuice	Popis
HUD/UseToExit	Odwrót 
HUD/Victory	Zwycięstwo!
Notification/BulletTimeKillStreak	Zabójstwa w czasie kuli: 
Notification/BulletTimeKillStreakReset	Seria w czasie kuli przerwana
Notification/HeadshotKillStreak	Seria zabójstw krytycznych: 
Notification/HeadshotKillStreakReset	Seria krytycznych przerwana
Notification/LuckyDice	Szczęśliwe kości
Notification/LuckyEscape	Szczęśliwa ucieczka
Notification/Panic	Wróg ucieka
Notification/Panicked	Panika
Notification/PickedUpArmor	Podniesiono pancerz
Notification/PickedUpBankKey	Podniesiono klucz do banku
Notification/PickedUpBeans	Podniesiono fasolę
Notification/PickedUpBlacksmithKey	Podniesiono klucz do kuźni
Notification/PickedUpBucks	Podniesiono cramm: 
Notification/PickedUpDistilleryKey	Podniesiono klucz do gorzelni
Notification/PickedUpGold	Podniesiono błysk
Notification/PickedUpGrit	Podniesiono hart
Notification/PickedUpHealth	Podniesiono zdrowie
Notification/PickedUpInvulnerable	Podniesiono nietykalność
Notification/PickedUpJailKey	Podniesiono klucz do celi
Notification/PickedUpNavs	Podniesiono nadajnik
Notification/PickedUpRage	Podniesiono szał
Notification/PickedUpShine	Podniesiono bimber
Notification/PickedUpWater	Podniesiono nitro: 
Notification/PickedUpWellKey	Podniesiono klucz do studni
Notification/PickedUpcramm	Podniesiono tabakę
Notification/PickupFailed	Nie można podnieść
Notification/QuestComplete	Wykonane
Notification/QuestFailed	Nieudane
Notification/QuestIncomplete	Niewykonane
Notification/QuestReset	Zresetowane
Notification/ShineFlask	Bimber ponownie użyty
Notification/SubvertCritter	Zwierz przejęty
Notification/SubvertGuard	Strażnik przejęty
Notification/SubvertSecurity	Ochrona przejęta
Notification/Tenacious	Nieustępliwość
Notification/TimeWalker	Spacer w czasie
Options/Acceleration	Przyspieszenie
Options/AccelerationOne	Standardowe
Options/AccelerationTwo	Wysokie
Options/AccelerationZero	Brak
Options/AimAssist	Wspomaganie celowania
Options/AlreadyBoundTo	Już przypisane do
Options/Apply	Zastosuj
Options/Audio	Dźwięk
Options/AutoStand	Wstawanie przy biegu
Options/AutoStandDesc	Automatycznie wstawaj, gdy biegniesz
Options/Choosing	Wybieranie
Options/CloseConsole	Zamknij konsolę
Options/Controller	Kontroler
Options/ControllerMap	Układ kontrolera
Options/ControllerMapSwitch	Układ kontrolera
Options/Crouch	Kucanie
Options/CrouchAlt	Kucanie (alt.)
Options/Defaults	Domyślne
Options/Display	Ekran
Options/Done	Gotowe
Options/Dynamic Range	Zakres dynamiki
Options/EscapeMenu	Menu pauzy
Options/ExtremeResponse	Ekstremalna
Options/FOV	FOV
Options/Fire	Strzał
Options/Frameskip	Pomijanie klatek
Options/Fullscreen	Pełny ekran
Options/Gameplay	Rozgrywka
Options/Gamma	Gamma
Options/Graphics	Grafika
Options/Headphones	Słuchawki
Options/High	Wysoka
Options/HorizontalSensitivity	Czułość pozioma
Options/Interact	Interakcja
Options/Invert Pitch	Odwróć oś pionową
Options/Jump	Skok
Options/Keyboard	Klawiatura
Options/Language	Język
Options/LinearResponse	Liniowa
Options/Look	Rozglądanie
Options/LookDeadzone	Martwa strefa rozglądania
Options/Low	Niska
Options/Medium	Średnia
Options/Menu	Menu
Options/Mouse	Mysz
Options/Move	Ruch
Options/Move down	Do tyłu
Options/Move left	W lewo
Options/Move right	W prawo
Options/Move up	Do przodu
Options/MoveDeadzone	Martwa strefa ruchu
Options/MoveMode	Tryb ruchu
Options/Music	Muzyka
Options/NarrativeAudio	Głos narratora
Options/Normal	Standardowa
Options/Off	Wył.
Options/On	Wł.
Options/OpenConsole	Otwórz konsolę
Options/Options	Opcje
Options/Outlaw1	Banita 1
Options/Outlaw2	Banita 2
Options/OutlawToggle	Zmień banitę
Options/Planet	Planeta
Options/PosSmooth	Wygładzanie ruchu
Options/PosSmoothDesc	Wygładzaj ruch postaci
Options/PushAnyKeyOrEsc	Naciśnij dowolny klawisz albo Esc, aby anulować
Options/Q0	Niska
Options/Q1	Średnia
Options/Q2	Wysoka
Options/Q3	Ultra
Options/Quality	Jakość
Options/Reload	Przeładuj
Options/Resolution	Rozdzielczość
Options/ResponseCurve	Krzywa reakcji
Options/Restart Required	Wymagany restart
Options/Revert	Domyślne
Options/RotSmooth	Wygładzanie kamery
Options/RotSmoothDesc	Wygładzaj ruch kamery
Options/ScrollEast	Przewiń na wschód
Options/ScrollNorth	Przewiń na północ
Options/ScrollSouth	Przewiń na południe
Options/ScrollWest	Przewiń na zachód
Options/Select	Wybierz
Options/Sensitivity	Czułość
Options/Showdown	Starcie
Options/Smoothing	Wygładzanie
Options/Sprint	Sprint
Options/StandardResponse	Standardowa
Options/Stunt	Popis
Options/Subtitles	Napisy
Options/Surround	Surround
Options/TV	Telewizor
Options/Toggle Aim	Przełączane celowanie
Options/Toggle Run	Przełączany bieg
Options/ToggleAimDesc	Przycisk celowania włącza i wyłącza celowanie
Options/ToggleRunDesc	Przełączanie biegu i chodu na klawiaturze
Options/ToolTips	Podpowiedzi
Options/Ultra	Ultra
Options/VerticalSensitivity	Czułość pionowa
Options/Very High	Bardzo wysoka
Options/Very Low	Bardzo niska
Options/Vibration	Wibracje
Options/Volume	Głośność
Options/Vsync	Synchronizacja pionowa
Options/Zoom	Celowanie
Options/ZoomSensitivity	Czułość przy celowaniu
TutorialBody/Backdoor	Furtki wypuszczają wrogów. Patrz i nasłuchuj, żeby je znaleźć i zamknąć.
TutorialBody/BillyStunt	Podczas popisu Billy błyskawicznie opróżnia i przeładowuje oba pistolety, zasypując wrogów gradem ołowiu. Najlepszy na duże grupy twardych przeciwników.
TutorialBody/BillyWeapon	Przy każdym strzale Billy szybko strzela z obu Bliźniaków po kolei. Przeładowuje je też razem.
TutorialBody/CasinoWeapon	Karta strzelby Casino daje losową premię, inną w każdym starciu.
TutorialBody/Decoy	Wabik Pajęczej Rosy ściąga ataki wrogów, chroniąc ją.
TutorialBody/DemoSwitching	Każdy banita ma własną broń, zdrowie i popis. Zmieniaj banitów, żeby dobrać najlepszego do przeciwnika!
TutorialBody/FletchStunt	Burza strzał wystrzeliwuje w każdego wroga śmiertelną samonaprowadzającą strzałę. Może wykończyć wszystkich naraz!
TutorialBody/FletchWeapon	Przytrzymaj strzał, by naciągnąć łuk, i puść, by wystrzelić. Strzała poleci za podświetlonym celem. 
TutorialBody/HopalongStunt	Trzask bicza Hopalonga ogłusza wszystkich wrogów.
TutorialBody/HopalongWeapon	Lasso Hopalonga chwyta i dusi pobliskich wrogów. Możliwe cele są podświetlone. Przytrzymaj strzał, by nie wypuścić ich z pętli.
TutorialBody/JudgeStunt	Popis Sędziego spowalnia czas i pozwala na precyzyjne strzały w punkty krytyczne.
TutorialBody/JudgeWeapon	Każde trafienie krytyczne buduje szafot na karabinie Wyrok. Po 3 trafieniach krytycznych następny strzał to natychmiastowa egzekucja. 
TutorialBody/KaboomStunt	Kaboom staje się niewidzialny i może zakraść się do wrogów.
TutorialBody/KaboomWeapon	Podpal i rzuć laskę bum. Celowanie zwiększa zasięg rzutu. Idealne na wrogów za osłoną albo tarczą.
TutorialBody/PreachStunt	Każde trafienie kulą podczas Potępienia leczy Kaznodzieję.
TutorialBody/PreachWeapon	Gatling Kaznodziei potrzebuje czasu, by się rozkręcić do pełnej szybkostrzelności. Zacznij strzelać, zanim wyjdziesz zza osłony.
TutorialBody/RawhideStunt	Zew natury przeciąga zwierza na twoją stronę. Najlepiej działa na grizzly!
TutorialBody/RawhideWeapon	Stary Wrzaskun wystrzeliwuje serię trzech strzałów dźwiękowych. Przebijają pola siłowe, takie jak na wrogich planetach, w światach Sierry czy u cykorów.
TutorialBody/RosaWeapon	Pistolety Rosy oplatają cel pajęczyną i spowalniają go. Czterema rękami może przeładowywać jeden, strzelając z drugiego.
TutorialBody/RoswellStunt	Wystrzeliwuje Roswella w powietrze z potężnym wybuchem. Przy każdym lądowaniu Roswell znów wystrzeliwuje. Wybuchy ogłuszają i ranią pobliskich wrogów.
TutorialBody/RoswellWeapon	Przytrzymaj, by strzelać seriami. Promień mezonowy nie wymaga przeładowania, ale się przegrzewa i Roswell musi odczekać, aż ostygnie.
TutorialBody/Roulette	Popis Ruletka od Casino zabija jednego losowego wroga.
TutorialBody/SargeStunt	Umocnienie chroni Sierżanta przed atakami z przodu. Odbija nawet pociski w strzelca!
TutorialBody/SargeWeapon	Karabin Sierżanta to świetna broń do wszystkiego: duży magazynek, celny ogień i dobre obrażenia.
TutorialBody/Shine	Zbieraj bimber, by zasilać popisy banitów. Każdy banita ma własny, wyjątkowy popis.
TutorialBody/SmokyStunt	Popis Smoky'ego podpala trzech pobliskich wrogów.
TutorialBody/SmokyWeapon	Smoky rzuca ogniem. Przytrzymaj, by strzelać seriami. Celowanie zwiększa zasięg kul ognia.
TutorialBody/SpikeStunt	Popis Spike'a przejmuje trzy najbliższe lufy albo skrzynki-pułapki.
TutorialBody/SpikeWeapon	Spike rzuca cichymi nożami, które zawsze trafiają krytycznie. Po zabójstwie staje się niewidzialny na pięć sekund. Wykorzystaj ten czas, by zmienić pozycję albo zabić więcej!
TutorialTitle/Backdoor	Furtki
TutorialTitle/BillyStunt	Ogień wachlarzowy
TutorialTitle/BillyWeapon	Bliźniaki
TutorialTitle/CasinoWeapon	Kicker
TutorialTitle/Decoy	Wabik
TutorialTitle/DemoSwitching	Zmiana banitów
TutorialTitle/FletchStunt	Burza strzał
TutorialTitle/FletchWeapon	Tempus Fugit
TutorialTitle/HopalongStunt	Trzask bicza
TutorialTitle/HopalongWeapon	Laserowe lasso
TutorialTitle/JudgeStunt	Czas sądu
TutorialTitle/JudgeWeapon	Wyrok .50
TutorialTitle/KaboomStunt	Postać mgły
TutorialTitle/KaboomWeapon	Laski bum
TutorialTitle/PreachStunt	Potępienie
TutorialTitle/PreachWeapon	Kazanie .58
TutorialTitle/RawhideStunt	Zew natury
TutorialTitle/RawhideWeapon	Stary Wrzaskun
TutorialTitle/RosaWeapon	Calaveras
TutorialTitle/RoswellStunt	Odpalenie
TutorialTitle/RoswellWeapon	Promień mezonowy
TutorialTitle/Roulette	Ruletka
TutorialTitle/SargeStunt	Umocnienie
TutorialTitle/SargeWeapon	Emeryt 10 mm
TutorialTitle/Shine	Bimber
TutorialTitle/SmokyStunt	Grillowanie
TutorialTitle/SmokyWeapon	Sos do skórowania
TutorialTitle/SpikeStunt	Hakowanie ochrony
TutorialTitle/SpikeWeapon	Otwieracz do ludzi
UIMG/Back	Wstecz
UIMG/Campaign	Fabularna
UIMG/CampaignDesc	Kolejność banitów wyznacza fabuła
UIMG/Challenge	Wyzwanie
UIMG/ChallengeUnlock	Ukończ kampanię, by odblokować wyzwania
UIMG/ChallengesTitle	Wyzwania
UIMG/ConfirmGraphicsApply1	Potwierdź nowe ustawienia grafiki. Przywrócenie za: 1
UIMG/ConfirmGraphicsApply2	Potwierdź nowe ustawienia grafiki. Przywrócenie za: 2
UIMG/ConfirmGraphicsApply3	Potwierdź nowe ustawienia grafiki. Przywrócenie za: 3
UIMG/ConfirmGraphicsApply4	Potwierdź nowe ustawienia grafiki. Przywrócenie za: 4
UIMG/ConfirmGraphicsApply5	Potwierdź nowe ustawienia grafiki. Przywrócenie za: 5
UIMG/ConfirmNewChallenge	Rozpocząć nowe wyzwanie i porzucić obecny postęp?
UIMG/ConfirmNewGame	Rozpocząć nową grę i porzucić obecny postęp?
UIMG/Confirmation	Potwierdź
UIMG/ContinuePlanet	Kontynuuj
UIMG/Demo	Demo
UIMG/Difficulty	Wybierz poziom trudności
UIMG/Done	Gotowe
UIMG/Easy	Łatwy
UIMG/Hard	Trudny
UIMG/Injured	Ranny!
UIMG/InjuredFem	Ranna!
UIMG/Ironman	Tryb ironman
UIMG/IronmanOff	Wył.
UIMG/IronmanOffDesc	Gdy cała banda jest ranna, cofnij się warpem na początek sektora 
UIMG/IronmanOn	Wł.
UIMG/IronmanOnDesc	Gra kończy się, gdy cała banda jest ranna
UIMG/Language	Język
UIMG/MainMenu	Menu główne
UIMG/Mode	Tryb kampanii
UIMG/ModeUnlocked	Odblokowano tryb kampanii proceduralnej.
UIMG/NewCampaign	Nowa kampania
UIMG/NewChallenge	Nowe wyzwanie
UIMG/Next	Dalej
UIMG/Normal	Normalny
UIMG/OK	OK
UIMG/Off	Wył.
UIMG/On	Wł.
UIMG/Options	Opcje
UIMG/Previous	Wstecz
UIMG/QuitGame	Wyjdź z gry
UIMG/RandomCampaign	Proceduralna
UIMG/RandomCampaignDesc	Bez fabuły\nKolejność banitów jest losowa
UIMG/Skip	Pomiń
UIMG/Start	Start
UIMG/SuperIronman	Super
UIMG/SuperIronmanDesc	Gra kończy się, gdy cała banda jest ranna\nBanici nie leczą ran podczas warpów
UIMG/Tutorial	Samouczek
UIMG/TutorialDesc	Pomaga nauczyć się gry
UIMG/VeryEasy	Bardzo łatwy
UIMG/VeryHard	Bardzo trudny
UIEM/Quit	Wyjdź z gry
UIEM/Options	Opcje
UIPM/Continue	Kontynuuj
AI/AI Armadillo	Pancernik
AI/AI Assassin	Zabójca
AI/AI Assassin L2	Regenerujący się zabójca
AI/AI Balloon	Duch
AI/AI Balloon L2	Zawzięty duch
AI/AI BalloonBomber	Grabarz
AI/AI BalloonBomber L2	Płodny grabarz
AI/AI Bear	Grizzly
AI/AI Bear L2	Drażliwy grizzly
AI/AI Bushwhacker	Czatownik
AI/AI Bushwhacker L2	Cichy czatownik
AI/AI Bushwhacker L3	Podstępny czatownik
AI/AI Grenadier	Wysadzacz
AI/AI Grenadier L2	Kasetowy wysadzacz
AI/AI Grenadier L3	Atomowy wysadzacz
AI/AI Guard	Rewolwerowiec
AI/AI Gunhand	Rewolwerowiec
AI/AI Gunhand L2	Wyszkolony rewolwerowiec
AI/AI Gunhand L3	Zaprawiony rewolwerowiec
AI/AI Ironclad	Żelaźniak
AI/AI Ironclad L2	Rakietowy żelaźniak
AI/AI MachineGunner	Korbiarz
AI/AI MachineGunner L2	Ciężki korbiarz
AI/AI Marksman	Łowca
AI/AI Marksman L2	Zabójczy łowca
AI/AI Marksman L3	Skryty łowca
AI/AI Marshal	McNeil
AI/AI Marshal L2	Francisco
AI/AI Marshal L3	Barrabas
AI/AI Marshal L4	Jebediah Chaste
AI/AI Porcupine	Jeżozwierz
AI/AI Porcupine L2	Mściwy jeżozwierz
AI/AI Robot	Skrzynka-pułapka
AI/AI Robot L2	Ruchoma skrzynka-pułapka
AI/AI Scorpion	Żądłak
AI/AI Scorpion L2	Nieuchronny żądłak
AI/AI Servant	Parobek
AI/AI ShieldBearer	Cykor
AI/AI ShieldBearer L2	Umocniony cykor
AI/AI Snake	Grzechotnik
AI/AI Snake L2	Grzechotnik wodny
AI/AI Turret	Lufa
AI/AI Turret L2	Lufa powtarzalna
AI/AI Turret L3	Opancerzona lufa
AI/AI Wolf	Kojot
AI/AI Wolf L2	Niestabilny kojot
AI/AI Wolf L3	Opancerzony kojot
AI/AI Wolf L4	Nieustępliwy kojot
AI/Unknown	Nieznany
AIDesc/AI Assassin	Jednym z niewielu sposobów na tych zabójców jest dopaść ich w trakcie teleportacji.
AIDesc/AI Assassin L2	Zabijaj tę elitę szybko, zanim zdąży się zregenerować.
AIDesc/AI BalloonBomber	Szybko wytrop tych okultystów, zanim przywołają więcej duchów.
AIDesc/AI BalloonBomber L2	Ich mnożące się duchy sprzątniesz bronią szybkostrzelną albo wybuchową.
AIDesc/AI BalloonBomber L3	Płochliwi grabarze to weterani, którzy nauczyli się co jakiś czas zmieniać pozycję, żeby nikt ich nie wytropił po duchach. 
AIDesc/AI Bear	Walcz z daleka, żeby mieć czas na unik przed ich wybuchowymi pociskami z cramm.
AIDesc/AI Bear L2	Rozwścieczonym schodź z drogi. Szał mija po 5 sekundach.
AIDesc/AI Bushwhacker	Idź ostrożnie i nasłuchuj wizgu ich strzelb.
AIDesc/AI Bushwhacker L2	Nadstaw uszu, żeby usłyszeć ich wytłumioną broń.
AIDesc/AI Bushwhacker L3	Ścigaj ich ostrożnie, żeby nie wejść na minę.
AIDesc/AI Grenadier	Bądź gotów się ruszyć, gdy ich dynamit spadnie w pobliżu.
AIDesc/AI Grenadier L2	Podejdź blisko, żeby zdjąć im kamuflaż. Od ich dynamitu trzymaj się dalej niż zwykle, bo rozrzuca bomby.
AIDesc/AI Grenadier L3	Nie wchodź w promieniowanie, zanim się nie rozwieje, i nie licz, że osłoni cię pancerz.
AIDesc/AI Gunhand	Najemni strzelcy, których spotkasz prawie wszędzie. Doskonale trzymają parobków w ryzach, ale doświadczonemu banicie nie dorównują. 
AIDesc/AI Gunhand L2	Twardsi i groźniejsi. Po odrobinie szkolenia myślą, że są panami na grzędzie.
AIDesc/AI Gunhand L3	Brutalni weterani, którym się zdaje, że pancerz zapewni im bezpieczeństwo. Broń szybkostrzelna wyprowadzi ich z błędu.
AIDesc/AI Gunhand L4	Sprytni rewolwerowcy to najwyższy poziom tego wroga. Są groźniejsi i twardsi od słabszych kolegów, a do tego po prostu bystrzejsi.\n\nSprytni rewolwerowcy zwracają uwagę na strzały banitów i chowają głowy, gdy ktoś do nich strzela. Nie wyskoczą wprost pod grad kul – trzeba przerwać ogień i podstępem zmusić ich do wychylenia się. To mocno utrudnia Kaznodziei walkę z nimi.\n\nDo tego sprytni rewolwerowcy reagują na granaty i inne ładunki wybuchowe i uciekają przed nimi. Kaboomowi i paru innym banitom mocno to utrudnia życie, ale pozwala też wykurzać ich materiałami wybuchowymi zza osłon. Bądź wtedy gotów przełączyć się na innego banitę (najlepiej strzelającego na wprost) i dorwać ich w biegu.
AIDesc/AI Ironclad	Trzymaj się z daleka od tych osiłków i szatkuj im pancerz bronią szybkostrzelną.
AIDesc/AI Ironclad L2	Na dystans uważaj na ich rakiety.
AIDesc/AI MachineGunner	Nasłuchuj, jak rozkręcają broń, i kryj się, dopóki nie opróżnią magazynka.
AIDesc/AI MachineGunner L2	Przed ich wybuchową amunicją chroni tylko solidna osłona.
AIDesc/AI MachineGunner L3	Nocni korbiarze to specjaliści wyszkoleni – co za niespodzianka – do akcji nocnych. Dzięki goglom termowizyjnym są po zmroku groźnymi przeciwnikami. W miarę możliwości walcz z nimi za dnia.
AIDesc/AI Marksman	Zostań w osłonie albo ruszaj się, gdy przeładowują, żeby podejść bliżej tych groźnych łowców zwierzyny.
AIDesc/AI Marksman L2	Staraj się nie dać tym zabójcom złapać na otwartym terenie.
AIDesc/AI Marksman L3	Pod silnym ostrzałem ostrożnie trzymają się osłon. W ostateczności uciekają pod osłoną dymu.
AIDesc/AI Marshal	Młody McNeil to niedoświadczony podlec, który chce się wykazać przed ojcem. 
AIDesc/AI Marshal L2	Francisco jest ostrożniejsza, sprytniejsza i twardsza od młodszego brata.
AIDesc/AI Marshal L3	Barrabas to brutal z bezwzględnie skutecznym laserowym wizjerem dużej mocy.
AIDesc/AI Porcupine	Walcz z dystansu, żeby móc unikać kolców, albo użyj materiałów wybuchowych, żeby w ogóle ich nie wypuścić. Trafienia krytyczne nie wyzwalają kolców.
AIDesc/AI Porcupine L2	Ich szybkich kolców unikniesz tylko z dobrym refleksem.
AIDesc/AI Robot	Nie trać czasu na ostrzał, dopóki nie wysuną broni i nie odsłonią środkowej części.
AIDesc/AI Robot L2	Uważaj, te ruchome modele będą cię ścigać.
AIDesc/AI Scorpion	Są małe i trudno w nie trafić – próbuj dopaść je, gdy przebiegają między osłonami. Trucizna zadaje obrażenia z czasem, ale nie wtedy, gdy banita jest wymieniony.
AIDesc/AI Scorpion L2	Przed ich naprowadzanymi strzałami potrzebujesz dobrej osłony.
AIDesc/AI ShieldBearer	Ich tarcza z pola siłowego chroni przed wszystkim poza strzałami dźwiękowymi. Najlepiej zajść ich z flanki albo przerzucić nad tarczą dynamit.
AIDesc/AI ShieldBearer L2	Ich broń dźwiękowa jest tak silna, że odpycha przeciwników, przez co trudniej ich oflankować.
AIDesc/AI ShieldBearer L3	Trzylufowe cykory noszą budzący grozę potrójny uszorwacz. Tę potężną broń opracowano do walk na światach Sierry: przebija pola siłowe i odbiera osłonę wrogom, którzy chowają się za tamtejszymi drzewami z pola siłowego. To, że cykory zaczęły potem strzelać z niej, kryjąc się za tarczami, okazało się dla Karzycieli zbawienne.\n\nPotrójny uszorwacz wystrzeliwuje naraz trzy pociski. Jest nieco mniej celny od jednolufowego poprzednika, ale nadrabia to ilością. \n\nWarto wiedzieć, że pociski dźwiękowe potrójnego uszorwacza są wolniejsze od zwykłych, więc szybcy banici z dobrym refleksem mogą ich uniknąć albo zdążyć się ukryć.\n\nTrzylufowe cykory są też lepiej wyszkolone, więc wyłączają tarcze i zmieniają pozycję niemal bez zwłoki.
AIDesc/AI Snake	Nasłuchuj, jak się zakopują, i wypatruj bryzgów ziemi, gdy wyłażą. Trucizna zadaje obrażenia z czasem, ale nie wtedy, gdy banita jest wymieniony.
AIDesc/AI Snake L2	W wodzie są u siebie, ale groźne są wszędzie.
AIDesc/AI Snake L3	Jadowity grzechotnik wodny przystosował się do życia w toksycznej, skażonej cramm wodzie ze światów bagiennych, a w mniejszych ilościach także z paru innych planet. Jeśli zakładasz, że nie wyskoczy z jeziora albo strumienia, czeka cię przykra niespodzianka.\n\nPrzez to przystosowanie grzechotnik wodny stał się jednak podatny na ogień.
AIDesc/AI Turret	Nieruchoma konstrukcja obronna. Jeśli ją rozpoznasz, zniszcz ją z daleka.
AIDesc/AI Turret L2	Te powtarzalne modele strzegą cennych miejsc i są zabójcze.
AIDesc/AI Turret L3	Z dodatkowym pancerzem tych luf najlepiej unikać.
AIDesc/AI Wolf	Pilnuj flanek i bądź gotów sprzątnąć te tchórzliwe szuje, gdy idą za przywódcą.
AIDesc/AI Wolf L2	Wybuchowa obroża odpada po śmierci.
AIDesc/AI Wolf L3	Nawet trochę pancerza robi z tych zwierzaków spore zagrożenie.
AIDescItem/AI Assassin 1	Teleportuje się
AIDescItem/AI Assassin 2	Seria dwóch strzałów
AIDescItem/AI Assassin L2 1	Regeneruje się
AIDescItem/AI Assassin L2 2	Seria czterech strzałów
AIDescItem/AI BalloonBomber 1	Przywołuje mściwe duchy
AIDescItem/AI BalloonBomber 2	Duchy ścigają i wybuchają
AIDescItem/AI BalloonBomber 3	Ucieka przed flankowaniem
AIDescItem/AI BalloonBomber L2 1	Zniszczone duchy się dzielą
AIDescItem/AI Bear 1	Wolne, wybuchowe strzały
AIDescItem/AI Bear 2	Twardy
AIDescItem/AI Bear L2 1	Ranny wpada w szał
AIDescItem/AI Bushwhacker 1	Zasadzka z bliska
AIDescItem/AI Bushwhacker 2	Słyszalna broń
AIDescItem/AI Bushwhacker 3	Ucieka przed flankowaniem
AIDescItem/AI Bushwhacker L2 1	Wytłumiona broń
AIDescItem/AI Bushwhacker L2 2	Szybsza reakcja
AIDescItem/AI Bushwhacker L3 1	Rozstawia miny
AIDescItem/AI Bushwhacker L3 2	Ucieka przed granatami
AIDescItem/AI Grenadier 1	Rzuca zza osłony
AIDescItem/AI Grenadier 2	Dynamit leci łukiem
AIDescItem/AI Grenadier 3	Ucieka przed flankowaniem
AIDescItem/AI Grenadier L2 1	Dynamit kasetowy
AIDescItem/AI Grenadier L2 2	Płaszcz maskujący
AIDescItem/AI Grenadier L3 1	Radioaktywny dynamit
AIDescItem/AI Grenadier L3 2	Obrażenia omijają osłonę
AIDescItem/AI Grenadier L3 3	Obrażenia omijają pancerz
AIDescItem/AI Gunhand 1	Wychyla się zza osłony
AIDescItem/AI Gunhand 2	Nie walczy na dystans
AIDescItem/AI Gunhand L2 1	Seria dwóch strzałów
AIDescItem/AI Gunhand L2 2	Czasem wychyla się bez strzału
AIDescItem/AI Gunhand L3 1	Opancerzony
AIDescItem/AI Gunhand L3 2	Przenosi się za inną osłonę
AIDescItem/AI Ironclad 1	Ciężki pancerz
AIDescItem/AI Ironclad 2	Bardzo szybki ogień
AIDescItem/AI Ironclad 3	Krótki zasięg
AIDescItem/AI Ironclad L2 1	Dodatkowa wyrzutnia rakiet
AIDescItem/AI MachineGunner 1	Szybki ogień
AIDescItem/AI MachineGunner 2	Opróżnia magazynek
AIDescItem/AI MachineGunner L2 1	Wybuchowe kule
AIDescItem/AI MachineGunner L2 2	Opancerzony
AIDescItem/AI Marksman 1	Bardzo celny
AIDescItem/AI Marksman 2	Wolno strzela
AIDescItem/AI Marksman 3	Ucieka przed walką z bliska
AIDescItem/AI Marksman L2 1	Szybciej przeładowuje
AIDescItem/AI Marksman L2 2	Przenosi się za inną osłonę
AIDescItem/AI Marksman L3 1	Bomba dymna
AIDescItem/AI Marksman L3 2	Da się przygwoździć ogniem
AIDescItem/AI Marshal 1	Szybko jeździ wierzchem
AIDescItem/AI Marshal 2	Naprowadzane strzały
AIDescItem/AI Marshal 3	Co jakiś czas strzela serią
AIDescItem/AI Marshal 4	Ogłuszony po serii
AIDescItem/AI Marshal L2 1	Opancerzona
AIDescItem/AI Marshal L3 1	Wybuchowe naprowadzane strzały
AIDescItem/AI Porcupine 1	Trafiony wypuszcza naprowadzane kolce
AIDescItem/AI Porcupine 2	Krytyki nie wyzwalają kolców
AIDescItem/AI Porcupine 3	Wolny, słaby strzał
AIDescItem/AI Porcupine L2 1	Szybsze, groźniejsze kolce
AIDescItem/AI Robot 1	Zamknięta jest nietykalna
AIDescItem/AI Robot 2	Słaby punkt pośrodku
AIDescItem/AI Robot L2 1	Może się przemieścić
AIDescItem/AI Scorpion 1	Trujący strzał
AIDescItem/AI Scorpion 2	Mały i nieuchwytny
AIDescItem/AI Scorpion 3	Strzela ogonem zza osłony
AIDescItem/AI Scorpion L2 1	Naprowadzany strzał
AIDescItem/AI Scorpion L2 2	Opancerzony
AIDescItem/AI ShieldBearer 1	Tarcza z pola siłowego
AIDescItem/AI ShieldBearer 2	Strzał dźwiękowy przebija pancerz i pola siłowe
AIDescItem/AI ShieldBearer 3	Ucieka przed flankowaniem
AIDescItem/AI ShieldBearer L2 1	Szybszy ogień
AIDescItem/AI ShieldBearer L2 2	Strzał odrzucający
AIDescItem/AI Snake 1	Trujący strzał
AIDescItem/AI Snake 2	Zakopuje się
AIDescItem/AI Snake 3	Hałasuje, gdy wyłazi
AIDescItem/AI Snake L2 1	Atak serią
AIDescItem/AI Snake L2 2	Szybciej się zakopuje
AIDescItem/AI Snake L2 3	Odporny na truciznę
AIDescItem/AI Turret 1	Wygląda jak beczka
AIDescItem/AI Turret 2	Otwiera się do walki
AIDescItem/AI Turret L2 1	Seria trzech strzałów
AIDescItem/AI Turret L3 1	Opancerzona
AIDescItem/AI Wolf 1	Strzał dźwiękowy przebija pancerz i pola siłowe
AIDescItem/AI Wolf 2	Atakuje z flanki
AIDescItem/AI Wolf 3	Działa w sforze
AIDescItem/AI Wolf L2 1	Niestabilny: po śmierci zostawia bombę
AIDescItem/AI Wolf L3 1	Opancerzony
AIMany/AI Armadillo	Pancerniki
AIMany/AI Assassin	Zabójcy
AIMany/AI Assassin L2	Regenerujący się zabójcy
AIMany/AI Balloon	Duchy
AIMany/AI Balloon L2	Zawzięte duchy
AIMany/AI BalloonBomber	Grabarze
AIMany/AI BalloonBomber L2	Płodni grabarze
AIMany/AI Bear	Grizzly
AIMany/AI Bear L2	Drażliwe grizzly
AIMany/AI Bushwhacker	Czatownicy
AIMany/AI Bushwhacker L2	Cisi czatownicy
AIMany/AI Bushwhacker L3	Podstępni czatownicy
AIMany/AI Grenadier	Wysadzacze
AIMany/AI Grenadier L2	Kasetowi wysadzacze
AIMany/AI Grenadier L3	Atomowi wysadzacze
AIMany/AI Guard	Rewolwerowcy
AIMany/AI Gunhand	Rewolwerowcy
AIMany/AI Gunhand L2	Wyszkoleni rewolwerowcy
AIMany/AI Gunhand L3	Zaprawieni rewolwerowcy
AIMany/AI Ironclad	Żelaźniaki
AIMany/AI Ironclad L2	Rakietowe żelaźniaki
AIMany/AI MachineGunner	Korbiarze
AIMany/AI MachineGunner L2	Ciężcy korbiarze
AIMany/AI Marksman	Łowcy
AIMany/AI Marksman L2	Zabójczy łowcy
AIMany/AI Marksman L3	Skryci łowcy
AIMany/AI Marshal	McNeil
AIMany/AI Marshal L2	Francisco
AIMany/AI Marshal L3	Barrabas
AIMany/AI Porcupine	Jeżozwierze
AIMany/AI Porcupine L2	Mściwe jeżozwierze
AIMany/AI Robot	Skrzynki-pułapki
AIMany/AI Robot L2	Ruchome skrzynki-pułapki
AIMany/AI Scorpion	Żądłaki
AIMany/AI Scorpion L2	Nieuchronne żądłaki
AIMany/AI Servant	Parobkowie
AIMany/AI ShieldBearer	Cykory
AIMany/AI ShieldBearer L2	Umocnione cykory
AIMany/AI Snake	Grzechotniki
AIMany/AI Snake L2	Grzechotniki wodne
AIMany/AI Turret	Lufy
AIMany/AI Turret L2	Lufy powtarzalne
AIMany/AI Turret L3	Opancerzone lufy
AIMany/AI Wolf	Kojoty
AIMany/AI Wolf L2	Niestabilne kojoty
AIMany/AI Wolf L3	Opancerzone kojoty
AIMany/Unknown	Nieznani
AIShortDesc/Assassin	Teleportujący się zabójca
AIShortDesc/Assassin L2	Trudny do zabicia
AIShortDesc/BalloonBomber	Okultysta
AIShortDesc/BalloonBomber L2	Dzielące się duchy
AIShortDesc/Bear	Bestia z ostrzałem
AIShortDesc/Bear L2	Ranny wpada w szał
AIShortDesc/Bushwhacker	Strzelba z zasadzki
AIShortDesc/Bushwhacker L2	Cicha zasadzka
AIShortDesc/Bushwhacker L3	Rozstawia miny
AIShortDesc/Grenadier	Miotacz dynamitu
AIShortDesc/Grenadier L2	Wiele wybuchów
AIShortDesc/Grenadier L3	Radioaktywny dynamit
AIShortDesc/Gunhand	Taktyczny strzelec
AIShortDesc/Gunhand L2	Seria dwóch strzałów
AIShortDesc/Gunhand L3	Opancerzony zbir
AIShortDesc/Ironclad	Opancerzony osiłek
AIShortDesc/Ironclad L2	Strzela rakietami
AIShortDesc/MachineGunner	Strzelec seriami
AIShortDesc/MachineGunner L2	Wybuchowe kule
AIShortDesc/Marksman	Czujny strzelec
AIShortDesc/Marksman L2	Szybki ogień
AIShortDesc/Marksman L3	Bomba dymna
AIShortDesc/Porcupine	Kolczasty odwet
AIShortDesc/Porcupine L2	Szybkie kolce
AIShortDesc/Robot	Nietykalna, gdy nieaktywna
AIShortDesc/Robot L2	Ruchomy wartownik
AIShortDesc/Scorpion	Trujący drobiazg
AIShortDesc/Scorpion L2	Naprowadzane strzały
AIShortDesc/ShieldBearer	Tchórz z tarczą
AIShortDesc/ShieldBearer L2	Większa tarcza
AIShortDesc/Snake	Trujący kopacz
AIShortDesc/Snake L2	Ogień seriami
AIShortDesc/Turret	Groźna beczka
AIShortDesc/Turret L2	Ogień seriami
AIShortDesc/Turret L3	Opancerzona beczka
AIShortDesc/Wolf	Atakuje z flanki w stadzie
AIShortDesc/Wolf L2	Wybuchowa obroża
AIShortDesc/Wolf L3	Opancerzony szkodnik
Behavior/Activate	Aktywacja
Behavior/AimWhileMoving	Celuje
Behavior/Deactivate	Dezaktywacja
Behavior/DirectAttack	Atakuje
Behavior/Enrage	Aktywacja
Behavior/FleeAfterAttacking	Wycofuje się
Behavior/Follow	Ściga
Behavior/FollowLOFIfEnraged	Flankuje
Behavior/JumpOutAndShoot	Atakuje
Behavior/LongShoot	Atakuje
Behavior/Missing	Nieznane
Behavior/MoveRandomly	Kręci się
Behavior/None	Bezczynny
Behavior/PokeOutAndShoot	Atakuje
Behavior/PopUpAndShoot	Atakuje
Behavior/RepoFollowPlayer	Flankuje
Behavior/RepoIfHurt	Wycofuje się
Behavior/RepoIfSpotted	Kryje się
Behavior/RepoIfTooClose	Cofa się
Behavior/RepoOnGrenade	Zmyka
Behavior/RepoOnLightning	Zmyka
Behavior/RepoStandard	Kryje się
Behavior/RobotAttack	Atakuje
Behavior/RobotFollow	Ściga
Behavior/RobotIdle	Bezczynny
Behavior/SecondaryShoot	Atakuje
Behavior/Shoot	Atakuje
Behavior/ShootBurst	Atakuje
Behavior/SlideOutAndShoot	Atakuje
Behavior/SpinUpAndShoot	Atakuje
Behavior/TurretAim	Celuje
Behavior/TurretAttack	Atakuje
Behavior/Wander	Kręci się
State/ArmorPickups	Zrzut pancerza
State/BearAlly	Oswojone grizzly
State/GuardsAtChow	Pora żarcia
State/GunhandAlly	Najęci rewolwerowcy
State/HealthPickups	Zrzut apteczek
State/InvulnerabilityPickups	Zrzut nietykalności
State/IroncladAlly	Najęte żelaźniaki
State/MachineGunnerAlly	Najęci korbiarze
State/NoArmor	Bez pancerza
State/OneHealth	Jeden punkt zdrowia
State/PowerOff	Brak zasilania
State/RagePickups	Zrzut szału
State/Reinforced	Posiłki
State/Rifts	Furtki
State/ShinePickups	Zrzut bimbru
State/Storms	Burze
State/Subverted	Pod kontrolą umysłu
State/Trampled	Stratowani
State/TurretAlly	Sojusznicze lufy
State/WolfAlly	Oswojone kojoty
Crit/AI Assassin	Głowa
Crit/AI Assassin L2	Głowa
Crit/AI Balloon	Brak
Crit/AI Balloon L2	Brak
Crit/AI BalloonBomber	Głowa
Crit/AI BalloonBomber L2	Głowa
Crit/AI Bear	Pysk
Crit/AI Bear L2	Pysk
Crit/AI Bushwhacker	Głowa
Crit/AI Bushwhacker L2	Głowa
Crit/AI Bushwhacker L3	Głowa
Crit/AI Grenadier	Głowa
Crit/AI Grenadier L2	Głowa
Crit/AI Grenadier L3	Głowa
Crit/AI Gunhand	Głowa
Crit/AI Gunhand L2	Głowa
Crit/AI Gunhand L3	Głowa
Crit/AI Ironclad	Wizjer
Crit/AI Ironclad L2	Wizjer
Crit/AI MachineGunner	Głowa
Crit/AI MachineGunner L2	Głowa
Crit/AI Marksman	Głowa
Crit/AI Marksman L2	Głowa
Crit/AI Marksman L3	Głowa
Crit/AI Marshal	Wizjer
Crit/AI Marshal L2	Wizjer
Crit/AI Marshal L3	Wizjer
Crit/AI Porcupine	Pysk
Crit/AI Porcupine L2	Pysk
Crit/AI Robot	Brak
Crit/AI Robot L2	Brak
Crit/AI Scorpion	Pysk
Crit/AI Scorpion L2	Pysk
Crit/AI ShieldBearer	Głowa
Crit/AI ShieldBearer L2	Głowa
Crit/AI Snake	Pysk
Crit/AI Snake L2	Pysk
Crit/AI Turret	Brak
Crit/AI Turret L2	Brak
Crit/AI Turret L3	Brak
Crit/AI Wolf	Pysk
Crit/AI Wolf L2	Pysk
Crit/AI Wolf L3	Brak
DamageType/Acid	Kwas
DamageType/Bullet	Pocisk
DamageType/Explosion	Wybuch
DamageType/Falling	Upadek
DamageType/Fire	Ogień
DamageType/Laser	Laser
DamageType/PlayerExplosion	Wybuch
DamageType/Poison	Trucizna
DamageType/Proton	Proton
DamageType/Radiation	Promieniowanie
DamageType/Sonic	Dźwięk
DamageType/Storm	Burza
DamageType/Strangle	Duszenie
Weapon/Bow	Łuk
Weapon/Charge	Działko ładowane
Weapon/DualPistol	Dwa pistolety
Weapon/Flamethrower	Miotacz ognia
Weapon/Gatling	Gatling
Weapon/Grenade	Dynamit
Weapon/Knife	Nóż
Weapon/Lasso	Lasso
Weapon/Pistol	Pistolet
Weapon/Rifle	Karabin
Weapon/Shotgun	Strzelba
Weapon/Sniper	Karabin snajperski
Weapon/SonicRifle	Karabin dźwiękowy
WeaponAccuracy/Assassin	Niska
WeaponAccuracy/Astronaut	Średnia
WeaponAccuracy/BalloonBomber	Naprowadzana
WeaponAccuracy/Bear	Średnia
WeaponAccuracy/Billy	Niska
WeaponAccuracy/Bushwhacker	Niska
WeaponAccuracy/Cuffs	Średnia
WeaponAccuracy/Fletch	Naprowadzana
WeaponAccuracy/Gambler	Bardzo niska
WeaponAccuracy/Grenadier	n/d
WeaponAccuracy/Gunhand	Niska
WeaponAccuracy/Hopalong	n/d
WeaponAccuracy/Ironclad	Niska
WeaponAccuracy/Judge	Bardzo wysoka
WeaponAccuracy/Legs	Niska
WeaponAccuracy/MachineGunner	Wysoka
WeaponAccuracy/MamaPanic	Niska
WeaponAccuracy/Marksman	Wysoka
WeaponAccuracy/Marshal	Średnia
WeaponAccuracy/MistMiner	n/d
WeaponAccuracy/Porcupine	Wysoka
WeaponAccuracy/Preach	Niska
WeaponAccuracy/Radium	n/d
WeaponAccuracy/Rawhide	Wysoka
WeaponAccuracy/Robot	Wysoka
WeaponAccuracy/Sarge	Wysoka
WeaponAccuracy/Scorpion	Naprowadzana
WeaponAccuracy/ShieldBearer	Średnia
WeaponAccuracy/Smoky	n/d
WeaponAccuracy/Snake	Wysoka
WeaponAccuracy/Spike	Wysoka
WeaponAccuracy/Turret	Niska
WeaponAccuracy/Wolf	Niska
WeaponDesc/AI Assassin	Pistolet średniego zasięgu – seria dwóch strzałów
WeaponDesc/AI Assassin L2	Pistolet średniego zasięgu – seria czterech strzałów
WeaponDesc/AI BalloonBomber	Przywołuje wybuchowe duchy z zaświatów
WeaponDesc/AI BalloonBomber L2	Przywołuje wybuchowe duchy z zaświatów
WeaponDesc/AI BalloonBomber L3	Brak
WeaponDesc/AI Bear	Wybuchowa rakieta
WeaponDesc/AI Bear L2	Wybuchowa rakieta
WeaponDesc/AI Bushwhacker	Strzelba ładowana krótkiego zasięgu, strzela seriami
WeaponDesc/AI Bushwhacker L2	Wytłumiona strzelba ładowana krótkiego zasięgu, strzela seriami
WeaponDesc/AI Bushwhacker L3	Wytłumiona strzelba ładowana krótkiego zasięgu, strzela seriami
WeaponDesc/AI Grenadier	Rzucany ładunek o dużym promieniu wybuchu
WeaponDesc/AI Grenadier L2	Rzucany ładunek, który rozrzuca dodatkowe bomby
WeaponDesc/AI Grenadier L3	Rzucany ładunek, który zostawia trwałe skażenie promieniotwórcze
WeaponDesc/AI Gunhand	Pistolet średniego zasięgu. 
WeaponDesc/AI Gunhand L2	Pistolet średniego zasięgu – seria dwóch strzałów
WeaponDesc/AI Gunhand L3	Pistolet średniego zasięgu – seria dwóch strzałów
WeaponDesc/AI Gunhand L4	Pistolet średniego zasięgu – seria dwóch strzałów
WeaponDesc/AI Ironclad	Szybkostrzelny gatling krótkiego zasięgu
WeaponDesc/AI Ironclad L2	Gatling z dodatkową wyrzutnią rakiet
WeaponDesc/AI MachineGunner	Gatling krótkiego zasięgu, strzela seriami
WeaponDesc/AI MachineGunner L2	Gatling krótkiego zasięgu z wybuchową amunicją, strzela seriami
WeaponDesc/AI MachineGunner L3	Brak
WeaponDesc/AI Marksman	Bardzo celny karabin jednostrzałowy
WeaponDesc/AI Marksman L2	Szybko ładowany karabin jednostrzałowy
WeaponDesc/AI Marksman L3	Szybko ładowany karabin jednostrzałowy
WeaponDesc/AI Marshal	Naprowadzany laser średniego zasięgu, seria trzech strzałów
WeaponDesc/AI Marshal L2	Naprowadzany laser średniego zasięgu, seria trzech strzałów
WeaponDesc/AI Marshal L3	Naprowadzane pociski wybuchowe
WeaponDesc/AI Porcupine	Wolny trujący glut
WeaponDesc/AI Porcupine L2	Wolny trujący glut
WeaponDesc/AI Robot	Szybki laser
WeaponDesc/AI Robot L2	Szybki laser
WeaponDesc/AI Scorpion	Trująca seria trzech glutów
WeaponDesc/AI Scorpion L2	Naprowadzana trująca seria
WeaponDesc/AI ShieldBearer	Pistolet dźwiękowy średniego zasięgu
WeaponDesc/AI ShieldBearer L2	Ogłuszający pistolet dźwiękowy średniego zasięgu
WeaponDesc/AI ShieldBearer L3	Ogłuszający pistolet dźwiękowy średniego zasięgu, strzela seriami
WeaponDesc/AI Snake	Wolny trujący glut
WeaponDesc/AI Snake L2	Szybki trujący glut
WeaponDesc/AI Snake L3	Szybki trujący glut
WeaponDesc/AI Turret	Szybki laser
WeaponDesc/AI Turret L2	Szybkostrzelny laser
WeaponDesc/AI Turret L3	Szybkostrzelny laser
WeaponDesc/AI Wolf	Fala dźwiękowa krótkiego zasięgu
WeaponDesc/AI Wolf L2	Fala dźwiękowa krótkiego zasięgu
WeaponDesc/AI Wolf L3	Fala dźwiękowa krótkiego zasięgu
WeaponDesc/AI Wolf L4	Fala dźwiękowa krótkiego zasięgu
WeaponDesc/Astronaut	Szybkostrzelny pistolet energetyczny, który nie wymaga przeładowania. Przy ciągłym ogniu może się przegrzać.
WeaponDesc/Billy	Dwa sześciostrzałowce. Oddaje dwa strzały jeden po drugim.
WeaponDesc/Cuffs	Przenosi cel przez szczelinę do Cuffs, a przy celowaniu – od niej.
WeaponDesc/Fletch	Przytrzymaj strzał, by naciągnąć łuk, i puść, gdy zechcesz. Strzała leci za podświetlonym wrogiem.
WeaponDesc/Gambler	Strzela dużym snopem śrutu. W każdym starciu ciągnie kartę. Karo zmniejsza rozrzut, kier dodaje przebicie, pik podwaja amunicję, trefl nie robi nic.
WeaponDesc/Hopalong	Łapie wrogów na lasso i unieruchamia. Przytrzymaj, by dusić.
WeaponDesc/Judge	Jednostrzałowy długi karabin. Trafienia krytyczne budują szafot. Gdy będzie gotowy, następny strzał zabija na miejscu.
WeaponDesc/Legs	Duży kaliber podrzuca lufę do góry i odrzuca cel do tyłu.
WeaponDesc/MamaPanic	Dwa pięciostrzałowce. Z każdego można strzelać i przeładowywać go osobno.
WeaponDesc/MistMiner	Rzuca odbijającą się laskę dynamitu, która wybucha przy zetknięciu z wrogiem.
WeaponDesc/Preach	Potrzebuje czasu, żeby się rozkręcić do pełnej szybkostrzelności. Przeładowuje cały magazynek naraz.
WeaponDesc/Radium	Rzuca fiolkę radioaktywnej cieczy. Promieniowanie przenika każdą osłonę i zadaje obrażenia z czasem.
WeaponDesc/Rawhide	Wystrzeliwuje pocisk dźwiękowy, który przebija pancerz i pola siłowe. Seria trzech strzałów.
WeaponDesc/Sarge	Celna długa broń.
WeaponDesc/Smoky	Wystrzeliwuje płonący glut ognia, który przywiera do celu.
WeaponDesc/Spike	Rzuca nożem, który zadaje zwierzętom i strażnikom obrażenia krytyczne. Po zabójstwie daje pięć sekund niewidzialności.
WeaponName/AI Assassin	Rewolwer marynarki
WeaponName/AI Assassin L2	Rewolwer wojskowy
WeaponName/AI BalloonBomber	Przywoływacz duchów
WeaponName/AI BalloonBomber L2	Przywoływacz duchów
WeaponName/AI BalloonBomber L3	Brak
WeaponName/AI Bear	Kula cramm
WeaponName/AI Bear L2	Kula cramm
WeaponName/AI Bushwhacker	Strzelba kal. 12
WeaponName/AI Bushwhacker L2	Wytłumiona strzelba kal. 20
WeaponName/AI Bushwhacker L3	Wytłumiona strzelba kal. 28
WeaponName/AI Grenadier	Dynamit
WeaponName/AI Grenadier L2	Dynamit kasetowy
WeaponName/AI Grenadier L3	Dynamit atomowy
WeaponName/AI Gunhand	Rewolwer .32
WeaponName/AI Gunhand L2	Rewolwer .40
WeaponName/AI Gunhand L3	Rewolwer .45
WeaponName/AI Gunhand L4	Rewolwer .45 Magnum
WeaponName/AI Ironclad	Gatling taśmowy
WeaponName/AI Ironclad L2	Gatling z rakietą
WeaponName/AI MachineGunner	Gatling taśmowy
WeaponName/AI MachineGunner L2	Wybuchowy gatling
WeaponName/AI MachineGunner L3	Wybuchowy gatling
WeaponName/AI Marksman	Jednostrzałowy karabin z lunetą
WeaponName/AI Marksman L2	Powtarzalny karabin z lunetą
WeaponName/AI Marksman L3	Karabin '73 z lunetą
WeaponName/AI Marshal	Laserowy wizjer
WeaponName/AI Marshal L2	Laserowy wizjer
WeaponName/AI Marshal L3	Wybuchowy wizjer
WeaponName/AI Porcupine	Trująca plwocina
WeaponName/AI Porcupine L2	Trująca plwocina
WeaponName/AI Robot	Laser ochrony
WeaponName/AI Robot L2	Ciężki laser ochrony
WeaponName/AI Scorpion	Seryjna trująca plwocina
WeaponName/AI Scorpion L2	Myśląca trująca plwocina
WeaponName/AI ShieldBearer	Rewolwer akustyczny
WeaponName/AI ShieldBearer L2	Rewolwer uszorwacz
WeaponName/AI ShieldBearer L3	Potrójny uszorwacz
WeaponName/AI Snake	Trująca plwocina
WeaponName/AI Snake L2	Szybka trująca plwocina
WeaponName/AI Snake L3	Szybka trująca plwocina
WeaponName/AI Turret	Laser ochrony
WeaponName/AI Turret L2	Laser impulsowy
WeaponName/AI Turret L3	Ciężki laser impulsowy
WeaponName/AI Wolf	Szczek
WeaponName/AI Wolf L2	Szczek
WeaponName/AI Wolf L3	Szczek
WeaponName/AI Wolf L4	Szczek
WeaponName/Astronaut	Promień mezonowy
WeaponName/Billy	Bliźniaki
WeaponName/BillyPistol	Ślubna
WeaponName/BillyPistolLeft	Liza Jane
WeaponName/Bow	Tempus Fugit
WeaponName/Charge	Promień mezonowy
WeaponName/Cuffs	Szczelinator
WeaponName/Flamethrower	Sos do skórowania
WeaponName/Fletch	Tempus Fugit
WeaponName/Gambler	Kicker .00
WeaponName/Gatling	Kazanie .58
WeaponName/Grenade	Laska bum
WeaponName/Hopalong	Laserowe lasso
WeaponName/Judge	WYROK .50
WeaponName/Knife	Otwieracz do ludzi
WeaponName/Lasso	Laserowe lasso
WeaponName/Legs	Pieprzniczka
WeaponName/MamaPanic	Las Calaveras .45
WeaponName/MistMiner	Laska bum
WeaponName/Pepperbox	Pieprzniczka
WeaponName/Pistol	Calavera Uno
WeaponName/PistolLeft	Calavera Dos
WeaponName/Preach	Kazanie .58
WeaponName/RadGrenade	Probówka
WeaponName/Radium	Probówka
WeaponName/Rawhide	Stary Wrzaskun
WeaponName/Rifle	Emeryt 10 mm
WeaponName/Rifter	Szczelinator
WeaponName/Sarge	Emeryt 10 mm
WeaponName/Shotgun	Kicker .00
WeaponName/Smoky	Sos do skórowania
WeaponName/Sniper	WYROK .50
WeaponName/SonicRifle	Stary Wrzaskun
WeaponName/Spike	Otwieracz do ludzi
WeaponSpecial/Charged	Egzekucja gotowa
WeaponSpecial/Club	Bez premii
WeaponSpecial/Diamond	Połowa rozrzutu
WeaponSpecial/Headshots	Krytyki
WeaponSpecial/Heart	Przebicie
WeaponSpecial/Spade	Podwójna amunicja
Agent/Pack	Sfora
Agent/Patrol	Patrol
Agent/Posse	Obława
Agent/StageCoach	Wóz
Agent/Stampede	Szarża stada
Agent/Wagon	Posiłki
Introduction/Pack	Sfora
Introduction/Patrol	Patrol
Introduction/Rift	Furtka
Introduction/Stagecoach	Dyliżans
Introduction/Storm	Burza
Introduction/Wagon	Posiłki
IntroductionDesc/Pack	Wędrowne grupy zwierząt
IntroductionDesc/Patrol	Powoli maszerujący Karzyciele
IntroductionDesc/Rift	Szczelina w przestrzeni, z której wychodzą Karzyciele, dopóki jej nie zamkniesz
IntroductionDesc/Stagecoach	Szybki pojazd z łupem, który przemierza planetę
IntroductionDesc/Storm	Dryfujące zaburzenie atmosferyczne, które ściąga pioruny
IntroductionDesc/Wagon	Wędrowny wóz, który przywozi posiłki
Name/Barrabas	Barrabas
Name/Bastard1	Mały Jeb
Name/Bastard2	Jeb Junior
Name/Bastard3	Młoda
Name/Billy	Billy
Name/Casino	Doc Casino
Name/Chaste	Jebediah Chaste
Name/Chastener	Karzyciel
Name/Cuffs	Cuffs
Name/Fletch	Fletch
Name/Francisco	Francisco
Name/Hopalong	Hopalong
Name/Judge	Sędzia
Name/Kaboom	Kaboom
Name/Legs	Legs
Name/McNeil	McNeil
Name/Preach	Kaznodzieja
Name/Radium	Radium
Name/Rawhide	Rawhide
Name/Rosa	Pajęcza Rosa
Name/Roswell	Roswell
Name/Sarge	Sierżant
Name/ShopKeeper	Clancy
Name/ShopKeeperA	Eugene
Name/Smoky	Smoky
Name/Spike	Spike
Outlaw/Astronaut	Roswell
Outlaw/Billy	Billy
Outlaw/Cuffs	Cuffs
Outlaw/Fletch	Fletch
Outlaw/Gambler	Casino
Outlaw/Hopalong	Hopalong
Outlaw/Judge	Sędzia
Outlaw/Legs	Legs
Outlaw/MamaPanic	Pajęcza Rosa
Outlaw/MistMiner	Kaboom
Outlaw/Preach	Kaznodzieja
Outlaw/Radium	Radium
Outlaw/Rawhide	Rawhide
Outlaw/Sarge	Sierżant
Outlaw/Smoky	Smoky
Outlaw/Spike	Spike
OutlawEpitaph/Astronaut	<i>„Mówiłem, że jest ich za dużo”.</i>
OutlawEpitaph/Billy	<i>„Powiedzcie mamie, że przepraszam”.</i>
OutlawEpitaph/Cuffs	Epitafium Cuffs
OutlawEpitaph/Fletch	<i>„Tempus edax rerum”.</i>
OutlawEpitaph/Gambler	<i>„Alea iacta est”</i>
OutlawEpitaph/Hopalong	<i>„Dogląda wielkiej farmy w niebie”.</i>
OutlawEpitaph/Judge	<i>„Wyłączam się z orzekania”.</i>
OutlawEpitaph/Legs	Epitafium Legs
OutlawEpitaph/MamaPanic	<i>„Najedzcie się do syta”</i>
OutlawEpitaph/MistMiner	<i>„Pochowajcie mnie w kapeluszu i z ładownicą”.</i>
OutlawEpitaph/Preach	<i>„Zasiada po prawicy Pana Najwyższego”.</i>
OutlawEpitaph/Radium	Epitafium Radium
OutlawEpitaph/Rawhide	<i>„Spoczywamy”.</i>
OutlawEpitaph/Sarge	<i>„Robiłem, co mogłem. Widać nie starczyło”.</i>
OutlawEpitaph/Smoky	<i>„Tam na górze też trza coś jeść”.</i>
OutlawEpitaph/Spike	<i>„Na co się gapisz?”</i>
OutlawExpertise/Astronaut	Kosmiczny szybkostrzelec
OutlawExpertise/Bastard1	Wyszczekany urwis
OutlawExpertise/Bastard2	Miłośnik tortur
OutlawExpertise/Bastard3	Dziwnie znajoma
OutlawExpertise/Billy	Artysta od dwóch spluw
OutlawExpertise/Cuffs	Stróżka prawa przesuwająca czasoprzestrzeń
OutlawExpertise/Fletch	Łuczniczka nie z tego świata
OutlawExpertise/Gambler	Hazardzista ze strzelbą
OutlawExpertise/Hopalong	Zabójczy mistrz lassa
OutlawExpertise/Judge	Bezlitosny metalowy snajper
OutlawExpertise/Legs	Zabójczyni z derringerem
OutlawExpertise/MamaPanic	Czterorąka rewolwerowczyni
OutlawExpertise/MistMiner	Spec od gazowych wybuchów
OutlawExpertise/Preach	Duchowna z gatlingiem
OutlawExpertise/Radium	Radioaktywny eksperymentator
OutlawExpertise/Rawhide	Ogłuszający łowca zwierząt
OutlawExpertise/Sarge	Opancerzony weteran strzelec
OutlawExpertise/Smoky	Straszliwy kucharz podpalacz
OutlawExpertise/Spike	Zabójczy miotacz noży
OutlawFlavour/Astronaut	Niezarejestrowany ksenos
OutlawFlavour/Bastard1	Najmłodszy potomek Chaste'a
OutlawFlavour/Bastard2	Ulubieniec Chaste'a
OutlawFlavour/Bastard3	Mieszaniec z rybą
OutlawFlavour/Billy	Alias William Boswick
OutlawFlavour/Cuffs	Opis banity
OutlawFlavour/Fletch	Tożsamość nieznana
OutlawFlavour/Gambler	Alias Jednostka Finansowa 7103
OutlawFlavour/Hopalong	Alias Vansak Largo
OutlawFlavour/Judge	Jednostka Sprawiedliwości 939
OutlawFlavour/Legs	Opis banity
OutlawFlavour/MamaPanic	Pajęczakowata ksenos
OutlawFlavour/MistMiner	Alias Huyon Li
OutlawFlavour/Preach	Alias Esther O'Neil
OutlawFlavour/Radium	Opis banity
OutlawFlavour/Rawhide	Jednostka Kontroli Zwierząt 3990
OutlawFlavour/Sarge	Żołnierz eksperymentalny 4035
OutlawFlavour/Smoky	Alias Algernon Johnson
OutlawFlavour/Spike	Alias Randy Argot
OutlawHelp/Astronaut	Rzuca trzy pancerze
OutlawHelp/Billy	Zbija zdrowie trzech wrogów do jednego punktu
OutlawHelp/Cuffs	Zadowolona Cuffs zrobi X dla partnera w starciu.
OutlawHelp/Fletch	Daje partnerowi nietykalność
OutlawHelp/Gambler	Rzuca trzy losowe znajdźki
OutlawHelp/Hopalong	Ogłusza wszystkich wrogów
OutlawHelp/Judge	Rzuca nietykalność i szał
OutlawHelp/Legs	Zadowolona Legs zrobi X dla partnera w starciu.
OutlawHelp/MamaPanic	Rzuca wabik
OutlawHelp/MistMiner	Robi partnera niewidzialnym
OutlawHelp/Preach	Rzuca trzy apteczki
OutlawHelp/Radium	Zadowolony Radium zrobi X dla partnera w starciu.
OutlawHelp/Rawhide	Przyzywa trzy sojusznicze kojoty
OutlawHelp/Sarge	Przyzywa sojuszniczego rewolwerowca
OutlawHelp/Smoky	Podpala trzech wrogów
OutlawHelp/Spike	Przyzywa sojuszniczą lufę
OutlawWanted/Astronaut	Nielegalna morfologia\nUcieczka z aresztu
OutlawWanted/Billy	Głowobójstwo\nMorderstwo
OutlawWanted/Cuffs	Skażenie zarodnikami\nNadużycie jurysdykcji
OutlawWanted/Fletch	Chronowandalizm\nWałęsanie się
OutlawWanted/Hopalong	Łażenie po jezdni\nKradzież bydła
OutlawWanted/Judge	Utrudnianie wymiaru sprawiedliwości
OutlawWanted/Legs	Mieszanie ras\nZerwanie kontraktu
OutlawWanted/MistMiner	Niekontrolowane detonacje\nAutostop
OutlawWanted/Preach	Apostazja\nHandel cudownymi eliksirami
OutlawWanted/Radium	Zaniedbanie subatomowe
OutlawWanted/Rawhide	Zakłócanie ciszy\nKłusownictwo
OutlawWanted/Sarge	Porzucenie posterunku\nZdrada
OutlawWanted/Smoky	Podniebienniobójstwo\nPodpalenie
OutlawWanted/Spike	Posiadanie tabaki\nStawianie oporu przy zatrzymaniu
OutlawWanted/Title	Poszukiwany za:
StuntDesc/Astronaut	Raz po raz wystrzeliwuje Roswella w niebo w podmuchu ognia, raniąc wszystkich w pobliżu. Lądowanie ogłusza i rani wszystkich w okolicy.
StuntDesc/Billy	Każde pociągnięcie spustu wypuszcza celną nawałnicę kul, a po niej błyskawiczne przeładowanie. Czas trwania: <color=#FFFFFF><d> s</color>.
StuntDesc/Cuffs	Rozstawia sojusznicze działko.
StuntDesc/Fletch	Wystrzeliwuje w każdego wroga śmiertelną samonaprowadzającą strzałę
StuntDesc/Gambler	Wysadza losowych wrogów: <color=#FFFFFF><d></color>
StuntDesc/Hopalong	Ogłusza wszystkich wrogów: 10 sekund
StuntDesc/Judge	Spowalnia czas dla reszty świata. Czas trwania: <color=#FFFFFF><d> s</color>.
StuntDesc/Legs	Przejmuje najsłabszego strażnika.
StuntDesc/MamaPanic	Rzuca wabik, który odciąga uwagę wrogów.
StuntDesc/MistMiner	Staje się niewidzialny. Czas trwania: <color=#FFFFFF><d> s</color>.
StuntDesc/Preach	Każda kula, która rani wroga, leczy też Kaznodzieję. Czas trwania: <color=#FFFFFF><d> s</color>.
StuntDesc/Radium	Wszyscy napromieniowani wrogowie dostają potężny impuls promieniowania.
StuntDesc/Rawhide	Przejmuje najbliższe zwierzę. Jeśli go nie ma, przyzywa trzy przejęte kojoty.
StuntDesc/Sarge	Podnosi przed sobą tarczę odbijającą pociski. Czas trwania: <color=#FFFFFF><d> s</color>.
StuntDesc/Smoky	Podpala wrogów: <color=#FFFFFF><d></color>.
StuntDesc/Spike	Przejmuje trzy najbliższe lufy albo skrzynki-pułapki. Jeśli ich nie ma, rozstawia przejętą lufę.
StuntName/Astronaut	Odpalenie
StuntName/Billy	Szybki ogień
StuntName/Cuffs	Postaw działko
StuntName/Fletch	Burza strzał
StuntName/Gambler	Ruletka
StuntName/Hopalong	Trzask bicza
StuntName/Judge	Czas sądu
StuntName/Legs	Flirt
StuntName/MamaPanic	Wabik
StuntName/MistMiner	Postać mgły
StuntName/Preach	Potępienie
StuntName/Radium	Impuls alfa
StuntName/Rawhide	Zew natury
StuntName/Sarge	Umocnienie
StuntName/Smoky	Grillowanie
StuntName/Spike	Hakowanie ochrony
Wild Bastards	Wild Bastards
ItemDescription/AERODYNAMIC_ROUNDS	Obrażenia: <d>, rozrzut: <p2>
ItemDescription/ALLOY_HORSESHOES	Zasięg ruchu na planecie: <d>
ItemDescription/ALL_BARRELS_EXPLODE	Obrażenia: <d>, zniszczone beczki zawsze wybuchają.
ItemDescription/ALL_PALS	Wszyscy banici są kumplami tego banity
ItemDescription/AMYGDALA_BOMB	Wrogowie uciekają w następnym starciu na blokadzie
ItemDescription/ARMOR_SCANNER	Pancerz po zabójstwie: <p>
ItemDescription/ARMOR_SCANNER_2	Pancerz po zabójstwie: <p>
ItemDescription/ARMOR_SCANNER_3	Pancerz po zabójstwie: <p>
ItemDescription/ASSISTANCE_DRONE	Pancerz: <d>, zdrowie: <d2>, obrażenia: <d3>
ItemDescription/AUTO_ARMOR	Po starciu odnawia pancerz: <d>
ItemDescription/AUTO_HEAL	Po starciu leczy: <d>
ItemDescription/BARE_CHEST	Pancerz: <d>, zdrowie: <d2>
ItemDescription/BARREL_LOOT	Z beczek wypada bimber, szał albo nietykalność: <p>
ItemDescription/BEARSKIN_GLOVES	Obrażenia: <d>
ItemDescription/BEAR_2_ALLY	Sojusznicze drażliwe grizzly: <d>, u Rawhide'a: <d2>
ItemDescription/BEAR_ALLY	Sojusznicze grizzly: <d>, u Rawhide'a: <d2>
ItemDescription/BETTER_JETPACK	Pozwala latać, odporność na obrażenia w powietrzu: <p>
ItemDescription/BLAST_DEFLECTOR	Odporność na ogień: <p>, u Smoky'ego amunicja: <d2>
ItemDescription/BLAST_PONCHO	Odporność na ogień: <p>, u Smoky'ego amunicja: <d2>
ItemDescription/BULKY_BREASTPLATE	Pancerz: <d>, obrażenia: <d2>
ItemDescription/BURNING_ROUNDS	Obrażenia od ognia: <d2>
ItemDescription/CASINO_RESIST	Odporność na obrażenia: <p>
ItemDescription/CHOW	Leczy: <d>
ItemDescription/COMPASS_ENHANCER	Obrażenia: <d>, najbliższy wróg zaznaczony na kompasie.
ItemDescription/COYOTESKIN_GLOVES	Obrażenia: <d>
ItemDescription/CRAFTED_IRON_SIGHTS	Rozrzut: <p>
ItemDescription/CRITTER_HUNTER	Obrażenia: <d>, obrażenia zwierzętom: <p2>
ItemDescription/CRIT_ROUNDS	Krytyk: <p>, poza Sierżantem przeładowanie: <p2>
ItemDescription/CRIT_ROUNDS_2	Krytyk: <p>, poza Sierżantem przeładowanie: <p2>
ItemDescription/CRIT_ROUNDS_3	Krytyk: <p>, poza Sierżantem przeładowanie: <p2>
ItemDescription/DEADLY_AMULET	Nietykalność po zabójstwie, sekundy: <d>
ItemDescription/DEADLY_TALISMAN	Nietykalność po zabójstwie, sekundy: <d>
ItemDescription/DIAMOND	Bezużyteczny. Do sprzedania za <d>
ItemDescription/EMERALD	Bezużyteczny. Do sprzedania za: <d>
ItemDescription/EM_CLOAK	Zasięg wykrycia przez ochronę: <p>
ItemDescription/ENRAGING_ROUNDS	Szansa na rozwścieczenie trafionego wroga: <p>, sekundy: <d2>
ItemDescription/EVERYTHING	Pancerz: <d3>, zdrowie: <d2>, obrażenia: <d>, amunicja: <d4>
ItemDescription/EXPLODING_BARREL_STUN	Wybuchające beczki ogłuszają pobliskich wrogów
ItemDescription/EXPLOSIVE_AMMO	Pociski wybuchają, obrażenia: <d2>
ItemDescription/EXTRA_BULLETS	Seria: <d>
ItemDescription/FLASK_OF_KRAM	Od razu daje losowe asy: <d>
ItemDescription/FULL_HEAL	Po starciu leczy w pełni. Poza Kaznodzieją zdrowie: <d>
ItemDescription/GOLD_PONCHO	Odporność na dźwięk: <p>, pancerz: <d2>
ItemDescription/GREEN_PONCHO	Odporność na protony: <p>, pancerz: <d2>
ItemDescription/GUARD_HUNTER	Obrażenia: <d>, obrażenia strażnikom: <p2>
ItemDescription/GUNHAND_2_ALLY	Sojuszniczy wyszkolony rewolwerowiec
ItemDescription/GUNHAND_3_ALLY	Sojuszniczy zaprawiony rewolwerowiec
ItemDescription/GUNHAND_ALLY	Sojuszniczy rewolwerowiec
ItemDescription/HEALING_ROUNDS	Zadane obrażenia leczą: <p>, u Fletch przebijają pancerz
ItemDescription/HEALTH_AND_ARMOR	Zdrowie: <d>, pancerz: <d2>, poza Sędzią szybkość: <d3>
ItemDescription/HEALTH_NO_ARMOR	Zdrowie: <d2>, poza Kaboomem pancerz: <n>
ItemDescription/HEALTH_SCANNER	Apteczka po zabójstwie: <p>
ItemDescription/HEALTH_SCANNER_2	Apteczka po zabójstwie: <p>
ItemDescription/HEALTH_SCANNER_3	Apteczka po zabójstwie: <p>
ItemDescription/HEFTY_MAGAZINE	Amunicja: <d>
ItemDescription/HELPFUL_DRONE	Pancerz: <d>, zdrowie: <d2>, obrażenia: <d3>
ItemDescription/IMPLANT_SUIT	Pancerz: <n>, poza Roswellem zdrowie: <n2>
ItemDescription/INFAMY_DOUBLER	Niesława: <p>, poza Billym obrażenia: <d2>
ItemDescription/INVULNERABILITY_SCANNER	Nietykalność po zabójstwie: <p>
ItemDescription/IRONCLAD_2_ALLY	Sojuszniczy rakietowy żelaźniak
ItemDescription/IRONCLAD_ALLY	Sojuszniczy żelaźniak
ItemDescription/IRONCLAD_SHINE_SCANNER	Bimber po zabiciu żelaźniaka: <p>
ItemDescription/IRON_SIGHTS	Rozrzut: <p>
ItemDescription/IRRADIATED_ROUNDS	Obrażenia od promieniowania: <d2>
ItemDescription/JACKHAMMER	Po schwytaniu sam uciekasz z więzienia
ItemDescription/JETPACK	Przytrzymaj skok, by latać
ItemDescription/JET_HORSESHOES	Zasięg ruchu na planecie: <d>
ItemDescription/JUMPING_BOOTS	Pancerz: <d2>, skok: <p>, brak obrażeń od upadku
ItemDescription/KILLSHOT_ROUNDS	Pierwszy strzał zabija
ItemDescription/KILLSHOT_ROUNDS_2	Zabójcze pierwsze strzały: <d>
ItemDescription/KILLSHOT_ROUNDS_3	Zabójcze pierwsze strzały: <d>
ItemDescription/KNOCKBACK_ROUNDS	Odrzut celu: <p>
ItemDescription/KRAM_ALMANAC	Asy do wyboru przy awansie: <d>
ItemDescription/KRAM_CHARM	Tabaka ze starcia: <p>
ItemDescription/KRAM_HOG	Tabaka ze starcia: <p>, tabaka partnera ze starcia: <p2>
ItemDescription/KRAM_SCANNER	Tabaka po zabójstwie: <p>
ItemDescription/KRAM_SUPER_CHARM	Tabaka ze starcia: <p>
ItemDescription/LARGE_CALIBER_ROUNDS	Obrażenia: <p>, rozrzut: <p2>
ItemDescription/LEVITATION_BOOTS	Szybkość: <d>, odporność na truciznę: <p2>
ItemDescription/LIME_PONCHO	Odporność na protony: <p>, pancerz: <d2>
ItemDescription/LUCKY_DICE	Dodatkowe życie. U Casino jedno użycie więcej.
ItemDescription/LUCKY_DICE_2	Dodatkowe życia: <d>. U Casino jedno użycie więcej.
ItemDescription/LUCKY_ESCAPE	Odporność na obrażenia: <p>
ItemDescription/MACHINE_GUNNER_2_ALLY	Sojuszniczy ciężki korbiarz
ItemDescription/MACHINE_GUNNER_ALLY	Sojuszniczy korbiarz
ItemDescription/MAGAZINE	Amunicja: <d>
ItemDescription/MARKSMAN_2_ALLY	Sojuszniczy zabójczy łowca
ItemDescription/MARKSMAN_3_ALLY	Sojuszniczy skryty łowca
ItemDescription/MARKSMAN_ALLY	Sojuszniczy łowca
ItemDescription/MARSHAL_ROUNDS	Obrażenia: <d>, obrażenia książętom: <p2>
ItemDescription/MOTTLED_GREEN_PONCHO	Odporność na protony: <p>, odporność na lasery: <p2>
ItemDescription/MULE	Maks. bimbru: <d>
ItemDescription/NITRO_SCANNER	Nitro po zabójstwie: <p>
ItemDescription/NITRO_SYPHON	Dodatkowe nitro co turę: <d>
ItemDescription/OUTLAWED_AMMUNITION	Seria: <d2>, obrażenia: <d3>, amunicja: <d4>
ItemDescription/PAINFUL_BREASTPLATE	Pancerz: <d>, zdrowie: <d2>
ItemDescription/PAINFUL_TONIC	Od razu rani cię za <d>, potem zdrowie: <d2>
ItemDescription/PANIC_ROUNDS	Panika po trafieniu: <p>, u Pajęczej Rosy: <p2>
ItemDescription/PENETRATING_ROUNDS	Strzały przebijają pancerz
ItemDescription/PLANET_VISION_ENHANCER	Zasięg widzenia na planecie: <p>
ItemDescription/PLUTONIUM_BREASTPLATE	Pancerz: <d>
ItemDescription/PLUTONIUM_BULLETS	Obrażenia: <p>
ItemDescription/POISON_BOTH	Obrażenia od trucizny: <d2>, odporność na truciznę: <p3>
ItemDescription/POISON_ROUNDS	Obrażenia od trucizny: <d2>
ItemDescription/PRESCRIBED_AMMUNITION	Strzały same szukają celu, obrażenia: <p>
ItemDescription/PROJECTILE_SPEED	Odrzuca cel do tyłu
ItemDescription/PUNCH_PACKING_AMMO	Odrzut celu: <p>
ItemDescription/PURPLE_PONCHO	Odporność na truciznę: <p>, pancerz: <d2>
ItemDescription/RAD_DEFLECTOR	Odporność na promieniowanie: <p>
ItemDescription/RAGE_SCANNER	Szał po zabójstwie: <p>
ItemDescription/RANDOM_SCANNER	Losowa znajdźka po zabójstwie: <p>, u Casino: <p2>
ItemDescription/RAPID_FIRE	Szybkostrzelność: <p>
ItemDescription/RAPID_RELOAD	Przeładowanie: <p>
ItemDescription/REBREATHER	Tlen się nie wyczerpuje, po starciu leczy: <d>
ItemDescription/RED_PONCHO	Odporność na lasery: <p>, pancerz: <d2>
ItemDescription/RESIST_WHILE_MOVING	Odporność na obrażenia w ruchu: <p>, u Hopalonga: <p2>
ItemDescription/RIFT_BLOCKER	Opóźnienie wrogów z furtek, sekundy: <d>
ItemDescription/RIFT_HACKER	Sojuszniczy rewolwerowiec. Z furtek wychodzą sojusznicy
ItemDescription/RIFT_HUNTER	Tabaka ze starcia przy otwartej furtce: <p>
ItemDescription/RIFT_TWEAKER	Z furtek wychodzą tylko rewolwerowcy
ItemDescription/ROBOT_HUNTER	Obrażenia: <d>, obrażenia ochronie: <p2>
ItemDescription/ROCKET_HORSESHOES	Zasięg ruchu na planecie: <d>
ItemDescription/RUBY	Bezużyteczny. Do sprzedania za: <d>
ItemDescription/SADDLEBAGS	Maks. bimbru: <d>
ItemDescription/SAPPHIRE	Bezużyteczny. Do sprzedania za: <d>
ItemDescription/SCARLET_PONCHO	Odporność na lasery: <p>, pancerz: <d2>
ItemDescription/SECRET	Pełne leczenie, pełny pancerz, tylko Pajęcza Rosa
ItemDescription/SHINE_FLASK	Szansa, że popis nie zużyje bimbru: <p>
ItemDescription/SHINE_SCANNER	Bimber po zabójstwie: <p>
ItemDescription/SHOVEL	Po schwytaniu sam uciekasz z więzienia
ItemDescription/SHREDDING_ROUNDS	Szatkowanie pancerza: <d>
ItemDescription/SHREDDING_ROUNDS_2	Szatkowanie pancerza: <d>
ItemDescription/SMALL_CALIBER_ROUNDS	Obrażenia: <p>, amunicja: <d2>, przeładowanie: <p>
ItemDescription/SMART_TRACKING_ROUNDS	Strzały same szukają celu
ItemDescription/SMOKY_PONCHO	Odporność na ogień: <p>, u Smoky'ego amunicja: <d2>
ItemDescription/STEEL_BREASTPLATE	Pancerz: <d>
ItemDescription/STEEL_BULLETS	Obrażenia: <p>
ItemDescription/STORM_HEAL	Zdrowie: <d>, piorun z burzy leczy w pełni
ItemDescription/STORM_RESISTANCE	Pancerz: <d>, pioruny z burzy nie szkodzą
ItemDescription/STUN_ROUNDS	Szansa na ogłuszenie: <p>, sekundy: <d2>
ItemDescription/SUPER_AUTO_ARMOR	Po starciu odnawia pancerz: <d>
ItemDescription/SUPER_AUTO_HEAL	Po starciu leczy: <d>
ItemDescription/SUPER_EM_CLOAK	Zasięg wykrycia przez ochronę: <p>
ItemDescription/SUPER_TOUGH_CLOAK	Zdrowie: <d>
ItemDescription/TARGETED_SHINE_SCANNER	Bimber po zabójstwie krytycznym: <p>
ItemDescription/TELESCOPIC_SIGHTS	Rozrzut: <p>, przybliżenie: <p2>
ItemDescription/THROW_FORCE	Siła rzutu: <p>, poza Spike'em niesława: <p2>
ItemDescription/TOUGH_CLOAK	Zdrowie: <d>
ItemDescription/URANIUM_BREASTPLATE	Pancerz: <d>
ItemDescription/URANIUM_BULLETS	Obrażenia: <p>
ItemDescription/VAMPIRE_BOOTS	Szybkość: <d>, szybkość nocą: <d2>
ItemDescription/VAMPIRE_CLOAK	Zdrowie: <d2>, odporność na obrażenia nocą: <p>
ItemDescription/VAMPIRE_ROUNDS	Obrażenia: <d2>, zadane nocą obrażenia leczą: <p>
ItemDescription/VERY_TOUGH_CLOAK	Zdrowie: <d>
ItemDescription/VIOLET_PONCHO	Odporność na truciznę: <p>, pancerz: <d2>
ItemDescription/WOLFSKIN_GLOVES	Obrażenia: <d>
ItemDescription/WOLF_2_ALLY	Sojusznicze niestabilne kojoty: <d>, u Rawhide'a: <d2>
ItemDescription/WOLF_3_ALLY	Sojusznicze opancerzone kojoty: <d>, u Rawhide'a: <d2>
ItemDescription/WOLF_ALLY	Sojusznicze kojoty: <d>, u Rawhide'a: <d2>
ItemDescription/YELLOW_PONCHO	Odporność na dźwięk: <p>, pancerz: <d2>
ItemEffect/AUTO_ARMOR	Pancerz
ItemEffect/AUTO_HEAL	Zdrowie
ItemEffect/FULL_HEAL	Zdrowie
ItemEffect/REBREATHER	Zdrowie
ItemEffect/SUPER_AUTO_ARMOR	Pancerz
ItemEffect/SUPER_AUTO_HEAL	Zdrowie
ItemName/AERODYNAMIC_ROUNDS	Naboje strzałkowe
ItemName/ALLOY_HORSESHOES	Podkowy ze stopu
ItemName/ALL_BARRELS_EXPLODE	Detonator beczek
ItemName/ALL_PALS	Dozownik feromonów
ItemName/AMYGDALA_BOMB	Bomba migdałowata
ItemName/ARMOR_SCANNER	Skaner pancerza
ItemName/ARMOR_SCANNER_2	Superskaner pancerza
ItemName/ARMOR_SCANNER_3	Ultraskaner pancerza
ItemName/ASSISTANCE_DRONE	Dron wsparcia
ItemName/AUTO_ARMOR	Autopłatnerz
ItemName/AUTO_HEAL	Autokonował
ItemName/BARE_CHEST	Goła klata
ItemName/BARREL_LOOT	Skaner beczek
ItemName/BEARSKIN_GLOVES	Ultraładownik
ItemName/BEAR_2_ALLY	Drażliwy towarzysz
ItemName/BEAR_ALLY	Towarzysz grizzly
ItemName/BETTER_JETPACK	Osłonięty plecak odrzutowy
ItemName/BLAST_DEFLECTOR	Ognisty deflektor
ItemName/BLAST_PONCHO	Płonące poncho
ItemName/BULKY_BREASTPLATE	Nieporęczny napierśnik
ItemName/BURNING_ROUNDS	Naboje zapalające
ItemName/CASINO_RESIST	Krawat bolo Casino
ItemName/CHOW	Żarcie
ItemName/COMPASS_ENHANCER	Ulepszony kompas
ItemName/COYOTESKIN_GLOVES	Ładownik kul
ItemName/CRAFTED_IRON_SIGHTS	Kalibrowane przyrządy celownicze
ItemName/CRITTER_HUNTER	Luneta na zwierzynę
ItemName/CRIT_ROUNDS	Naboje z pustym czubkiem
ItemName/CRIT_ROUNDS_2	Naboje dum-dum
ItemName/CRIT_ROUNDS_3	Super naboje dum-dum
ItemName/DEADLY_AMULET	Pas czarnej dziury
ItemName/DEADLY_TALISMAN	Odznaka czarnej dziury
ItemName/DIAMOND	Diament
ItemName/EMERALD	Szmaragd
ItemName/EM_CLOAK	Kamizelka z mylaru
ItemName/ENRAGING_ROUNDS	Naboje szału
ItemName/EVERYTHING	Dron amunicyjny
ItemName/EXPLODING_BARREL_STUN	Ogłuszające beczki
ItemName/EXPLOSIVE_AMMO	Naboje wybuchowe
ItemName/EXTRA_BULLETS	Naboje odłamkowe
ItemName/FLASK_OF_KRAM	Piersiówka tabaki
ItemName/FULL_HEAL	Biblia ognia i siarki
ItemName/GOLD_PONCHO	Tłumik dźwięku
ItemName/GREEN_PONCHO	Poncho protonowe
ItemName/GUARD_HUNTER	Luneta na ludzi
ItemName/GUNHAND_2_ALLY	Wyszkolony towarzysz
ItemName/GUNHAND_3_ALLY	Zaprawiony towarzysz
ItemName/GUNHAND_ALLY	Towarzysz rewolwerowiec
ItemName/HEALING_ROUNDS	Krwiopijcze naboje
ItemName/HEALTH_AND_ARMOR	Ołowiany prochowiec
ItemName/HEALTH_NO_ARMOR	Strój Adama
ItemName/HEALTH_SCANNER	Skaner zdrowia
ItemName/HEALTH_SCANNER_2	Superskaner zdrowia
ItemName/HEALTH_SCANNER_3	Ultraskaner zdrowia
ItemName/HEFTY_MAGAZINE	Pojemny magazynek
ItemName/HELPFUL_DRONE	Pomocny dron
ItemName/IMPLANT_SUIT	Skafander
ItemName/INFAMY_DOUBLER	Niesławny garnitur
ItemName/INVULNERABILITY_SCANNER	Skaner nietykalności
ItemName/IRONCLAD_2_ALLY	Rakietowy towarzysz
ItemName/IRONCLAD_ALLY	Towarzysz żelaźniak
ItemName/IRONCLAD_SHINE_SCANNER	Skaner bimbru z żelaźniaków
ItemName/IRON_SIGHTS	Przyrządy celownicze
ItemName/IRRADIATED_ROUNDS	Naboje radioaktywne
ItemName/JACKHAMMER	Wytrych
ItemName/JETPACK	Plecak odrzutowy
ItemName/JET_HORSESHOES	Odrzutowe podkowy
ItemName/JUMPING_BOOTS	Rakietowe buty
ItemName/KILLSHOT_ROUNDS	Zabójczy nabój
ItemName/KILLSHOT_ROUNDS_2	Dwa zabójcze naboje
ItemName/KILLSHOT_ROUNDS_3	Trzy zabójcze naboje
ItemName/KNOCKBACK_ROUNDS	Naboje odrzucające
ItemName/KRAM_ALMANAC	Almanach tabaki
ItemName/KRAM_CHARM	Wzmacniacz tabaki
ItemName/KRAM_HOG	Tabaczny obżartuch
ItemName/KRAM_SCANNER	Skaner tabaki
ItemName/KRAM_SUPER_CHARM	Superwzmacniacz tabaki
ItemName/LARGE_CALIBER_ROUNDS	Naboje dużego kalibru
ItemName/LEVITATION_BOOTS	Buty lewitacyjne
ItemName/LIME_PONCHO	Deflektor protonów
ItemName/LUCKY_DICE	Szczęśliwe kości
ItemName/LUCKY_DICE_2	Superszczęśliwe kości
ItemName/LUCKY_ESCAPE	Królicza łapka
ItemName/MACHINE_GUNNER_2_ALLY	Ciężki towarzysz
ItemName/MACHINE_GUNNER_ALLY	Towarzysz korbiarz
ItemName/MAGAZINE	Magazynek
ItemName/MARKSMAN_2_ALLY	Zabójczy towarzysz
ItemName/MARKSMAN_3_ALLY	Skryty towarzysz
ItemName/MARKSMAN_ALLY	Towarzysz łowca
ItemName/MARSHAL_ROUNDS	Luneta na książąt
ItemName/MOTTLED_GREEN_PONCHO	Poncho kombi
ItemName/MULE	Robomuł
ItemName/NITRO_SCANNER	Skaner nitro
ItemName/NITRO_SYPHON	Syfon nitro
ItemName/OUTLAWED_AMMUNITION	Zakazane naboje
ItemName/PAINFUL_BREASTPLATE	Wszczepiany napierśnik
ItemName/PAINFUL_TONIC	Cudowny specyfik
ItemName/PANIC_ROUNDS	Pajęcze naboje
ItemName/PENETRATING_ROUNDS	Naboje przeciwpancerne
ItemName/PLANET_VISION_ENHANCER	Kapelusz z szerokim rondem
ItemName/PLUTONIUM_BREASTPLATE	Plutonowy napierśnik
ItemName/PLUTONIUM_BULLETS	Plutonowe naboje
ItemName/POISON_BOTH	Gruczoł grzechotnika
ItemName/POISON_ROUNDS	Toksyczne naboje
ItemName/PRESCRIBED_AMMUNITION	Naboje naprowadzane
ItemName/PROJECTILE_SPEED	Rakietowe naboje
ItemName/PUNCH_PACKING_AMMO	Amunicja hiperkinetyczna
ItemName/PURPLE_PONCHO	Poncho antytoksyczne
ItemName/RAD_DEFLECTOR	Tarcza antyrad
ItemName/RAGE_SCANNER	Skaner szału
ItemName/RANDOM_SCANNER	Skaner szczęścia
ItemName/RAPID_FIRE	Smar nanopolimerowy
ItemName/RAPID_RELOAD	Szybkoładowacz
ItemName/REBREATHER	Aparat oddechowy
ItemName/RED_PONCHO	Poncho laserowe
ItemName/RESIST_WHILE_MOVING	Deflektor kinetyczny
ItemName/RIFT_BLOCKER	Blokada furtek
ItemName/RIFT_HACKER	Haker furtek
ItemName/RIFT_HUNTER	Łupieżca furtek
ItemName/RIFT_TWEAKER	Przestrajacz furtek
ItemName/ROBOT_HUNTER	Luneta na syntoidy
ItemName/ROCKET_HORSESHOES	Rakietowe podkowy
ItemName/RUBY	Rubin
ItemName/SADDLEBAGS	Juki
ItemName/SAPPHIRE	Szafir
ItemName/SCARLET_PONCHO	Deflektor laserów
ItemName/SECRET	Sekret
ItemName/SHINE_FLASK	Piersiówka bimbru
ItemName/SHINE_SCANNER	Skaner bimbru
ItemName/SHOVEL	Nanołopata
ItemName/SHREDDING_ROUNDS	Naboje szatkujące
ItemName/SHREDDING_ROUNDS_2	Super naboje szatkujące
ItemName/SMALL_CALIBER_ROUNDS	Naboje małego kalibru
ItemName/SMART_TRACKING_ROUNDS	Inteligentne naboje naprowadzane
ItemName/SMOKY_PONCHO	Fartuch Smoky'ego
ItemName/STEEL_BREASTPLATE	Kevlarowy napierśnik
ItemName/STEEL_BULLETS	Naboje na zamówienie
ItemName/STORM_HEAL	Wysokonapięciowa apteczka
ItemName/STORM_RESISTANCE	Czapka z folii
ItemName/STUN_ROUNDS	Tępe naboje
ItemName/SUPER_AUTO_ARMOR	Superautopłatnerz
ItemName/SUPER_AUTO_HEAL	Superautokonował
ItemName/SUPER_EM_CLOAK	Kamizelka Faradaya
ItemName/SUPER_TOUGH_CLOAK	Prochowiec ze skóry grizzly
ItemName/TARGETED_SHINE_SCANNER	Precyzyjny skaner bimbru
ItemName/TELESCOPIC_SIGHTS	Celownik teleskopowy
ItemName/THROW_FORCE	Podstępne sterydy
ItemName/TOUGH_CLOAK	Wytrzymały prochowiec
ItemName/URANIUM_BREASTPLATE	Uranowy napierśnik
ItemName/URANIUM_BULLETS	Uranowe naboje
ItemName/VAMPIRE_BOOTS	Buty północy
ItemName/VAMPIRE_CLOAK	Płaszcz północy
ItemName/VAMPIRE_ROUNDS	Wampirze naboje
ItemName/VERY_TOUGH_CLOAK	Prochowiec z kojota
ItemName/VIOLET_PONCHO	Przetwornik trucizn
ItemName/WOLFSKIN_GLOVES	Hiperładownik
ItemName/WOLF_2_ALLY	Niestabilny towarzysz
ItemName/WOLF_3_ALLY	Opancerzony towarzysz
ItemName/WOLF_ALLY	Towarzysz kojot
ItemName/YELLOW_PONCHO	Dźwiękoszczelne poncho
ItemPower/1	Podstawowy
ItemPower/2	Lepszy
ItemPower/3	Pierwszorzędny
ItemRarity/COMMON	Zwykły
ItemRarity/RARE	Epicki
ItemRarity/UNCOMMON	Rzadki
ItemType/GEAR	Wyposażenie
ItemType/HORSE	Wyposażenie
ItemType/OUTFIT	Strój
ItemType/UNUSABLE	Bezużyteczne
ItemType/WEAPON	Uzbrojenie
Resource/AceBuffs	Wzmocnienia asów
Resource/Bastard	Bękart
Resource/BeanPickup	Fasola
Resource/Beans	Fasola
Resource/BonusUnlock	Naładowany as
Resource/ChitPickup	Cramm
Resource/Chits	Cramm
Resource/Disguises	Przebrania
Resource/EatBeans	Podziel się fasolą
Resource/Elixir	Tonik
Resource/ElixirPickup	Tonik
Resource/Elixirs	Toniki
Resource/EquipItem	Załóż przedmiot
Resource/Glint	Błysk
Resource/Gold	Złoto
Resource/Helix	Helisa
Resource/Infamy	Niesława
Resource/InherentUnlock	Podstawowy as
Resource/InherentUnlocks	Podstawowe asy
Resource/Item	Przedmiot
Resource/Items	Przedmioty
Resource/JailedOutlaws	Uwięziony banita
Resource/Kram	Tabaka
Resource/NavPickup	Nadajnik
Resource/Navs	Nadajniki
Resource/Shard	Asy
Resource/ShardPickup	Asy
Resource/Shards	Asy
Resource/Shine	Bimber
Resource/ShowOutlaws	Pokaż banitów
Resource/Teleporters	Teleportery
Resource/UseDisguise	Użyj przebrania
Resource/UseElixir	Użyj toniku
Resource/UseNav	Użyj nadajnika
Resource/UseTeleporter	Użyj teleportera
Resource/UseWater	Użyj nitro
Resource/Water	Nitro
TalentDesc/BILLY_CLOUD_OF_INK	Po otrzymaniu obrażeń nietykalność, sekundy: <d>
TalentDesc/BILLY_DEADLY	Obrażenia: <d>
TalentDesc/BILLY_DUELER	Zawsze krytycznie trafia zabójców, odporność na zabójców: <p>
TalentDesc/BILLY_GIANT_SLAYER	Zawsze krytycznie trafia książąt, odporność na książąt: <p>
TalentDesc/BILLY_JUST_A_KID	Tury do przybycia księcia: <d>
TalentDesc/BILLY_QUICK	Przeładowanie, sekundy: <d>
TalentDesc/BILLY_SHOOTER	Amunicja: <d>
TalentDesc/BILLY_SOMETHING_TO_PROVE	Obrażenia w starciach powyżej zagrożenia 1: <p>
TalentDesc/BILLY_TENACIOUS	Po nokaucie nietykalność, razy na starcie: <d>
TalentDesc/CUFFS_BADGED	Następne patrole lub obławy, które się poddadzą: {[TALENT:CUFFS_BADGED]}
TalentDesc/CUFFS_DEADLY_TURRETS	Poziom działek Cuffs: <d>
TalentDesc/CUFFS_INSIDER	Strażnicy i zwierzęta w fortach: <p>
TalentDesc/CUFFS_POISON_SPORES	Trucizna Szczelinatora, sekundy: {[TALENT:CUFFS_POISON_SPORES]}
TalentDesc/CUFFS_STUNNING_TURRETS	Działka Cuffs ogłuszają, sekundy: {[TALENT:CUFFS_STUNNING_TURRETS]}
TalentDesc/DOC_BARTERER	Zysk ze sprzedaży przedmiotów: <d>
TalentDesc/DOC_CASHED_UP	Cramm przy zejściu na planetę: <d>
TalentDesc/DOC_CHARMED	Odporność na obrażenia: <p>
TalentDesc/DOC_GIFTED	Losowe znajdźki na starcie: <d>
TalentDesc/DOC_INVESTOR	100 cramm za zabicie Karzyciela: <p>
TalentDesc/DOC_LUCKY_BOUNCE	Pancerz się nie zużywa: <p>
TalentDesc/DOC_LUCKY_ESCAPE	Szansa, że nokautujący cios nie zada obrażeń: <p>
TalentDesc/DOC_LUCKY_FIND	Zawsze znajduje rzadsze przedmioty
TalentDesc/DOC_LUCKY_FIND_RARE	Zawsze znajduje rzadkie przedmioty
TalentDesc/DOC_LUCKY_SHOT	Zawsze wyrzuca maksymalne obrażenia
TalentDesc/DOC_QUICK	Przeładowanie magazynka, sekundy: <d>
TalentDesc/DOC_SHOT_SIZE	Obrażenia: <d>, przeładowanie magazynka, sekundy: <d2>
TalentDesc/DOC_SLEIGHT_OF_HAND	Szansa na darmowy zakup: <p>
TalentDesc/DOC_WINNER	Dodatkowe zabójstwa popisem: <d>
TalentDesc/FLETCH_ALTER_REALITY	Losuje od nowa strażników blokady
TalentDesc/FLETCH_DEADLY	Obrażenia: <d>
TalentDesc/FLETCH_EXPLODER	Wybuchowa strzała, obrażenia: <d>
TalentDesc/FLETCH_EXPOSE_WEAKNESS	Blah
TalentDesc/FLETCH_GRIT_FINDER	Asy w starciach na pustkowiu: <p>
TalentDesc/FLETCH_ITEM_FLUCTUATION	Ponowne losowanie znalezionych przedmiotów: <d>
TalentDesc/FLETCH_MIND_MODIFIER	Przejęcie po trafieniu: <p>
TalentDesc/FLETCH_MIX_TIMELINES	Dodatkowy as jest losowy
TalentDesc/FLETCH_PERCEIVE_WEAKNESS	Obrażenia Karzycielom: <p>
TalentDesc/FLETCH_RIFT_TWEAKER	Wrogowie z furtek są przejęci: <p>
TalentDesc/FLETCH_SCALED	Zdrowie: <d>, pancerz: <d2>
TalentDesc/FLETCH_TALENT_FLUCTUATION	Ponowne losowanie asów do wyboru: <d>
TalentDesc/FLETCH_TIME_WALKER	Po nokaucie wraca do walki, razy na starcie: <d>
TalentDesc/GENERIC_ACCURATE	Rozrzut strzałów: <p>
TalentDesc/GENERIC_BRUTAL	Strzały w serii: <d>
TalentDesc/GENERIC_BULLETPROOF	Pancerz: <d>
TalentDesc/GENERIC_DEADLY	Obrażenia: <p>
TalentDesc/GENERIC_EAGLE_EYED	Przybliżenie broni: <p>, obrażenia przy celowaniu: <p2>
TalentDesc/GENERIC_FARSIGHTED	Zasięg widzenia na planecie: <d>
TalentDesc/GENERIC_FAST_RIDER	Ruchy na planecie: <d>
TalentDesc/GENERIC_FEARSOME	Ucieczka wrogów z blokady: <p>
TalentDesc/GENERIC_FORCEFUL	Odrzut celu: <p>
TalentDesc/GENERIC_HIGH_VELOCITY	Prędkość pocisku: <p>
TalentDesc/GENERIC_INNOCENT	Tury do przybycia księcia: <d>
TalentDesc/GENERIC_LASER_RESIST	Odporność na lasery: <p>, zdrowie: <d2>
TalentDesc/GENERIC_PENETRATING	Strzały przebijają pancerz
TalentDesc/GENERIC_POISON_RESIST	Odporność na truciznę: <p>, zdrowie: <d2>
TalentDesc/GENERIC_POWERFUL	+10% obszaru popisu
TalentDesc/GENERIC_PROTON_RESIST	Odporność na protony: <p>, zdrowie: <d2>
TalentDesc/GENERIC_QUICK	Czas przeładowania: <p>
TalentDesc/GENERIC_RAPID_FIRE	Szybkostrzelność: <p>
TalentDesc/GENERIC_RESOLUTE	Czas trwania popisu: <p>
TalentDesc/GENERIC_SHOOTER	Amunicja: <d>
TalentDesc/GENERIC_SHREDDER	Szatkowanie pancerza: <d>
TalentDesc/GENERIC_SLAYER	Obrażenia krytyczne: <p>
TalentDesc/GENERIC_SONIC_RESIST	Odporność na dźwięk: <p>, zdrowie: <d2>
TalentDesc/GENERIC_SPEEDY	Szybkość w starciu: <d>
TalentDesc/GENERIC_STRONG	Siła rzutu: <p>
TalentDesc/GENERIC_THUNDERCLAP	 Ogłuszenie, sekundy: <d>
TalentDesc/GENERIC_TOUGH	Zdrowie: <d>
TalentDesc/HOPALONG_CARNIVORE	Szansa na apteczkę po zabiciu zwierzęcia: <p>
TalentDesc/HOPALONG_COWBOY	Obrażenia zwierzętom: <d>
TalentDesc/HOPALONG_DEADLY	Obrażenia: <d>
TalentDesc/HOPALONG_DETERMINED	Odporność na obrażenia podczas duszenia: <p>
TalentDesc/HOPALONG_LONER	Niesława ze starcia w pojedynkę: <p>
TalentDesc/HOPALONG_LONG_REACH	Zasięg lassa: <d>
TalentDesc/HOPALONG_RAWHIDE	Czas ogłuszenia Trzaskiem bicza: <p>
TalentDesc/HOPALONG_REGENERATOR	Leczenie co turę na planecie: <d>
TalentDesc/HOPALONG_RESOLUTE	Czas trwania popisu: <d>
TalentDesc/HOPALONG_ROUNDUP	Szansa, że jedna grupa zwierząt zginie przed starciem na blokadzie: <p>
TalentDesc/HOPALONG_SONIC_BOOM	Czas ogłuszenia Trzaskiem bicza: <d>
TalentDesc/HOPALONG_TRICK_RIDER	Ucieczka przed patrolem, sforą lub obławą: <p>
TalentDesc/JUDGE_DEADLY	Obrażenia: <d>
TalentDesc/JUDGE_DEATH_SENTENCE	Każde zabójstwo przedłuża popis, sekundy: <d>
TalentDesc/JUDGE_DOUBLE_JEOPARDY	Obrażenia w czasie kuli: <p>
TalentDesc/JUDGE_EXECUTIONER	Szybkie przeładowanie po zabójstwie
TalentDesc/JUDGE_FOCUS	Obrażenia: <d>, zdrowie: <d2>
TalentDesc/JUDGE_HEAVY_PLATE	Pancerz: <d>, szybkość w starciu: <d2>
TalentDesc/JUDGE_IMPLACABLE	Szansa na powrót do walki po zabiciu wroga: <p>
TalentDesc/JUDGE_JUSTICE	Leczenie po zabójstwie: <d>
TalentDesc/JUDGE_METALLIC	Pancerz: <d>, odnowa pancerza po starciu: <d2>
TalentDesc/JUDGE_SNAPSHOT	Szybkie przeładowanie po krytyku
TalentDesc/JUDGE_SNIPER	Natychmiastowe przeładowanie po krytyku: <p>
TalentDesc/JUDGE_STAGGER	Ogłuszenie: <d>
TalentDesc/KABOOM_BLAST_WAVE	Odrzut od wybuchu: <p>
TalentDesc/KABOOM_BUOYANT	Unosi się na wodzie
TalentDesc/KABOOM_DEADLY	Obrażenia: <d>
TalentDesc/KABOOM_DEMOLISHER	Bomby w dynamicie: <d>
TalentDesc/KABOOM_EXPLODER	Promień wybuchu dynamitu: <p>
TalentDesc/KABOOM_FLOATING	Brak obrażeń od upadku
TalentDesc/KABOOM_GLINT_MINER	Znajduje błysk w kopalniach
TalentDesc/KABOOM_GOLD_BUG	Dodatkowy błysk w każdym miejscu: <p>
TalentDesc/KABOOM_MINER	Losowe znajdźki w kopalniach: <d>
TalentDesc/KABOOM_PROSPECTOR	Błysk: <d>
TalentDesc/KABOOM_REACTIVE	Wybucha po trafieniu, obrażenia: <d>
TalentDesc/KABOOM_REACTIVE_STUN	Wybucha po trafieniu, obrażenia: <d>, ogłuszenie, sekundy: <d>
TalentDesc/KABOOM_RESOLUTE	Czas trwania popisu, sekundy: <d>
TalentDesc/KABOOM_SHOCK_PROOF	Odporność na ogień: <p>
TalentDesc/KABOOM_SHOCK_WAVE	Dynamit i bomby ogłuszają, sekundy: <d>
TalentDesc/KABOOM_SHORT_FUSE	Dynamit wybucha w zetknięciu z wrogiem
TalentDesc/KABOOM_SILENT	Porusza się bezszelestnie
TalentDesc/KABOOM_SNEAKY	Rzut dynamitem nie przerywa niewidzialności
TalentDesc/KABOOM_VAPOROUS	Odporność na obrażenia: <p>
TalentDesc/LAIKA_BRITTLE_SHIELDING	Pancerz: <d>, zdrowie: <d2>
TalentDesc/LAIKA_CHARGE_ENGINEER	Nagrzewanie: <p>
TalentDesc/LAIKA_CHARGE_SHIELDING	Nietykalność podczas Odpalenia
TalentDesc/LAIKA_DEADLY	Obrażenia: <d>
TalentDesc/LAIKA_DROP_TECHNICIAN	Użycia miejsc zrzutu: <d>
TalentDesc/LAIKA_ENTRY_TECHNICIAN	Rozproszeni banici na planetę: <d>
TalentDesc/LAIKA_FLYER	Przytrzymaj skok, by latać
TalentDesc/LAIKA_HIGH_ENERGY	Obrażenia: <d>, nagrzewanie: <p2>
TalentDesc/LAIKA_HIGH_FREQUENCY	Strzały przebijają pancerz
TalentDesc/LAIKA_LEAPER	Wysokość skoku: <p>, brak obrażeń od upadku
TalentDesc/LAIKA_MULTI_CHARGE	Seria: <d>, obrażenia: <d2>
TalentDesc/LAIKA_ORBITAL_SURVEY	Odkrywa mapę okolicy na planecie
TalentDesc/LAIKA_RIFT_LOCATER	Położenie furtek widać na kompasie
TalentDesc/LAIKA_SHINE_SUPPLIER	Bimber na starcie: <d2>
TalentDesc/LAIKA_TRAVELLER	Może się teleportować do innych banitów
TalentDesc/LEGS_CHARMING	Odbicie obrażeń od strażników: <p>
TalentDesc/LEGS_CITY_SLICKER	Przejęci strażnicy w starciu w mieście: <d>
TalentDesc/LEGS_DEADLY	Obrażenia: <d>
TalentDesc/LEGS_HORMONE_HARVESTER	Szał po zabiciu strażnika: <p>
TalentDesc/LEGS_ORGAN_HARVESTER	Nietykalność po zabiciu strażnika: <p>
TalentDesc/LEGS_RINGLEADER	Obrażenia przejętych strażników: <p>
TalentDesc/MAMA_BACKSTABBER	Strzały w plecy są krytyczne
TalentDesc/MAMA_DEADLY	Obrażenia: <d>
TalentDesc/MAMA_DECEIVER	Przejęcie losowego strażnika po zabójstwie: <p>
TalentDesc/MAMA_GUNBUCKET_HIDE	Niewidzialna dla luf
TalentDesc/MAMA_HARVESTER	Szał po zabiciu Karzyciela: <p>
TalentDesc/MAMA_JACKBOX_HIDE	Niewidzialna dla skrzynek-pułapek
TalentDesc/MAMA_LOW_PROFILE	Zasięg wykrycia przez ochronę: <p>
TalentDesc/MAMA_MAGNUM	Obrażenia: <d>, rozrzut strzałów: <p2>
TalentDesc/MAMA_MESMERISING	Szansa, że patrol się podda: <p>
TalentDesc/MAMA_NEGOTIATOR	Ostatni wróg ucieka
TalentDesc/MAMA_PERSUASIVE	Przejęcie strażnika przed starciem
TalentDesc/MAMA_QUICK	Przeładowanie magazynka, sekundy: <d>
TalentDesc/MAMA_REAPER	Apteczka po zabiciu Karzyciela: <p>
TalentDesc/MAMA_RESOLUTE	Czas trwania wabika, sekundy: <d>
TalentDesc/MAMA_SINISTER	Postrzelony wróg ucieka: <p>
TalentDesc/MAMA_TROUBLEMAKER	Obrażenia dla wrogów na początku starcia: <d>
TalentDesc/MAMA_UNSTABLE_DECOY	Wabik odbija strzały
TalentDesc/PREACH_BARTENDER	Bimber dla innych banitów po starciu: <d>
TalentDesc/PREACH_BENEFICENT	Gdy Kaznodzieja leczy się w walce, partner też się leczy
TalentDesc/PREACH_BLESSED_GATLING	Leczenie popisem: <p>
TalentDesc/PREACH_BRIMSTONE	Obrażenia od ognia: <d2>
TalentDesc/PREACH_DEADLY	Obrażenia: <d>
TalentDesc/PREACH_FAITH	Pancerz: <d>, zdrowie: <d2>
TalentDesc/PREACH_FRIEND	Leczenie banitów w grupie co turę na planecie: <d>
TalentDesc/PREACH_GUIDED	Znajduje apteczki w kościołach
TalentDesc/PREACH_HEALER	Leczenie siebie i partnera po starciu: <d>
TalentDesc/PREACH_POWERED_GATLING	Czas rozkręcania: <d>
TalentDesc/PREACH_PROTECTED	Szansa na apteczkę po trafieniu: <p>
TalentDesc/PREACH_QUICK	Przeładowanie magazynka, sekundy: <d>
TalentDesc/PREACH_RESOLUTE	Czas trwania popisu: <d>
TalentDesc/PREACH_RETRIBUTION	Po trafieniu rani też strzelca: <p>
TalentDesc/PREACH_SHARDING	Wybuch po trafieniu, obrażenia: <d>
TalentDesc/PREACH_SHOOTER	Amunicja: <d>
TalentDesc/PREACH_TINKERER	Pancerz dla innych banitów po starciu: <d>
TalentDesc/PREACH_VENGEFUL	Przy zdrowiu <r> lub niższym obrażenia: <p2>
TalentDesc/RADIUM_CARAPACE	Odnowa pancerza co turę na planecie: <d>
TalentDesc/RADIUM_INTENSE	Odstęp obrażeń od promieniowania: <d>
TalentDesc/RADIUM_NITRO_POWERED	Po użyciu nitro leczenie: <d>, pancerz: <d>, bimber: <d>
TalentDesc/RADIUM_OPTIMISER	Po użyciu nitro zdrowie: <d>, pancerz: <d2>, bimber: <d3>
TalentDesc/RADIUM_PREPARED	Poziom znalezionych przedmiotów: <d>
TalentDesc/RADIUM_RADIOACTIVE	Napromieniowani wrogowie na starcie: <d>
TalentDesc/RADIUM_SCROUNGER	Dodatkowe znalezione przedmioty: <d>
TalentDesc/RAWHIDE_DEADLY	Obrażenia: <d>
TalentDesc/RAWHIDE_GRIZZLY_WHISPERER	Sojusznicze grizzly
TalentDesc/RAWHIDE_KYOTE_WHISPERER	Sojusznicze kojoty: <d2>
TalentDesc/RAWHIDE_KYOTE_WHISPERER_ARMORED	Sojusznicze opancerzone kojoty: <d2>
TalentDesc/RAWHIDE_MULTI_SHOT	Seria: <d>, obrażenia: <d2>
TalentDesc/RAWHIDE_PACK_LEADER	Obrażenia przejętych zwierząt: <p>
TalentDesc/RAWHIDE_SNARER	Przejęcie zwierzęcia przed starciem
TalentDesc/RAWHIDE_SONIC_ENGINEER	Szybkość chłodzenia karabinu dźwiękowego: <p>
TalentDesc/RAWHIDE_STORM_CHASER	W czasie burzy wrogowie zaczynają z 1 punktem zdrowia
TalentDesc/RAWHIDE_THUNDERCLAP	Ogłuszenie, sekundy: <d>
TalentDesc/RAWHIDE_TRAPPER	NIEUŻYWANE
TalentDesc/SARGE_BRONCO	Ruchy na planecie: <d>
TalentDesc/SARGE_DEADLY	Obrażenia: <d>
TalentDesc/SARGE_FORAGER	Wydaj ruchy (<d>), by znaleźć pancerz na drodze: <d>
TalentDesc/SARGE_FRISKY	Ruchy po odwiedzeniu miejsca: <d>
TalentDesc/SARGE_KILLER	Szansa na krytyka poza słabym punktem: <p>
TalentDesc/SARGE_RECYCLER	Pancerz po zabiciu opancerzonego wroga: <d>
TalentDesc/SARGE_SURVIVOR	Pancerz po starciu: <d>
TalentDesc/SARGE_TACTICIAN	Może działać po odwrocie ze starcia
TalentDesc/SARGE_VETERAN	Przejęcie korbiarzy przed starciem: <p>
TalentDesc/SARGE_X_RAY	Widzi informacje o wrogach przez przeszkody
TalentDesc/SMOKY_ALREADY_BURNING	Odporność na ogień: <p>
TalentDesc/SMOKY_BEANANZA	Więcej fasoli na każdej odwiedzonej planecie
TalentDesc/SMOKY_CHOW_BELL	Sojuszniczy rewolwerowiec
TalentDesc/SMOKY_CHOW_BELL_TRAINED	Sojuszniczy wyszkolony rewolwerowiec
TalentDesc/SMOKY_CHOW_BELL_VETERAN	Sojuszniczy zaprawiony rewolwerowiec
TalentDesc/SMOKY_COOK	Tury działania jadłodajni: <d>
TalentDesc/SMOKY_DEADLY	Obrażenia: <d>
TalentDesc/SMOKY_FIERY	Zdrowie: <d>, podwójne obrażenia od trucizny
TalentDesc/SMOKY_FRIENDLY	Na planecie wszyscy banici są kumplami
TalentDesc/SMOKY_LEFTOVERS	Wycofane
TalentDesc/SMOKY_ON_FIRE	Odporność na ogień: <p>
TalentDesc/SMOKY_PANIC	Wróg ucieka po zabójstwie: <p>
TalentDesc/SMOKY_PURE_FLAME	Zdrowie: <d>, podatność na wodę: <p2>
TalentDesc/SMOKY_RADIANT	Śnieg go nie spowalnia
TalentDesc/SMOKY_RAPID_FIRE	Szybkostrzelność: <p>
TalentDesc/SMOKY_SUPERHEATED	Odstęp obrażeń od ognia, sekundy: <d>
TalentDesc/SMOKY_TAKE_OUT	Apteczki na starcie: <d2>
TalentDesc/SMOKY_TERRIFYING	Wycofane
TalentDesc/SPIKE_DEADLY	Obrażenia: <d>
TalentDesc/SPIKE_KRAM_ADDICT	Leczenie po podniesieniu bimbru: <d>
TalentDesc/SPIKE_KRAM_MINER	Wycofane
TalentDesc/SPIKE_NIGHTFIGHTER	Obrażenia nocą: <p>
TalentDesc/SPIKE_POWER_HACKER	Tury działania elektrowni: <d>
TalentDesc/SPIKE_QUICK	Przeładowanie, sekundy: <d>
TalentDesc/SPIKE_SECURITY_HACKER	Ochrona przejmowana samoczynnie na starcie: <d>
TalentDesc/SPIKE_VANDAL	NIEUŻYWANE
TalentEffect/JUDGE_METALLIC	Pancerz
TalentEffect/JUDGE_METALLIC_2	Pancerz
TalentEffect/PREACH_HEALER	Zdrowie
TalentEffect/PREACH_HEALER_2	Zdrowie
TalentEffect/PREACH_HEALER_3	Zdrowie
TalentEffect/PREACH_TINKERER	Pancerz
TalentEffect/SARGE_SURVIVOR	Pancerz
TalentEffect/SARGE_SURVIVOR_2	Pancerz
TalentName/BILLY_CLOUD_OF_INK	Chmura atramentu
TalentName/BILLY_DEADLY	Zabójczość
TalentName/BILLY_DUELER	Pojedynkowicz
TalentName/BILLY_GIANT_SLAYER	Pogromca olbrzymów
TalentName/BILLY_JUST_A_KID	Tylko dzieciak
TalentName/BILLY_QUICK	Szybkie ręce
TalentName/BILLY_SHOOTER	Zapas kul
TalentName/BILLY_SOMETHING_TO_PROVE	Coś do udowodnienia
TalentName/BILLY_TENACIOUS	Nieustępliwość
TalentName/CUFFS_BADGED	Odznaka
TalentName/CUFFS_DEADLY_TURRETS	Zabójcze działka
TalentName/CUFFS_INSIDER	Wtyczka
TalentName/CUFFS_POISON_SPORES	Trujące zarodniki
TalentName/CUFFS_STUNNING_TURRETS	Ogłuszające działka
TalentName/DOC_BARTERER	Handlarz
TalentName/DOC_CASHED_UP	Przy forsie
TalentName/DOC_CHARMED	W czepku urodzony
TalentName/DOC_GIFTED	Dar losu
TalentName/DOC_INVESTOR	Księgowy
TalentName/DOC_LUCKY_BOUNCE	Szczęśliwy rykoszet
TalentName/DOC_LUCKY_ESCAPE	Szczęśliwa ucieczka
TalentName/DOC_LUCKY_FIND	Szczęśliwy traf
TalentName/DOC_LUCKY_FIND_RARE	Szczęśliwy traf+
TalentName/DOC_LUCKY_SHOT	Szczęśliwy strzał
TalentName/DOC_QUICK	Szybkie ręce
TalentName/DOC_SHOT_SIZE	Ładunek 000
TalentName/DOC_SLEIGHT_OF_HAND	Sztuczka
TalentName/DOC_WINNER	Zwycięzca
TalentName/FLETCH_ALTER_REALITY	Zmiana rzeczywistości
TalentName/FLETCH_DEADLY	Zabójczość
TalentName/FLETCH_EXPLODER	Wybuchowa strzała
TalentName/FLETCH_EXPOSE_WEAKNESS	Dostrzeżenie słabości
TalentName/FLETCH_GRIT_FINDER	Tropicielka hartu
TalentName/FLETCH_ITEM_FLUCTUATION	Fluktuacja przedmiotów
TalentName/FLETCH_MIND_MODIFIER	Modyfikator umysłu
TalentName/FLETCH_MIX_TIMELINES	Pomieszanie linii czasu
TalentName/FLETCH_PERCEIVE_WEAKNESS	Wypatrzenie słabości
TalentName/FLETCH_RIFT_TWEAKER	Przestrojenie furtek
TalentName/FLETCH_SCALED	Łuski
TalentName/FLETCH_TALENT_FLUCTUATION	Fluktuacja asów
TalentName/FLETCH_TIME_WALKER	Spacer w czasie
TalentName/GENERIC_ACCURATE	Celność
TalentName/GENERIC_BRUTAL	Brutalność
TalentName/GENERIC_BULLETPROOF	Kuloodporność
TalentName/GENERIC_DEADLY	Zabójczość
TalentName/GENERIC_EAGLE_EYED	Sokole oko
TalentName/GENERIC_FARSIGHTED	Dalekowzroczność
TalentName/GENERIC_FAST_RIDER	Szybka jazda
TalentName/GENERIC_FEARSOME	Groza
TalentName/GENERIC_FORCEFUL	Impet
TalentName/GENERIC_HIGH_VELOCITY	Duża prędkość
TalentName/GENERIC_INNOCENT	Skrytość
TalentName/GENERIC_LASER_RESIST	Odporność na lasery
TalentName/GENERIC_PENETRATING	Przebicie
TalentName/GENERIC_POISON_RESIST	Odporność na truciznę
TalentName/GENERIC_POWERFUL	Moc
TalentName/GENERIC_PROTON_RESIST	Odporność na protony
TalentName/GENERIC_QUICK	Szybkie ręce
TalentName/GENERIC_RAPID_FIRE	Szybki ogień
TalentName/GENERIC_RESOLUTE	Na bimbrze
TalentName/GENERIC_SHOOTER	Zapas kul
TalentName/GENERIC_SHREDDER	Szatkownica
TalentName/GENERIC_SLAYER	Rzeź
TalentName/GENERIC_SONIC_RESIST	Odporność na dźwięk
TalentName/GENERIC_SPEEDY	Chyżość
TalentName/GENERIC_STRONG	Krzepa
TalentName/GENERIC_THUNDERCLAP	Grom
TalentName/GENERIC_TOUGH	Twardość
TalentName/HOPALONG_CARNIVORE	Mięsożerca
TalentName/HOPALONG_COWBOY	Kowboj
TalentName/HOPALONG_DEADLY	Zabójczość
TalentName/HOPALONG_DETERMINED	Determinacja
TalentName/HOPALONG_LONER	Samotnik
TalentName/HOPALONG_LONG_REACH	Długi zasięg
TalentName/HOPALONG_RAWHIDE	Surowa skóra
TalentName/HOPALONG_REGENERATOR	Regeneracja
TalentName/HOPALONG_RESOLUTE	Wytrwałość
TalentName/HOPALONG_ROUNDUP	Spęd
TalentName/HOPALONG_SONIC_BOOM	Huk dźwiękowy
TalentName/HOPALONG_TRICK_RIDER	Woltyżer
TalentName/JUDGE_DEADLY	Zabójczość
TalentName/JUDGE_DEATH_SENTENCE	Wyrok śmierci
TalentName/JUDGE_DOUBLE_JEOPARDY	Podwójna kara
TalentName/JUDGE_EXECUTIONER	Kat
TalentName/JUDGE_FOCUS	Skupienie
TalentName/JUDGE_HEAVY_PLATE	Heavy metal
TalentName/JUDGE_IMPLACABLE	Nieubłagany
TalentName/JUDGE_JUSTICE	Sprawiedliwość
TalentName/JUDGE_METALLIC	Metal
TalentName/JUDGE_SNAPSHOT	Strzał z biodra
TalentName/JUDGE_SNIPER	Snajper
TalentName/JUDGE_STAGGER	Zachwianie
TalentName/KABOOM_BLAST_WAVE	Fala uderzeniowa
TalentName/KABOOM_BUOYANT	Pływalność
TalentName/KABOOM_DEADLY	Zabójczość
TalentName/KABOOM_DEMOLISHER	Burzyciel
TalentName/KABOOM_EXPLODER	Wybuchowiec
TalentName/KABOOM_FLOATING	Unoszenie
TalentName/KABOOM_GLINT_MINER	Górnik błysku
TalentName/KABOOM_GOLD_BUG	Gorączka błysku
TalentName/KABOOM_MINER	Górnik
TalentName/KABOOM_PROSPECTOR	Poszukiwacz
TalentName/KABOOM_REACTIVE	Reaktywność
TalentName/KABOOM_REACTIVE_STUN	Reaktywność+
TalentName/KABOOM_RESOLUTE	Na bimbrze
TalentName/KABOOM_SHOCK_PROOF	Ognioodporność
TalentName/KABOOM_SHOCK_WAVE	Fala wstrząsowa
TalentName/KABOOM_SHORT_FUSE	Krótki lont
TalentName/KABOOM_SILENT	Cisza
TalentName/KABOOM_SNEAKY	Skrytość
TalentName/KABOOM_VAPOROUS	Opar
TalentName/LAIKA_BRITTLE_SHIELDING	Osłona
TalentName/LAIKA_CHARGE_ENGINEER	Chłodzenie cieczą
TalentName/LAIKA_CHARGE_SHIELDING	Osłona startowa
TalentName/LAIKA_DEADLY	Zabójczość
TalentName/LAIKA_DROP_TECHNICIAN	Technik zrzutu
TalentName/LAIKA_ENTRY_TECHNICIAN	Technik wejścia
TalentName/LAIKA_FLYER	Lotnik
TalentName/LAIKA_HIGH_ENERGY	Wysoka energia
TalentName/LAIKA_HIGH_FREQUENCY	Wysoka częstotliwość
TalentName/LAIKA_LEAPER	Skoczek
TalentName/LAIKA_MULTI_CHARGE	Rozszczepienie
TalentName/LAIKA_ORBITAL_SURVEY	Rozpoznanie z orbity
TalentName/LAIKA_RIFT_LOCATER	Lokalizator furtek
TalentName/LAIKA_SHINE_SUPPLIER	Dostawca bimbru
TalentName/LAIKA_TRAVELLER	Podróżnik
TalentName/LEGS_CHARMING	Urok osobisty
TalentName/LEGS_CITY_SLICKER	Miastowa
TalentName/LEGS_DEADLY	Zabójczość
TalentName/LEGS_HORMONE_HARVESTER	Zbieraczka hormonów
TalentName/LEGS_ORGAN_HARVESTER	Zbieraczka narządów
TalentName/LEGS_RINGLEADER	Prowodyrka
TalentName/MAMA_BACKSTABBER	Cios w plecy
TalentName/MAMA_DEADLY	Zabójczość
TalentName/MAMA_DECEIVER	Zastraszanie
TalentName/MAMA_GUNBUCKET_HIDE	Przepustka u luf
TalentName/MAMA_HARVESTER	Żniwa
TalentName/MAMA_JACKBOX_HIDE	Przepustka u skrzynek
TalentName/MAMA_LOW_PROFILE	Dyskrecja
TalentName/MAMA_MAGNUM	Magnum
TalentName/MAMA_MESMERISING	Hipnoza
TalentName/MAMA_NEGOTIATOR	Negocjacje
TalentName/MAMA_PERSUASIVE	Perswazja
TalentName/MAMA_PERSUASIVE_2	Perswazja+
TalentName/MAMA_QUICK	Szybkie ręce
TalentName/MAMA_REAPER	Głód
TalentName/MAMA_RESOLUTE	Na bimbrze
TalentName/MAMA_SINISTER	Złowrogość
TalentName/MAMA_TROUBLEMAKER	Zadymiara
TalentName/MAMA_UNSTABLE_DECOY	Mściwy wabik
TalentName/PREACH_BARTENDER	Barmanka
TalentName/PREACH_BENEFICENT	Dobroczynność
TalentName/PREACH_BLESSED_GATLING	Błogosławiony gatling
TalentName/PREACH_BRIMSTONE	Siarka
TalentName/PREACH_DEADLY	Zabójczość
TalentName/PREACH_FAITH	Wiara
TalentName/PREACH_FRIEND	Przyjaźń
TalentName/PREACH_GUIDED	Opatrzność
TalentName/PREACH_HEALER	Uzdrowicielka
TalentName/PREACH_POWERED_GATLING	Gatling z napędem
TalentName/PREACH_PROTECTED	Ochrona
TalentName/PREACH_QUICK	Szybkie ręce
TalentName/PREACH_RESOLUTE	Na bimbrze
TalentName/PREACH_RETRIBUTION	Odpłata
TalentName/PREACH_SHARDING	Odłamki
TalentName/PREACH_SHOOTER	Zapas kul
TalentName/PREACH_TINKERER	Majsterkowiczka
TalentName/PREACH_VENGEFUL	Mściwość
TalentName/RADIUM_CARAPACE	Skorupa
TalentName/RADIUM_INTENSE	Intensywność
TalentName/RADIUM_NITRO_POWERED	Na nitro
TalentName/RADIUM_OPTIMISER	Optymalizator
TalentName/RADIUM_PREPARED	Przezorność
TalentName/RADIUM_RADIOACTIVE	Radioaktywność
TalentName/RADIUM_SCROUNGER	Szperacz
TalentName/RAWHIDE_DEADLY	Zabójczość
TalentName/RAWHIDE_GRIZZLY_WHISPERER	Zaklinacz grizzly
TalentName/RAWHIDE_KYOTE_WHISPERER	Zaklinacz kojotów
TalentName/RAWHIDE_KYOTE_WHISPERER_ARMORED	Zaklinacz kojotów+
TalentName/RAWHIDE_MULTI_SHOT	Wielostrzał
TalentName/RAWHIDE_PACK_LEADER	Przywódca stada
TalentName/RAWHIDE_SNARER	Poskramiacz zwierząt
TalentName/RAWHIDE_SONIC_ENGINEER	Inżynier dźwięku
TalentName/RAWHIDE_STORM_CHASER	Łowca burz
TalentName/RAWHIDE_THUNDERCLAP	Grom
TalentName/RAWHIDE_TRAPPER	Traper
TalentName/SARGE_BRONCO	Mustang
TalentName/SARGE_DEADLY	Zabójczość
TalentName/SARGE_FORAGER	Zbieracz
TalentName/SARGE_FRISKY	Wigor
TalentName/SARGE_KILLER	Zabójca
TalentName/SARGE_RECYCLER	Recykling
TalentName/SARGE_SURVIVOR	Przetrwanie
TalentName/SARGE_TACTICIAN	Taktyka
TalentName/SARGE_VETERAN	Weteran
TalentName/SARGE_X_RAY	Optyka rentgenowska
TalentName/SMOKY_ALREADY_BURNING	Już płonie
TalentName/SMOKY_BEANANZA	Fasolowa bonanza
TalentName/SMOKY_CHOW_BELL	Dzwonek na obiad
TalentName/SMOKY_CHOW_BELL_TRAINED	Dzwonek na obiad+
TalentName/SMOKY_CHOW_BELL_VETERAN	Dzwonek na obiad++
TalentName/SMOKY_COOK	Kucharz
TalentName/SMOKY_DEADLY	Zabójczość
TalentName/SMOKY_FIERY	Ognistość
TalentName/SMOKY_FRIENDLY	Swojskość
TalentName/SMOKY_LEFTOVERS	Resztki
TalentName/SMOKY_ON_FIRE	W ogniu
TalentName/SMOKY_PANIC	Panika
TalentName/SMOKY_PURE_FLAME	Czysty płomień
TalentName/SMOKY_RADIANT	Żar
TalentName/SMOKY_RAPID_FIRE	Szybki ogień
TalentName/SMOKY_SUPERHEATED	Przegrzanie
TalentName/SMOKY_TAKE_OUT	Na wynos
TalentName/SMOKY_TERRIFYING	Groza
TalentName/SPIKE_DEADLY	Zabójczość
TalentName/SPIKE_KRAM_ADDICT	Bimbrowy nałóg
TalentName/SPIKE_KRAM_MINER	Wycofane
TalentName/SPIKE_NIGHTFIGHTER	Nocny wojownik
TalentName/SPIKE_POWER_HACKER	Haker zasilania
TalentName/SPIKE_QUICK	Szybkie ręce
TalentName/SPIKE_SECURITY_HACKER	Haker ochrony
TalentName/SPIKE_VANDAL	Wandal
TalentRank/0	Podstawowy
TalentRank/1	Lepszy
TalentRank/2	Pierwszorzędny
TalentRank/3	Legendarny
TraitDesc/Accessible	Bez rozproszenia
TraitDesc/Alerted	Blokada więzienia wyższego poziomu
TraitDesc/AlwaysNight	Brak tur dziennych
TraitDesc/AssassinBounty	Więcej niesławy za każdego zabitego zabójcę
TraitDesc/Baking	Podwójna utrata naładowania
TraitDesc/Balmy	Brak utraty naładowania
TraitDesc/Barrabas	Barrabas wyląduje jako pierwszy z książąt
TraitDesc/Beans	Dużo fasoli do zebrania
TraitDesc/BlasterBounty	Więcej niesławy za każdego zabitego wysadzacza
TraitDesc/BonusKram	Więcej tabaki w znajdźkach
TraitDesc/Bounty	Nagrody w cramm za zabicie: 
TraitDesc/BushwhackerBounty	Więcej niesławy za każdego zabitego czatownika
TraitDesc/Calm	Brak burz
TraitDesc/Civilized	Brak zwierząt na blokadach
TraitDesc/Corrupt	Strażników blokad można przekupić
TraitDesc/CrankerBounty	Więcej niesławy za każdego zabitego korbiarza
TraitDesc/Crowded	Więcej miejsc
TraitDesc/Deadly	Wszystkie obrażenia są podwojone
TraitDesc/Desolate	Brak miast
TraitDesc/Developed	Dużo teleporterów
TraitDesc/EnemyStrengthHidden	Siła wrogów ukryta
TraitDesc/Francisco	Francisco wyląduje jako pierwsza z książąt
TraitDesc/Frontier	Brak teleporterów
TraitDesc/GoodItems	Lepsze przedmioty do zebrania
TraitDesc/GrizzlyBounty	Więcej niesławy za każdego zabitego grizzly
TraitDesc/GunhandAllies	W każdym starciu są sojuszniczy rewolwerowcy
TraitDesc/GunhandBounty	Więcej niesławy za każdego zabitego rewolwerowca
TraitDesc/Hard	Twardzi wrogowie, więcej łupów
TraitDesc/Heroic	Pojedynczy potężni wrogowie
TraitDesc/HollowedOut	Dużo zapadlisk, brak teleporterów
TraitDesc/Holy	Rany zamieniają się w utratę naładowania
TraitDesc/HunterBounty	Więcej niesławy za każdego zabitego łowcę
TraitDesc/IllStarred	Banici nie mogą się łączyć w grupy
TraitDesc/Inaccessible	Wszyscy banici poza jednym się rozpraszają
TraitDesc/Insecure	Brak ochrony na blokadach
TraitDesc/Invigorating	Każdy banita dostaje dodatkowego asa
TraitDesc/IroncladBounty	Więcej niesławy za każdego zabitego żelaźniaka
TraitDesc/Itinerant	Brak blokad, dużo patroli i sfor
TraitDesc/KyoteAllies	W każdym starciu są sojusznicze kojoty
TraitDesc/KyoteBounty	Więcej niesławy za każdego zabitego kojota
TraitDesc/Lawless	Brak patroli i sfor
TraitDesc/LockedDown	Dużo patroli
TraitDesc/LongTime	Książę przybywa później
TraitDesc/LowGravity	Wszystko spada wolniej
TraitDesc/ManyChitLocations	Więcej cramm niż na większości planet
TraitDesc/ManyDropLocations	Dużo miejsc zrzutu
TraitDesc/ManyItems	Więcej przedmiotów niż na większości planet
TraitDesc/ManyPacks	Dużo sfor
TraitDesc/ManyRifts	We wszystkich starciach są furtki
TraitDesc/ManyStagecoaches	Dużo wozów
TraitDesc/MorticianBounty	Więcej niesławy za każdego zabitego grabarza
TraitDesc/Mutagenic	Wrogowie zmieniają się co turę
TraitDesc/Navs	Dużo nadajników do zebrania
TraitDesc/NightOwls	Mniej strażników za dnia, nie nocą
TraitDesc/NoArmor	Wszyscy zaczynają bez pancerza
TraitDesc/NoAssassin	[BLANK]
TraitDesc/NoBear	[BLANK]
TraitDesc/NoBomber	[BLANK]
TraitDesc/NoBushwhacker	[BLANK]
TraitDesc/NoGrenadier	[BLANK]
TraitDesc/NoGunhand	[BLANK]
TraitDesc/NoIronclad	[BLANK]
TraitDesc/NoMachineGunner	[BLANK]
TraitDesc/NoMarksman	[BLANK]
TraitDesc/NoNight	Brak tur nocnych
TraitDesc/NoPorcupine	[BLANK]
TraitDesc/NoScorpion	[BLANK]
TraitDesc/NoShieldBearer	[BLANK]
TraitDesc/NoSnake	[BLANK]
TraitDesc/NoWolf	[BLANK]
TraitDesc/Paved	Podwójny zasięg ruchu
TraitDesc/Poor	Mniej błysku do zebrania
TraitDesc/Populous	Wszystkie blokady są w miastach
TraitDesc/PorcupineBounty	Więcej niesławy za każdego zabitego jeżozwierza
TraitDesc/RadiationRoads	Grupy kończące ruch na drodze otrzymują obrażenia. 
TraitDesc/RattlerBounty	Więcej niesławy za każdego zabitego grzechotnika
TraitDesc/ReinforcementWagon	Planetę patroluje wóz straży
TraitDesc/Rubes	Niskie ceny w sklepach
TraitDesc/Salubrious	Wszyscy banici są kumplami
TraitDesc/Secure	Dużo ochrony
TraitDesc/Shards	Dużo asów do zebrania
TraitDesc/ShinedUp	Dużo bimbru, trudniejsze blokady
TraitDesc/ShortDay	Jedna tura dnia, po niej jedna tura nocy
TraitDesc/ShortTime	Książę przybywa szybciej
TraitDesc/Shuffled	Losowe dodatkowe asy
TraitDesc/StingerBounty	Więcej niesławy za każdego zabitego żądłaka
TraitDesc/Stormy	W starciach walą pioruny
TraitDesc/Swindlers	Wysokie ceny w sklepach
TraitDesc/ThickFogOfWar	Grupy widzą mniej
TraitDesc/ThinAir	W starciach trzeba pilnować tlenu
TraitDesc/Unalert	Brak strażników przy pierwszej ucieczce z więzienia
TraitDesc/VeryHard	Twardzi wrogowie
TraitDesc/Wealthy	Więcej błysku do zebrania
TraitDesc/Wild	Brak strażników na blokadach
TraitDesc/YellowbellyBounty	Więcej niesławy za każdego zabitego cykora
TraitName/Accessible	Dostępna
TraitName/Alerted	W pogotowiu
TraitName/AlwaysNight	Bez dnia
TraitName/AssassinBounty	Nagroda za zabójców
TraitName/Baking	Surowa
TraitName/Balmy	Łagodna
TraitName/Barrabas	Barrabas
TraitName/Beans	Gastronomiczna
TraitName/BlasterBounty	Nagroda za wysadzaczy
TraitName/BonusKram	Tabaczna
TraitName/Bounty	Nagrody
TraitName/BushwhackerBounty	Nagroda za czatowników
TraitName/Calm	Spokojna
TraitName/Civilized	Cywilizowana
TraitName/Corrupt	Skorumpowana
TraitName/CrankerBounty	Nagroda za korbiarzy
TraitName/Crowded	Zatłoczona
TraitName/Deadly	Zabójcza
TraitName/Desolate	Opustoszała
TraitName/Developed	Rozwinięta
TraitName/EnemyStrengthHidden	Bez rozpoznania
TraitName/Francisco	Francisco
TraitName/Frontier	Pogranicze
TraitName/GoodItems	Najlepsze łupy
TraitName/GrizzlyBounty	Nagroda za grizzly
TraitName/GunhandAllies	Buntownicy
TraitName/GunhandBounty	Nagroda za rewolwerowców
TraitName/Hard	Elitarna
TraitName/HasEstateKeys	Ma klucze do posiadłości
TraitName/Heroic	Heroiczna
TraitName/HollowedOut	Wydrążona
TraitName/Holy	Lecznicze wody
TraitName/HunterBounty	Nagroda za łowców
TraitName/IllStarred	Choleryczna
TraitName/Inaccessible	Niedostępna
TraitName/Insecure	Niestrzeżona
TraitName/Invigorating	Pobudzona
TraitName/IroncladBounty	Nagroda za żelaźniaki
TraitName/Itinerant	Wędrowna
TraitName/KyoteAllies	Kumple Rawhide'a
TraitName/KyoteBounty	Nagroda za kojoty
TraitName/LargePlanet	Duża planeta
TraitName/Lawless	Cicha
TraitName/LockedDown	Zamknięta
TraitName/LongTime	Powolny książę
TraitName/LowGravity	Niska grawitacja
TraitName/ManyChitLocations	Dostatnia
TraitName/ManyDropLocations	Kosmiczna
TraitName/ManyItems	Wiele przedmiotów
TraitName/ManyPacks	Zwierzęta
TraitName/ManyRifts	Otwarte drzwi
TraitName/ManyStagecoaches	Handlowa
TraitName/MorticianBounty	Nagroda za grabarzy
TraitName/Mutagenic	Mutagenna
TraitName/Navs	Węzeł nawigacyjny
TraitName/NightOwls	Nocne marki
TraitName/NoArmor	Żrąca
TraitName/NoAssassin	Bez zabójców
TraitName/NoBear	Bez grizzly
TraitName/NoBomber	Bez grabarzy
TraitName/NoBushwhacker	Bez czatowników
TraitName/NoGrenadier	Bez wysadzaczy
TraitName/NoGunhand	Bez rewolwerowców
TraitName/NoIronclad	Bez żelaźniaków
TraitName/NoMachineGunner	Bez korbiarzy
TraitName/NoMarksman	Bez łowców
TraitName/NoNight	Bez nocy
TraitName/NoPorcupine	Bez jeżozwierzy
TraitName/NoScorpion	Bez żądłaków
TraitName/NoScorpions	Bez żądłaków
TraitName/NoShieldBearer	Bez cykorów
TraitName/NoSnake	Bez grzechotników
TraitName/NoWolf	Bez kojotów
TraitName/Paved	Utwardzone drogi
TraitName/Poor	Biedna
TraitName/Populous	Ludna
TraitName/PorcupineBounty	Nagroda za jeżozwierze
TraitName/RadiationRoads	Radioaktywne drogi
TraitName/RattlerBounty	Nagroda za grzechotniki
TraitName/ReinforcementWagon	Wóz
TraitName/Rubes	Prowincjonalna
TraitName/Salubrious	Kraina miodem płynąca
TraitName/Secure	Strzeżona
TraitName/Shards	Węzeł asów
TraitName/ShinedUp	Pijacka
TraitName/ShortDay	Krótki dzień
TraitName/ShortTime	Szybki książę
TraitName/Shuffled	Przetasowana
TraitName/SmallPlanet	Mała planeta
TraitName/StingerBounty	Nagroda za żądłaki
TraitName/Stormy	Burzowa
TraitName/Swindlers	Wytworna
TraitName/ThickFogOfWar	Gęsta mgła
TraitName/ThinAir	Rzadkie powietrze
TraitName/TinyPlanet	Maleńka planeta
TraitName/Unalert	Nieczujna
TraitName/VeryHard	Elitarna
TraitName/Wealthy	Bogata
TraitName/Wild	Dzika
TraitName/YellowbellyBounty	Nagroda za cykory
InteractionAltButton/Bank	Wypłać
InteractionAltButton/ChowHouse	Gotuj
InteractionAltButton/DataVault	Włam się
InteractionAltButton/GuardPost	Przekup
InteractionAltDescription/ChowHouse	Zdobyto: żarcie
InteractionAltDescription/DataVault	Zdobyto: sekret
InteractionAltDescription/GuardPost	Przekup strażników, żeby uciekli. Koszt: 
InteractionAltTitle/ChowHouse	Żarcie ugotowane
InteractionAltTitle/DataVault	Włamanie do skarbca danych
InteractionAltTitle/GuardPost	Przekupstwo
InteractionDescription/AgentRelocator	Teleportuj wszystkich konnych wrogów (patrole i obławy) z jednego miejsca w inne.
InteractionDescription/ArmorPickup	Twoja grupa odzyskuje pełny pancerz.
InteractionDescription/ArmorSpawner	Wybierz blokadę, na którą zrzucisz pancerz.
InteractionDescription/Bank	Twoja banda dostaje cramm: 
InteractionDescription/Barricade	Patrole, sfory i obławy będą musiały się zatrzymać i poświęcić turę na rozebranie zapory.
InteractionDescription/BarricadePickup	Znaleziono barykadę. Postaw z niej zaporę, żeby spowolnić patrole, sfory i obławy.
InteractionDescription/BeanPickup	Znaleziono puszkę fasoli 
InteractionDescription/BearAlly	Wybierz blokadę, przy której staną oswojone grizzly.
InteractionDescription/Blacksmith	Twoja grupa odzyskuje pełny pancerz.
InteractionDescription/BunchSwapper	Zamienia grupy miejscami
InteractionDescription/ChitsPickup	Twoja banda dostaje cramm: 
InteractionDescription/ChowHouse	Na jedną turę we wszystkich starciach jest o połowę mniej strażników.
InteractionDescription/ChowHouse_cook	Smoky podaje swoją słynną fasolę. Na trzy tury we wszystkich starciach jest o połowę mniej strażników.
InteractionDescription/DataVault	Odkryto niezbadaną część mapy.
InteractionDescription/Den	W pobliżu wychodzi sfora zwierząt.
InteractionDescription/DisguisePickup	Znaleziono przebranie. Użyj go, żeby minąć patrole, sfory i obławy bez walki.
InteractionDescription/Distillery	Każdy banita dostaje pełen zapas bimbru.
InteractionDescription/Doctor	Twoja grupa odzyskuje pełne zdrowie.
InteractionDescription/EnemyInfo	Zdobyto dane o wrogach.
InteractionDescription/EstateKeyPickup	Zdobyto klucz do posiadłości.
InteractionDescription/Exterminator	Wybierz miejsce ze sforą zwierząt, a zostanie wytropiona i wybita.  
InteractionDescription/Forage	Sierżant szuka zapasów: traci ruchy, ale znajduje trochę pancerza.
InteractionDescription/GoldPickup	Twoja banda dostaje błysk: 
InteractionDescription/GritPickup	Znalezione asy: 
InteractionDescription/Guesthouse	Ciepły ogień i gorący napój. Zdrowie, pancerz i ruchy zostają odnowione.
InteractionDescription/GunhandAlly	Wybierz blokadę, przy której staną najęci rewolwerowcy.
InteractionDescription/HealthPickup	Twoja grupa odzyskuje pełne zdrowie.
InteractionDescription/HealthSpawner	Wybierz blokadę, na którą zrzucisz apteczki.
InteractionDescription/Herd	Stado bawołów pędzi przez mapę i przerzedza po drodze strażników.
InteractionDescription/InvulnerabilitySpawner	Wybierz blokadę, na którą zrzucisz nietykalność.
InteractionDescription/IroncladAlly	Wybierz blokadę, przy której staną najęte żelaźniaki.
InteractionDescription/ItemPickup	Znalezione przedmioty: 
InteractionDescription/ItemThief	Wybierz przedmiot na mapie i poślij po niego złodziejaszka.
InteractionDescription/Jail	Uwięzieni banici uwolnieni.
InteractionDescription/KramPickup	Twoja grupa dostaje tabakę: 
InteractionDescription/Lure	Strażnicy z wybranego posterunku utworzą patrol i ruszą do wybranego miejsca na drodze.
InteractionDescription/LurePickup	Znaleziono przynętę. Użyj jej, żeby odwrócić uwagę strażników i odciągnąć ich od posterunku. 
InteractionDescription/MachineGunnerAlly	Wybierz blokadę, przy której staną najęci korbiarze.
InteractionDescription/NavPickup	Znaleziono nadajnik
InteractionDescription/NitroPickup	Twoja banda dostaje nitro: 
InteractionDescription/OutlawPickup	Odzyskano:
InteractionDescription/PatrolDestroy	Wybierz miejsce z patrolami, sforami albo wozami. Wszystkie zostaną zniszczone. 
InteractionDescription/PowerStation	Na jedną turę ochrona we wszystkich starciach traci zasilanie.
InteractionDescription/PowerStation_hack	Spike hakuje zasilanie. Na trzy tury ochrona we wszystkich starciach traci zasilanie.
InteractionDescription/RageSpawner	Wybierz blokadę, na którą zrzucisz szał.
InteractionDescription/RoadblockDestroy	Wybierz blokadę do zniszczenia.
InteractionDescription/RoadblockDestroyGuards	Wybierz blokadę, na której zginą wszyscy strażnicy.
InteractionDescription/RoadblockDestroySecurity	Wybierz blokadę, na której zniszczysz całą ochronę.
InteractionDescription/RoadblockNoArmor	Wybierz blokadę, na której zniszczysz cały pancerz wrogów.
InteractionDescription/RoadblockOneHealth	Wybierz blokadę, na której wszyscy wrogowie zostaną z jednym punktem zdrowia.
InteractionDescription/RoadblockSubvert	Wybierz blokadę, na której przejmiesz trzech wrogów.
InteractionDescription/ShinePickup	Każdy banita dostaje pełen zapas bimbru.
InteractionDescription/ShineSpawner	Wybierz blokadę, na którą zrzucisz bimber.
InteractionDescription/Snowbank	Głęboka zaspa pochłania wszystkie pozostałe ruchy.
InteractionDescription/TelePickup	Znaleziono przenośny teleporter. Użyj go, żeby postawić nowy teleporter tam, gdzie stoi twoja grupa. 
InteractionDescription/TurretAlly	Wybierz blokadę, na którą zrzucisz sojusznicze lufy.
InteractionDescription/Vault	Wysłano za wami obławę.
InteractionDescription/Well	Twoja banda dostaje nitro: 
InteractionDescription/Whirlpool	Twoja grupa wpada do zapadliska i wyłania się gdzie indziej.
InteractionDescription/WolfAlly	Wybierz blokadę, przy której staną oswojone kojoty.
InteractionModDesc/ItemPickup	Losuj ponownie
InteractionTitle/AgentRelocator	Przenośnik konnych wrogów
InteractionTitle/ArmorPickup	Pancerz
InteractionTitle/ArmorSpawner	Zrzut pancerza
InteractionTitle/Bank	Wizyta w banku
InteractionTitle/BarricadePickup	Przenośna barykada
InteractionTitle/BeanPickup	Puszka fasoli
InteractionTitle/BearAlly	Oswój grizzly
InteractionTitle/Blacksmith	Wizyta u kowala
InteractionTitle/BunchSwapper	Zamiana grup
InteractionTitle/ChitsPickup	Cramm
InteractionTitle/ChowHouse	Jadłodajnia
InteractionTitle/DataVault	Dostęp do skarbca danych
InteractionTitle/Den	Legowisko złupione
InteractionTitle/DisguisePickup	Przebranie
InteractionTitle/Distillery	Wizyta w gorzelni
InteractionTitle/Doctor	Wizyta u doktora
InteractionTitle/EnemyInfo	Znaleziono dane
InteractionTitle/EstateKeyPickup	Klucz do posiadłości
InteractionTitle/Forage	Szukanie zapasów
InteractionTitle/GoldPickup	Skrytka z błyskiem
InteractionTitle/GritPickup	Asy
InteractionTitle/Guesthouse	Przytulny zajazd
InteractionTitle/GunhandAlly	Najmij rewolwerowców
InteractionTitle/HealthPickup	Zdrowie
InteractionTitle/HealthSpawner	Zrzut apteczek
InteractionTitle/Herd	Szarża stada
InteractionTitle/InvulnerabilitySpawner	Zrzut nietykalności
InteractionTitle/IroncladAlly	Najmij żelaźniaki
InteractionTitle/ItemPickup	Znaleziono przedmiot
InteractionTitle/ItemThief	Złodziejaszek
InteractionTitle/Jail	Odbicie z więzienia
InteractionTitle/KramPickup	Tabaka
InteractionTitle/LurePickup	Przynęta
InteractionTitle/MachineGunnerAlly	Najmij korbiarzy
InteractionTitle/NavPickup	Nadajnik
InteractionTitle/NitroPickup	Nitro
InteractionTitle/OutlawPickup	Znaleziono banitę
InteractionTitle/PatrolDestroy	Niszczyciel jednostek
InteractionTitle/PowerStation	Elektrownia
InteractionTitle/RageSpawner	Zrzut szału
InteractionTitle/RoadblockDestroy	Bombardowanie z orbity
InteractionTitle/RoadblockDestroyGuards	Zrzut zatrutego żarcia
InteractionTitle/RoadblockDestroySecurity	Impuls EM
InteractionTitle/RoadblockNoArmor	Promień cieplny
InteractionTitle/RoadblockOneHealth	Wiązka pionowa
InteractionTitle/RoadblockSubvert	Promień kontroli umysłu
InteractionTitle/ShinePickup	Bimber
InteractionTitle/ShineSpawner	Zrzut bimbru
InteractionTitle/Snowbank	Głęboki śnieg
InteractionTitle/StormSpawner	Generator burz
InteractionTitle/TelePickup	Przenośny teleporter
InteractionTitle/TurretAlly	Sojusznicze lufy
InteractionTitle/Vault	Skarbiec rozbity
InteractionTitle/Well	Wizyta na stacji benzynowej
InteractionTitle/Whirlpool	Zapadlisko
InteractionTitle/WolfAlly	Oswój kojoty
LocDesc/AgentRelocator	Teleportuj patrole i obławy z jednego miejsca w inne.
LocDesc/ArmorPickup	Pełny pancerz dla grupy. 
LocDesc/ArmorSpawner	Zrzuć pancerz na blokadę
LocDesc/Bank	Wpłać 500 cramm, a przy następnej wizycie wypłacisz dwa razy tyle.
LocDesc/BarricadePickup	Zabierz barykadę, żeby spowolnić wrogie jednostki.
LocDesc/BastardPickup	hello
LocDesc/BeanPickup	Zbierz fasolę do wykorzystania na Drifterze.
LocDesc/BearAlly	Postaw sojusznicze grizzly przy blokadzie
LocDesc/Blacksmith	Pełny pancerz dla grupy (odnawia się).
LocDesc/BonusUnlockPickup	Zdobądź naładowanego asa
LocDesc/ChitsPickup	Zbierz cramm do wydania w sklepach.
LocDesc/ChitsPickupFirstPlanet	Zbierz cramm do wydania w sklepach.
LocDesc/ChowHouse	Na jedną turę połowa strażników na wszystkich blokadach
LocDesc/Den	Przeszukaj w poszukiwaniu cennego przedmiotu, ale w pobliżu wyjdzie sfora zwierząt.
LocDesc/DisguisePickup	Zdobądź przebranie, żeby minąć patrole, sfory i obławy.  
LocDesc/Distillery	Odwiedź miejsce
LocDesc/Doctor	Pełne zdrowie dla grupy (odnawia się).
LocDesc/ElixirPickup	Zdobądź tonik, żeby leczyć rany na Drifterze.
LocDesc/EnemyInfo	Zbierz informacje o wrogach.
LocDesc/Exit	Przenieś wszystkich banitów na Driftera
LocDesc/ExitLuckyLady	Przenieś się na Lucky Lady
LocDesc/GlintPickup	Zbierz błysk
LocDesc/GoldPickup	Odwiedź miejsce
LocDesc/GuardPost	Odwiedź miejsce
LocDesc/Guesthouse	Odpocznij i odnów ruchy, zdrowie oraz pancerz grupy.
LocDesc/GunhandAlly	Najmij sojuszniczych rewolwerowców na blokadę
LocDesc/HealthPickup	Pełne zdrowie dla grupy.
LocDesc/HealthSpawner	Zrzuć apteczki na blokadę
LocDesc/HelixPickup	Zbierz helisę poległego banity, żeby go wskrzesić.
LocDesc/Herd	Wypuść stado bawołów, które zdemoluje wrogie blokady. 
LocDesc/Hideout	Blokada skoku zniszczona. Drifter może opuścić układ.
LocDesc/InherentUnlockPickup	Zdobądź podstawowego asa
LocDesc/InvulnerabilitySpawner	Zrzuć nietykalność na blokadę.
LocDesc/IroncladAlly	Najmij sojusznicze żelaźniaki na blokadę
LocDesc/ItemPickup	Przedmiot
LocDesc/ItemShop	Kupuj i sprzedawaj przedmioty
LocDesc/ItemThief	Ukradnij przedmiot z dowolnego miejsca na planecie
LocDesc/Jail	Tu siedzą uwięzieni banici. 
LocDesc/KramPickup	Odwiedź miejsce
LocDesc/LurePickup	Odwiedź miejsce
LocDesc/MachineGunnerAlly	Najmij sojuszniczych korbiarzy na blokadę
LocDesc/MarshalBase	Tu wylądują McNeil i reszta książąt.
LocDesc/NavPickup	Zbieraj nadajniki, żeby łatwiej opuścić planetę
LocDesc/NitroPickup	Zbierz nitro, żeby mieć więcej ruchów.
LocDesc/Node	Odwiedź miejsce
LocDesc/OutlawPickup	Odnajdź zaginionego banitę
LocDesc/PatrolDestroy	Wybierz miejsce i zniszcz wszystkie patrole, sfory, wozy i obławy.
LocDesc/PlaceableBarricade	Zabierz barykadę, żeby spowolnić wrogie jednostki.
LocDesc/PlaceableLure	Odwiedź miejsce
LocDesc/PlaceableTeleporter	Skocz do innego odblokowanego teleportera.
LocDesc/PowerStation	Wyłącz ochronę we wszystkich starciach na jedną turę.
LocDesc/RageSpawner	Zrzuć szał na blokadę.
LocDesc/ResourceShop	Wymień niepotrzebne zasoby na niesławę
LocDesc/RoadblockDestroy	Zabij wszystkich strażników na blokadzie. 
LocDesc/RoadblockNoArmor	Zniszcz cały pancerz wrogów na blokadzie.
LocDesc/RoadblockOneHealth	Zostaw wszystkim wrogom na blokadzie jeden punkt zdrowia.
LocDesc/RoadblockSubvert	Przejmij wrogów na blokadzie.
LocDesc/ShardPickup	Zbieraj asy, żeby awansować banitę
LocDesc/ShinePickup	Odwiedź miejsce
LocDesc/ShineSpawner	Zrzuć bimber na blokadę
LocDesc/Shop	Kupuj zdrowie, pancerz, nitro i przedmioty. 
LocDesc/Snowbank	Grupa ugrzęzła w śniegu i traci wszystkie ruchy.
LocDesc/TelePickup	Zdobądź przenośny teleporter
LocDesc/Teleporter	Skocz do innego odblokowanego teleportera.
LocDesc/TurretAlly	Postaw sojusznicze lufy
LocDesc/Vault	Rozbij, żeby zdobyć cenny przedmiot, ale uważaj na obławę
LocDesc/Well	Zbierz nitro, żeby mieć więcej ruchów (odnawia się).
LocDesc/Whirlpool	Teleport w losowe miejsce.
LocDesc/WolfAlly	Postaw sojusznicze kojoty przy blokadzie
LocDesc/alreadyFoughtThisTurn	Grupa wycofała się w tej turze
LocDesc/fullArmor	Grupa ma pełny pancerz
LocDesc/fullHealth	Grupa ma pełne zdrowie
LocDesc/fullShine	Grupa ma pełen zapas bimbru
LocDesc/fullyRested	Grupa w pełni wypoczęta
LocDesc/guardsAtChow	Strażnicy już jedzą
LocDesc/hasDeposit	Cramm wpłacony
LocDesc/noStampedeTargets	Stado nie ma czego stratować
LocDesc/noTeleporterTarget	Wymaga wolnego odblokowanego teleportera
LocDesc/notEnoughChits	Za mało cramm na wpłatę
LocDesc/outOfStock	Wyprzedane
LocDesc/powerOff	Zasilanie już wyłączone
LocDesc/restocking	Uzupełnianie towaru
LocSelect/AgentRelocator1	Wybierz miejsce startu
LocSelect/AgentRelocator2	Wybierz cel
LocSelect/ArmorSpawner	Wybierz blokadę
LocSelect/Barricade	Wybierz drogę
LocSelect/BearAlly	Wybierz blokadę
LocSelect/BunchSwapper	Wybierz grupę do zamiany miejscami.
LocSelect/Exterminator	Łowca zwierząt
LocSelect/GunhandAlly	Wybierz blokadę
LocSelect/HealthSpawner	Wybierz blokadę
LocSelect/InvulnerabilitySpawner	Wybierz blokadę
LocSelect/IroncladAlly	Wybierz blokadę
LocSelect/ItemThief	Wybierz miejsce
LocSelect/Lure1	Wybierz posterunek
LocSelect/Lure2	Wybierz cel patrolu
LocSelect/MachineGunnerAlly	Wybierz blokadę
LocSelect/NoAgents	Brak konnych wrogów
LocSelect/NoArmor	Brak opancerzonych wrogów
LocSelect/NoBunchesDetected	Nie wykryto grup
LocSelect/NoCrittersDetected	Nie wykryto zwierząt
LocSelect/NoPatrolsDetected	Brak patrolu, sfory, wozu i obławy
LocSelect/NoValidTargets	Brak celów
LocSelect/NotARoadblock	To nie blokada
LocSelect/NotAnItemPickup	Nie da się ukraść
LocSelect/PatrolDestroy	Wybierz miejsce
LocSelect/RageSpawner	Wybierz blokadę
LocSelect/RoadblockDestroy	Wybierz blokadę
LocSelect/RoadblockDestroyGuards	Wybierz blokadę
LocSelect/RoadblockDestroySecurity	Wybierz blokadę
LocSelect/RoadblockNoArmor	Wybierz blokadę
LocSelect/RoadblockOneHealth	Wybierz blokadę
LocSelect/RoadblockSubvert	Wybierz blokadę
LocSelect/ShineSpawner	Wybierz blokadę
LocSelect/StormSpawner	Wybierz miejsce
LocSelect/TurretAlly	Wybierz blokadę
LocSelect/WolfAlly	Wybierz blokadę
Location/AgentRelocator	Przenośnik
Location/ArmorPickup	Pancerz
Location/ArmorSpawner	Zrzut pancerza
Location/Bank	Bank
Location/BarricadePickup	Barykada
Location/BastardPickup	Bękart
Location/BeanPickup	Puszka fasoli
Location/BearAlly	Poskramiacz grizzly
Location/Blacksmith	Kowal
Location/BonusUnlockPickup	Naładowany as
Location/BunchSwapper	Zamiana grup
Location/Casino	Kasyno
Location/ChitsPickup	Cramm
Location/ChitsPickupFirstPlanet	Cramm
Location/ChowHouse	Jadłodajnia
Location/DataVault	Farma danych
Location/Den	Legowisko
Location/DisguisePickup	Przebranie
Location/Distillery	Gorzelnia
Location/Doctor	Doktor
Location/ElixirPickup	Tonik
Location/EnemyInfo	Skrytka z danymi
Location/EstateKey	Klucz do posiadłości
Location/EstateKeyPickup	Klucz do posiadłości
Location/EstateKeyPickupA	Klucz do posiadłości A
Location/EstateKeyPickupB	Klucz do posiadłości B
Location/Exit	Schody
Location/Exterminator	Łowca sfor
Location/GlintPickup	Błysk
Location/GoldPickup	Złoto
Location/GuardPost	Blokada
Location/Guesthouse	Zajazd
Location/GunhandAlly	Kontrakt z rewolwerowcami
Location/GunhandAlly_2	Kontrakt z wyszkolonymi rewolwerowcami
Location/HealthPickup	Zdrowie
Location/HealthSpawner	Zrzut apteczek
Location/HelixPickup	Helisa
Location/Herd	Stado bawołów
Location/Hideout	Blokada skoku
Location/InherentUnlockPickup	Podstawowy as
Location/InvulnerabilitySpawner	Zrzut nietykalności
Location/IroncladAlly	Kontrakt z żelaźniakami
Location/ItemPickup	Przedmiot
Location/ItemPickup_2	Lepszy przedmiot
Location/ItemPickup_3	Pierwszorzędny przedmiot
Location/ItemShop	Handlarz
Location/ItemThief	Złodziejaszek
Location/Jail	Więzienie
Location/Junction	Skrzyżowanie
Location/KramPickup	Tabaka
Location/LurePickup	Przynęta
Location/MachineGunnerAlly	Kontrakt z korbiarzami
Location/MarshalBase	Chaste i Synowie
Location/NavPickup	Nadajnik
Location/NitroPickup	Nitro
Location/Node	Droga
Location/OutlawPickup	Rozproszony banita
Location/PatrolDestroy	Łowca nagród
Location/PlaceableBarricade	Barykada
Location/PlaceableLure	Przynęta
Location/PlaceableTeleporter	Teleporter
Location/PowerStation	Elektrownia
Location/RageSpawner	Zrzut szału
Location/Recharging	Ładowanie
Location/ResourceShop	Lombard
Location/RoadblockDestroy	Bombardowanie z orbity
Location/RoadblockNoArmor	Żrące nanoboty
Location/RoadblockOneHealth	Promień męki
Location/RoadblockSubvert	Wiązka kontroli umysłu
Location/ShardPickup	Asy
Location/ShinePickup	Bimber
Location/ShineSpawner	Zrzut bimbru
Location/Shop	Sklep
Location/Snowbank	Zaspa
Location/StormSpawner	Generator burz
Location/TelePickup	Teleporter
Location/Teleporter	Teleporter
Location/TurretAlly	Zrzut działek
Location/UnlockedGuardPost	Opuszczona
Location/Vault	Skarbiec
Location/Well	Stacja benzynowa
Location/Whirlpool	Zapadlisko
Location/WolfAlly	Poskramiacz kojotów
LocationShortDesc/AgentRelocator	Przenieś ruchomego wroga
LocationShortDesc/ArmorSpawner	Połóż pancerz na blokadzie
LocationShortDesc/Bank	Wpłać lub wypłać cramm
LocationShortDesc/BastardPickup	Uratuj bękarta
LocationShortDesc/BeanPickup	Godzi zwaśnionych
LocationShortDesc/BearAlly	Postaw sojuszników przy blokadzie
LocationShortDesc/Blacksmith	Zdobądź pancerz
LocationShortDesc/BonusUnlockPickup	Wzmacnia po naładowaniu
LocationShortDesc/ChitsPickup	Do wydania w sklepach
LocationShortDesc/ChitsPickupFirstPlanet	Do wydania w sklepach
LocationShortDesc/ChowHouse	Mniej Karzycieli na blokadach
LocationShortDesc/DataVault	Zdobądź dane o wrogach
LocationShortDesc/Den	Łup strzeżony przez 3 sfory
LocationShortDesc/DisguisePickup	Przebranie do omijania wrogów
LocationShortDesc/Doctor	Zdobądź zdrowie
LocationShortDesc/ElixirPickup	Leczy rany
LocationShortDesc/EnemyInfo	Zdobądź dane o wrogach
LocationShortDesc/Exit	Wróć na Driftera
LocationShortDesc/Exterminator	Zniszcz sforę
LocationShortDesc/GlintPickup	Cenny łup
LocationShortDesc/Guesthouse	Ruchy, zdrowie i pancerz
LocationShortDesc/GunhandAlly	Postaw sojuszników przy blokadzie
LocationShortDesc/GunhandAlly_2	Postaw sojuszników przy blokadzie
LocationShortDesc/HealthSpawner	Połóż zdrowie na blokadzie
LocationShortDesc/HelixPickup	Szczątki banity
LocationShortDesc/Herd	Wypuść szarżujące stado
LocationShortDesc/Hideout	Zniszczona – Drifter może skoczyć
LocationShortDesc/InherentUnlockPickup	Odblokuj wzmocnienie banity
LocationShortDesc/InvulnerabilitySpawner	Połóż nietykalność na blokadzie
LocationShortDesc/IroncladAlly	Postaw sojuszników przy blokadzie
LocationShortDesc/ItemPickup	Wzmacnia banitę
LocationShortDesc/ItemPickup_2	Wzmacnia banitę
LocationShortDesc/ItemPickup_3	Wzmacnia banitę
LocationShortDesc/ItemShop	Szeroki wybór przedmiotów
LocationShortDesc/ItemThief	Kradnij z dowolnego miejsca na planecie
LocationShortDesc/MachineGunnerAlly	Postaw sojuszników przy blokadzie
LocationShortDesc/MarshalBase	Tu przybywają książęta
LocationShortDesc/NavPickup	Do awaryjnego powrotu na statek
LocationShortDesc/NitroPickup	Więcej ruchów
LocationShortDesc/OutlawPickup	Odnajdź rozproszonego banitę
LocationShortDesc/PatrolDestroy	Zniszcz ruchomych wrogów
LocationShortDesc/PlaceableTeleporter	Przenieś się do innego teleportera
LocationShortDesc/PowerStation	Wyłącz ochronę 
LocationShortDesc/RageSpawner	Połóż szał na blokadzie
LocationShortDesc/ResourceShop	Zamień zasoby na niesławę
LocationShortDesc/RoadblockDestroy	Zniszcz blokadę
LocationShortDesc/RoadblockNoArmor	Zniszcz pancerz na blokadzie
LocationShortDesc/RoadblockOneHealth	Zbij zdrowie na blokadzie
LocationShortDesc/RoadblockSubvert	Przejmij wrogów na blokadzie
LocationShortDesc/ShardPickup	Awansuj banitę
LocationShortDesc/ShineSpawner	Połóż bimber na blokadzie
LocationShortDesc/Snowbank	Kończy ruch
LocationShortDesc/TelePickup	Zdobądź przenośny teleporter
LocationShortDesc/Teleporter	Przenieś się do innego teleportera
LocationShortDesc/TurretAlly	Postaw sojuszników przy blokadzie
LocationShortDesc/Vault	Łup strzeżony przez obławę
LocationShortDesc/Well	Nitro na więcej ruchów
LocationShortDesc/Whirlpool	Wyjdź w losowym miejscu
LocationShortDesc/WolfAlly	Postaw sojuszników przy blokadzie
Map/Blacksmith	Kowal
Map/Distillery	Gorzelnia
Map/Jail	Więzienie
Map/Well	Studnia
Planet/Balance	Saldo
Planet/DaysRemaining	Pozostałe dni
Planet/Hideout	Blokada skoku
Planet/Interact	Odwiedź
Planet/InteractContract	Najmij
Planet/InteractDen	Plądruj
Planet/InteractDeposit	Wpłać
Planet/InteractDrop	Zrzuć
Planet/InteractEnter	Wejdź
Planet/InteractExit	Wróć na statek
Planet/InteractGet	Weź
Planet/InteractHeal	Lecz
Planet/InteractHunt	Poluj
Planet/InteractPlace	Postaw
Planet/InteractRelease	Uwolnij
Planet/InteractSteal	Ukradnij
Planet/InteractTeleport	Teleportuj
Planet/InteractUse	Użyj
PlanetDesc/Canyon	Strzeliste szczyty i rozległe widoki
PlanetDesc/Desert	Surowe pustkowia pełne głazów
PlanetDesc/Forest	Wysokie drzewa o gęstym listowiu
PlanetDesc/Moon	Zamieszkane kopuły na pustkowiu bez powietrza 
PlanetDesc/Swamp	Kwaśne bagna i gęste trzciny
PlanetDesc/Utopia	Wypielęgnowane ogrody i rezydencje
PlanetSize/FirstPlanet	Rozmiar planety: 2x1
PlanetSize/FiveXFive	Rozmiar planety: 5x5
PlanetSize/FiveXFour	Rozmiar planety: 5x4
PlanetSize/FiveXOne	Rozmiar planety: 5x1
PlanetSize/FiveXTwo	Rozmiar planety: 5x2
PlanetSize/FourXFour	Rozmiar planety: 4x4
PlanetSize/FourXOne	Rozmiar planety: 4x1
PlanetSize/FourXTwo	Rozmiar planety: 4x2
PlanetSize/LargeBoss	Rozmiar planety: 3x2
PlanetSize/Medium	Rozmiar planety: 3x3
PlanetSize/MediumEasy	Rozmiar planety: 3x3
PlanetSize/SevenXOne	Rozmiar planety: 7x1
PlanetSize/SixXOne	Rozmiar planety: 6x1
PlanetSize/Small	Rozmiar planety: 2x2
PlanetSize/SmallEasy	Rozmiar planety: 2x2
PlanetSize/ThreeXOne	Rozmiar planety: 3x1
PlanetSize/ThreeXTwo	Rozmiar planety: 3x2
PlanetSize/Tiny	Rozmiar planety: 3x1
PlanetSize/TwoXOne	Rozmiar planety: 2x1
Scene/Barren	Jałowizna
Scene/C_Ridge	Grzbiet
Scene/S_Bog	Trzęsawisko
Scene/S_Cliffs	Klify
Scene/S_Fen	Torfowisko
Scene/S_Islands	Wyspy
Scene/S_Marsh	Mokradła
Scene/S_Reeds	Trzciny
Scene/S_Stepped	Tarasy
Scene/S_Swamp	Bagno
Scene/S_Town	Miasto
Scene/S_Town_U	Miasto
Scene/S_Trees	Drzewa
Scene/S_Tunnel	Tunel
SectorName/Sector0	Sektor Klęska
SectorName/Sector1	Sektor Szadrak
SectorName/Sector10	Sektor Behemot
SectorName/Sector11	Sektor Kadesz
SectorName/Sector12	Sektor Dereń
SectorName/Sector13	Sektor Pąk Róży
SectorName/Sector14	Sektor Magnolia
SectorName/Sector15	Sektor Jezabel
SectorName/Sector16	Sektor Gehenna
SectorName/Sector17	Sektor Szeol
SectorName/Sector18	Sektor Golgota
SectorName/Sector2	Sektor Lament
SectorName/Sector3	Sektor Czyściec
SectorName/Sector4	Sektor Jerycho
SectorName/Sector5	Sektor Kanaan
SectorName/Sector6	Sektor Ezechiel
SectorName/Sector7	Sektor Kain
SectorName/Sector8	Sektor Baal
SectorName/Sector9	Sektor Gomora
Time/AM	rano
Time/Day0	pon.
Time/Day1	wt.
Time/Day2	śr.
Time/Day3	czw.
Time/Day4	pt.
Time/Day5	sob.
Time/Day6	niedz.
Time/Days	Dni
Time/Hours	Godziny
Time/Minutes	min
Time/PM	po poł.
Time/Seconds	s
Ach/ACH_ALL_CHALLENGES_DESC	Ukończ wszystkie wyzwania
Ach/ACH_ALL_CHALLENGES_NAME	Jeszcze dzikszy bękart
Ach/ACH_ASSASSIN_DESC	Zabij regenerującego się zabójcę
Ach/ACH_ASSASSIN_NAME	I leż
Ach/ACH_BANK_DESC	Wypłać cramm z banku
Ach/ACH_BANK_NAME	Bankier
Ach/ACH_BARRABAS_DESC	Znokautuj Barrabasa
Ach/ACH_BARRABAS_NAME	Diabelski pomiot
Ach/ACH_BESTIARY_DESC	Zbierz dane o wszystkich wrogach
Ach/ACH_BESTIARY_NAME	Badacz
Ach/ACH_CHALLENGE_DESC	Ukończ wyzwanie
Ach/ACH_CHALLENGE_NAME	Wio!
Ach/ACH_COMPLETE_DESC	Ukończ grę
Ach/ACH_COMPLETE_NAME	Dziki bękart
Ach/ACH_DRIFTER_DESC	Przenieś się na Driftera
Ach/ACH_DRIFTER_NAME	Uratowani
Ach/ACH_DYNAMITE_DESC	Zabij trzech wrogów jedną laską bum
Ach/ACH_DYNAMITE_NAME	Fajerwerki
Ach/ACH_FRANCISCO_DESC	Znokautuj Francisco
Ach/ACH_FRANCISCO_NAME	Dopuszczalna strata
Ach/ACH_GANG_DESC	Zbierz Dzikie Bękarty
Ach/ACH_GANG_NAME	Banda znów w komplecie
Ach/ACH_HARD_DESC	Ukończ grę na poziomie trudnym
Ach/ACH_HARD_IRONMAN_DESC	Ukończ grę na poziomie bardzo trudnym w trybie ironman
Ach/ACH_HARD_IRONMAN_NAME	Hombre de Acero
Ach/ACH_HARD_NAME	Twardy bękart
Ach/ACH_HARD_SUPER_DESC	Ukończ grę na poziomie bardzo trudnym w trybie super ironman
Ach/ACH_HARD_SUPER_NAME	Super Hombre de Acero
Ach/ACH_HEADSHOT_KILLS_DESC	Zabij 10 wrogów strzałami w głowę w jednym starciu
Ach/ACH_HEADSHOT_KILLS_NAME	Sprawiedliwości stało się zadość
Ach/ACH_HELP_DESC	Niech kumpel pomoże w starciu
Ach/ACH_HELP_NAME	Amigo
Ach/ACH_INFAMY_DESC	Zdobądź 2000 niesławy w jednym sektorze
Ach/ACH_INFAMY_NAME	Okryty niesławą
Ach/ACH_IRONCLAD_DESC	Zabij żelaźniaka
Ach/ACH_IRONCLAD_NAME	Co u licha?
Ach/ACH_IRONMAN_DESC	Ukończ grę na poziomie normalnym w trybie ironman
Ach/ACH_IRONMAN_NAME	Ironman
Ach/ACH_LEVEL_DESC	Awansuj banitę na poziom 7
Ach/ACH_LEVEL_NAME	Asy w górę
Ach/ACH_MCNEIL_DESC	Znokautuj McNeila
Ach/ACH_MCNEIL_NAME	Tatusiu, ratuj
Ach/ACH_MODS_DESC	Zbierz wszystkie przedmioty
Ach/ACH_MODS_NAME	Kolekcjoner
Ach/ACH_PEACEMAKER_DESC	Wygraj starcie z co najmniej 10 wrogami bez oddania strzału
Ach/ACH_PEACEMAKER_NAME	Rozjemca
Ach/ACH_PROCEDURAL_DESC	Ukończ kampanię proceduralną
Ach/ACH_PROCEDURAL_NAME	Jakiś losowy bękart
Ach/ACH_SMOKY_DESC	Wskrześ Smoky'ego
Ach/ACH_SMOKY_NAME	Ano, fasola!
Ach/ACH_SUPER_DESC	Ukończ grę na poziomie normalnym w trybie super ironman
Ach/ACH_SUPER_NAME	Super ironman
Ach/ACH_VERY_HARD_DESC	Ukończ grę na poziomie bardzo trudnym
Ach/ACH_VERY_HARD_NAME	Twardy hombre
Activity/Campaign	Kampania
Activity/Challenge	Wyzwanie
Challenge/1	Wio!
Challenge/10	Podróż bohaterów
Challenge/11	Hej, rozrzutniku
Challenge/12	Samotny kowboj
Challenge/13	Wielkie niebo
Challenge/14	Rozpętać burzę
Challenge/2	Zwaśnieni kompani
Challenge/3	Samotny jeździec
Challenge/4	Głodnyś?
Challenge/5	Toksyczna sytuacja
Challenge/6	Na wzniesieniu
Challenge/7	Asesinos
Challenge/8	Gówno widać
Challenge/9	Podwójna kara
DifficultyDesc/Easy	Dla tych, którzy nie grają w strzelanki FPP albo chcą łatwiejszej rozgrywki
DifficultyDesc/Hard	Dla weteranów strzelanek FPP, którzy szukają wyzwania
DifficultyDesc/Normal	Dla tych, którzy grali już w strzelanki FPP i chcą wyważonej rozgrywki
DifficultyDesc/VeryEasy	Dla tych, którzy chcą poznać fabułę przy minimalnym wyzwaniu
DifficultyDesc/VeryHard	Dla zatwardziałych graczy FPP, którzy chcą największego wyzwania
EventDescription/AllEstateKeysCollected	Zebrano wszystkie klucze do posiadłości. Ruszaj na następną planetę.
EventDescription/AllGoldCollected	Znaleziono helisę poległego Dzikiego Bękarta! Chyba czas zmykać z powrotem na Driftera.
EventDescription/AllGoldCollectedTutorial	Drifter proponuje zabrać bandę z tej planety. Dotrzyj do schodów, żeby się na niego przenieść.
EventDescription/AllResourcesCollected	Banda zgarnęła cały łup z tej planety. Lepiej zmykać, zanim będzie za późno!
EventDescription/AmygdalaBomb	Bomba przeciąża układ limbiczny wrogów. Przerażeni rzucają się do ucieczki.
EventDescription/BreakOutCasino	Włam się do więzienia i uwolnij Doca Casino.
EventDescription/BunchTutorial	Otwórz ekran grup, żeby zamieniać banitów stojących w tym samym miejscu między grupami.
EventDescription/ChasteEncounter	Jebediah Chaste dopadł twoją grupę. Nie da się go pokonać, więc wszyscy banici są ranni.
EventDescription/ChasteWarning	Jebediah Chaste jest w drodze. Nie da się go pokonać.
EventDescription/CrittersFlee	Dzięki umiejętnościom Hopalonga jedno zwierzę zostaje oswojone i będzie walczyć po stronie banitów.
EventDescription/CrittersSurrender	Hopalong zagania i zabija jedną grupę zwierząt z blokady.
EventDescription/EnoughGoldCollected	Banda ma dość błysku, żeby zwerbować kolejnego banitę. Może już zmykać albo zostać i szukać asów, nadajników i fasoli.
EventDescription/GuardPostAbandoned	Blokada została opuszczona.
EventDescription/GuardpostFlees	Twoi groźni banici przepłoszyli strażników blokady!
EventDescription/GuardpostSurrenders	Pajęcza Rosa przekonała jednego ze strażników blokady – przechodzi na stronę banitów i będzie dla nich walczyć.
EventDescription/HelixTutorial	Helisa jest krucha i przepadnie, jeśli wszyscy banici zostaną ranni. Dotrzyj do schodów albo użyj nadajnika!
EventDescription/HopalongEvade	Dzięki woltyżerce Hopalonga udaje się umknąć wrogom!
EventDescription/LootTutorial	Nie musisz walczyć ze wszystkimi wrogami. Możesz po prostu odejść z łupem!
EventDescription/MarshalEncounter	Natrafiasz na obławę.
EventDescription/MarshalSurrenders	Zastraszona obława się poddaje.
EventDescription/MutagenicChange	Przez silne promieniowanie na tej planecie wszyscy wrogowie mutują.
EventDescription/OutlawsHealed	Ranni banici odzyskują 50% zdrowia.
EventDescription/PackEncounter	Natrafiasz na sforę zwierząt.
EventDescription/PatrolEncounter	Natrafiasz na patrol strażników.
EventDescription/PatrolFlees	Przerażony patrol ucieka.
EventDescription/PatrolSurrenders	Zastraszony patrol się poddaje.
EventDescription/PlanetOver	Przybył sam Jebediah Chaste. Nie da się go pokonać, więc Drifter awaryjnie ściąga wszystkich na pokład. Wszyscy banici na planecie są ranni.
EventDescription/PosseEncounter	Natrafiasz na obławę.
EventDescription/Restock	Wszystkie miejsca uzupełniają zasoby.
EventDescription/RestorePower	Ochrona znów ma zasilanie
EventDescription/ReturnGuards	Po jedzeniu wszyscy strażnicy wracają na posterunki.
EventDescription/StageCoachEncounter	Napadasz na wóz.
EventDescription/StageCoachExit	Wóz dotarł do celu i opuścił planetę.
EventDescription/StageCoachSpawn	Przybył wóz z cennym łupem i jedzie przez planetę.
EventDescription/WantedIncrease1	Przybył McNeil. Jest bardzo groźny, więc czas zgarnąć, co się da, i zmykać do schodów. Nie daj mu się złapać!
EventDescription/WantedIncrease2	Przybyła córka Chaste'a, Francisco. Jest jeszcze groźniejsza niż McNeil!
EventDescription/WantedIncrease3	Przybył najstarszy syn Chaste'a, Barrabas. To najgroźniejszy z trojga książąt!
EventDescription/WantedIncrease4	Przybył sam Chaste. Nie da się go pokonać, więc opuść planetę jak najszybciej!
EventTitle/AllEstateKeysCollected	Klucze do posiadłości
EventTitle/AllGoldCollected	Helisa zebrana
EventTitle/AllGoldCollectedTutorial	Uratowani
EventTitle/AllResourcesCollected	Wszystko zebrane
EventTitle/AmygdalaBomb	Bomba odpalona
EventTitle/BreakOutCasino	Uwolnij Casino
EventTitle/BunchTutorial	Grupy banitów
EventTitle/ChasteEncounter	Jebediah Chaste
EventTitle/ChasteWarning	Uwaga
EventTitle/CrittersFlee	Zwierzęta oswojone
EventTitle/CrittersSurrender	Zagonione
EventTitle/EnoughGoldCollected	Cel błysku osiągnięty
EventTitle/GuardPostAbandoned	Strażnicy uciekają!
EventTitle/GuardpostFlees	Blokada ucieka
EventTitle/GuardpostSurrenders	Strażnicy się poddają
EventTitle/HelixTutorial	Helisa odzyskana
EventTitle/HopalongEvade	Woltyżerka
EventTitle/LootTutorial	Łupienie
EventTitle/MarshalEncounter	Starcie
EventTitle/MarshalSurrenders	Obława się poddaje
EventTitle/MutagenicChange	Mutacja
EventTitle/OutlawsHealed	Dotarto do blokady skoku
EventTitle/PackEncounter	Starcie
EventTitle/PatrolEncounter	Starcie
EventTitle/PatrolFlees	Patrol ucieka
EventTitle/PatrolSurrenders	Kapitulacja
EventTitle/PlanetOver	Chaste przybywa
EventTitle/PosseEncounter	Starcie
EventTitle/QuestCompletion	Zadanie wykonane
EventTitle/QuestProgress	Postęp zadania
EventTitle/Restock	Nowy tydzień
EventTitle/RestorePower	Zasilanie przywrócone
EventTitle/ReturnGuards	Koniec jedzenia
EventTitle/StageCoachEncounter	Napad na wóz
EventTitle/StageCoachExit	Wóz odjechał
EventTitle/StageCoachSpawn	Wóz przybył
EventTitle/WantedIncrease	Książę przybywa
EventTitle/WantedIncrease1	McNeil przybywa
EventTitle/WantedIncrease2	Francisco przybywa
EventTitle/WantedIncrease3	Barrabas przybywa
EventTitle/WantedIncrease4	Chaste przybywa
Helped/Astronaut	Roswell dał pancerz
Helped/Billy	Billy osłabił trzech wrogów
Helped/Cuffs	Cuffs pomogła
Helped/Fletch	Fletch dała kumplowi nietykalność
Helped/Gambler	Casino dał znajdźkę
Helped/Hopalong	Hopalong strzelił z bicza
Helped/Judge	Sędzia włączył czas kuli
Helped/Legs	Legs pomogła
Helped/MamaPanic	Rosa rzuciła wabik
Helped/MistMiner	Kaboom zrobił kumpla niewidzialnym
Helped/Preach	Kaznodzieja dała apteczkę
Helped/Radium	Radium pomógł
Helped/Rawhide	Rawhide przyzwał kojoty
Helped/Sarge	Sierżant przyzwał rewolwerowca
Helped/Smoky	Smoky spalił kilku wrogów
Helped/Spike	Spike rozstawił lufę
Hint/Aces	Gdy banita awansuje, wybierasz mu jednego z trzech nowych asów.
Hint/Armor	Pancerz pochłania obrażenia z jednego trafienia.
Hint/Backdoor	Z furtek z czasem wychodzą nowi wrogowie. Jeśli podejdziesz blisko, możesz je zamknąć.
Hint/Banks	Niektóre miejsca, np. kuźnie, z czasem się odnawiają i można do nich wracać.
Hint/BeamLimit	Na planetę możesz zabrać tylu banitów, na ilu pozwala limit transportu – albo mniej.
Hint/BeamUp	Gdy jeden banita wraca na statek, reszta wraca razem z nim.
Hint/Beans	Fasola może zakończyć waśń albo zrobić z dwóch banitów kumpli.
Hint/Bestiary	Dane o wrogach zawierają informacje o przeciwnikach. Otworzysz je z menu pauzy.
Hint/BonusAce	Naładowane asy działają tylko wtedy, gdy banita jest naładowany (niezmęczony).
Hint/Bounty	Przy każdym warpie niesława zamienia się w nagrody w Dziurze w Murze.
Hint/Bunches	W grupie mogą być tylko dwaj banici. Banitów stojących w tym samym miejscu możesz przenosić między grupami na ekranie grup.
Hint/Casino	Strzelba Casino dostaje inną premię w każdym starciu.
Hint/CasinoStunt	Ruletka Casino wysadza jednego losowego wroga. Świetna na ostatniego groźnego przeciwnika.
Hint/Charge	Banita zostaje naładowany, gdy zdobywa nowego naładowanego asa.
Hint/Cloaks	Awaryjne nadajniki pozwalają bezpiecznie opuścić planetę, gdy nie da się dotrzeć do schodów.
Hint/CoreAce	Podstawowe asy odblokowują banicie nowe stałe wzmocnienia.
Hint/Crit	Trafienia krytyczne zadają podwójne obrażenia i omijają pancerz wroga.
Hint/Crouch	Naciśnij C, żeby kucnąć.
Hint/CrouchGamepad	Naciśnij <sprite name="buttonEast">, żeby kucnąć.
Hint/Ctrl	Jeśli chcesz przesunąć grupę na pole innej grupy albo ruchomego wroga, przytrzymaj Ctrl.
Hint/CtrlGamepad	Przełączaj grupy banitów przyciskami <sprite name="rightShoulder"> i <sprite name="leftShoulder">.
Hint/DamageTypes	Rodzaje obrażeń zadawanych przez wrogów widać na ekranie wczytywania.
Hint/Escape	Banici mogą się wycofać ze starcia, ale tracą turę.
Hint/Fatigue	Przy każdym skoku Driftera banici są mniej zmęczeni.
Hint/FeudCause	Nie powstrzymasz banitów przed wszczynaniem nowych waśni. Możesz je jednak zażegnać fasolą.
Hint/Feuds	Skłóceni banici nie mogą razem zejść na planetę
Hint/Flee	Wróg, który ucieka, opuszcza starcie.
Hint/Fletch	Strzały Fletch same lecą za jej celem.
Hint/Gambler	Ruletka Casino wysadza jednego losowego wroga. Świetna na ostatniego groźnego przeciwnika.
Hint/GetFatigue	Banici męczą się przy powrocie na statek, ale tylko wtedy, gdy walczyli w starciu.
Hint/Hand	Każda paczka znalezionych asów awansuje banitę i daje wybór wzmocnień.
Hint/Headshot	Strzelaj wrogom w głowę albo w słaby punkt, żeby trafiać krytycznie.
Hint/HealBeamUp	Banici w pełni się leczą przy każdym powrocie na statek, chyba że są ranni.
Hint/Hideout	Po zejściu na planetę banici zniszczą blokadę skoku, a Drifter będzie mógł skoczyć.
Hint/Hopalong	Hopalong świetnie radzi sobie z pojedynczymi groźnymi wrogami, ale słabo z dużymi grupami.
Hint/Judge	Sędzia najlepiej sprawdza się w otwartym terenie z dalekim polem widzenia.
Hint/JumpLock	Wszystkie planety w tej części galaktyki mają blokadę skoku. Musisz zejść na planetę i ją złamać, zanim odskoczysz.
Hint/Kaboom	Kaboom rzuca dalej, gdy celuje.
Hint/KillAll	Zabij wszystkich wrogów, żeby wygrać starcie.
Hint/Laser	Lufy, łowcy i skrzynki-pułapki używają broni laserowej.
Hint/Leave	Nie musisz łupić wszystkiego na planecie. W każdej chwili możesz odejść schodami.
Hint/Marshals	Na planecie masz ograniczoną liczbę tur, zanim przybędą książęta, żeby cię dopaść.
Hint/MistMiner	Kaboom rzuca dalej, gdy celuje
Hint/Mods	Przedmioty można dać dowolnemu banicie, ale nie można ich potem przenieść i przepadają przy warpie Driftera.
Hint/Night	Nocą wrogowie widzą mniej (ty też).
Hint/OutlawOrder	Kolejność banitów w grupie ustawisz przyciskiem grupy.
Hint/OutlawOrderGamepad	Kolejność banitów w grupie ustawisz na ekranie grup.
Hint/OutlawStunt	Każdy banita ma własny, wyjątkowy popis zasilany bimbrem.
Hint/Pals	Banita pomoże kumplowi, gdy ten oberwie w starciu.
Hint/Patrol	Najedź myszą na patrol, sforę albo obławę, żeby zobaczyć ich przewidywany następny ruch.
Hint/PatrolGamepad	Najedź kursorem na patrol, sforę albo obławę, żeby zobaczyć ich przewidywany następny ruch.
Hint/Pawn	W lombardzie wymienisz zasoby, które przepadłyby przy warpie, na niesławę (ta przechodzi do następnego sektora).
Hint/Poison	Trucizna z czasem rani banitów, ale nie wtedy, gdy są wymienieni.
Hint/PoisonCure	Truciznę leczą apteczki.
Hint/Preach	Gatling Kaznodziei potrzebuje czasu, żeby się rozkręcić, więc zacznij strzelać, zanim wrogowie pojawią się w polu widzenia.
Hint/Proton	Większość Karzycieli, łącznie z rewolwerowcami, używa broni protonowej.
Hint/RMB	Przytrzymaj prawy przycisk myszy, żeby celować i strzelać celniej.
Hint/RMBGamepad	Przytrzymaj <sprite name="leftTrigger">, żeby celować i strzelać celniej.
Hint/Rage	Popisy szału i nietykalności zasilają osobne znajdźki.
Hint/RageState	Gdy banita jest w szale, jego trafienia są krytyczne i ogłuszają cel.
Hint/Rawhide	Karabin dźwiękowy Rawhide'a przebija wszystkie tarcze energetyczne.
Hint/Reload	Naciśnij R, żeby przeładować.
Hint/ReloadGamepad	Naciśnij <sprite name="buttonWest">, żeby przeładować.
Hint/RiftInfamy	Zabijanie wrogów z furtek nie zwiększa niesławy.
Hint/Scatter	Przy zejściu na planetę banici czasem się rozpraszają. Dotrzyj do rozproszonego banity, żeby znów się połączyć.
Hint/ScatterFind	Rozproszony banita zaprzyjaźni się bardziej z jednym z tych, którzy go znajdą.
Hint/Security	Nie musisz niszczyć ochrony (luf ani skrzynek-pułapek), żeby wygrać starcie
Hint/Sell	Niezałożone przedmioty możesz sprzedać w sklepach.
Hint/Shine	Popisy banitów zasila bimber. Znajdziesz go w każdym starciu.
Hint/Smoky	Czasem lepiej zwabić wrogów w ogień Smoky'ego, niż celować w nich wprost.
Hint/Smoky2	Smoky rzuca ogniem dalej, gdy celuje.
Hint/Sneak	Hopalong i Kaboom poruszają się bezszelestnie i nie alarmują wrogów sprintem.
Hint/Sonic	Obrażenia dźwiękowe omijają pancerz. Kojoty i czatownicy strzelają dźwiękiem.
Hint/Speech	Gdy wróg się odzywa, jego położenie pojawia się na kompasie.
Hint/SpiderRosa	Pajęcza Rosa może przeładowywać drugą parą rąk w trakcie strzelania.
Hint/SpiderStunt	Naciśnij E, żeby Pajęcza Rosa rzuciła wabik.
Hint/SpiderStuntGamepad	Naciśnij <sprite name="rightShoulder">, żeby Pajęcza Rosa rzuciła wabik.
Hint/Spike	Spike jest zabójczy, gdy działa po cichu, ale w otwartej wymianie ognia bywa mu ciężko.
Hint/Spike2	Spike rzuca dalej, gdy celuje.
Hint/Sprint	Przytrzymaj Shift, żeby biec. Sprint alarmuje pobliskich wrogów.
Hint/SprintGamepad	Przytrzymaj <sprite name="leftStickPress">, żeby biec. Sprint alarmuje pobliskich wrogów.
Hint/Stairway	Gdy jeden banita wraca na statek schodami, wracają z nim wszyscy banici z planety.
Hint/Storms	Burze są groźne – i dla ciebie, i dla wrogów.
Hint/Stunt	Szczegóły popisu każdego banity znajdziesz na ekranie banity.
Hint/Suspicious	Wrogowie strzelają w podejrzane dźwięki, więc bądź cicho, gdy kryjesz się w trzcinach albo w listowiu.
Hint/SwapOutlaws	Z grupy może naraz walczyć tylko jeden banita.
Hint/Tired	<deprecated>
Hint/Tonics	Toniki leczą rannych banitów i znów ich ładują.
Hint/Uncollected	Niezebrane znajdźki zbierasz automatycznie, gdy wygrasz starcie.
Hint/Warp	Warp niszczy wszystkie przedmioty, cramm, toniki, nadajniki i fasolę. Asy zostają.
Mission/Astronaut0	Sprawdzić plotkę o obcym podobnym do Roswella.
Mission/Astronaut1	Posłuchać kosmicznego promieniowania tła.
Mission/Astronaut2	Przejechać się dla frajdy kapsułą ratunkową Driftera.
Mission/Billy0	Wytropić pierwsze wydanie „Jechał po wysokich graniach”.
Mission/Billy1	Poćwiczyć potrójny młynek rewolwerem.
Mission/Billy2	Pojedynek z zabójcą, który twierdzi, że najszybciej w sektorze wyciąga broń.
Mission/Fletch0	Posiedzieć na plaży.
Mission/Fletch1	Popływać na pobliskim wodnym świecie.
Mission/Fletch2	Pomedytować w kapsule ratunkowej.
Mission/Gambler0	Uzbierać trochę cramm na spłatę starego długu karcianego.
Mission/Gambler1	Zdobyć bardzo potrzebny smar z czarnego rynku.
Mission/Gambler2	Odwiedzić starych kumpli od pokera i ich oskubać.
Mission/Hopalong0	Obejrzeć farmę na sprzedaż.
Mission/Hopalong1	Złapać na lasso rozszalałego byczka.
Mission/Hopalong2	Zabawiać sztuczkami z liną osierocone robodzieci.
Mission/Judge0	Przywrócić sprawiedliwość w miasteczku terroryzowanym przez rzezimieszków.
Mission/Judge1	Wystrzelać nowy celownik na strzelnicy.
Mission/Judge2	Powiesić słynnego Karzyciela schwytanego przez robobuntowników.
Mission/MamaPanic0	Rosa chce zapolować na coś do jedzenia. Lepiej nie wnikać w szczegóły. 
Mission/MamaPanic1	Znaleźć odpowiedniego żywiciela do wysiadywania larw. 
Mission/MamaPanic2	Wytropić dawnego wroga i sprawić, żeby pożałował, że wystawił Rosę. 
Mission/MistMiner0	Dopracować recepturę na większe bum.
Mission/MistMiner1	Kopać diamenty na krystalicznym świecie.
Mission/MistMiner2	Płukać złoto.
Mission/Preach0	Pielgrzymka do klasztoru Matki Boskiej Czarnoprochowej.
Mission/Preach1	Studiowanie Biblii.
Mission/Preach2	Datek na sierociniec Drogocennych Dusz.
Mission/Rawhide0	Zdobyć zapasową matrycę wibracyjną do Starego Wrzaskuna.
Mission/Rawhide1	Odnaleźć wiewiórkę, która została w tyle.
Mission/Rawhide2	Zbierać żołędzie na świecie sekwoi.
Mission/Sarge0	Postrugać patyki.
Mission/Sarge1	Poszwendać się.
Mission/Sarge2	Nie twój interes.
Mission/Smoky0	Wystawić fasolę w konkursie kulinarnym. 
Mission/Smoky1	Nazbierać papryczek szaleństwa do specjalnego sosu Smoky'ego.
Mission/Smoky2	Poopalać się przy gwieździe klasy O.
Mission/Spike0	Wypić mnóstwo lagera i starać się nie myśleć o bimbrze.
Mission/Spike1	Odwyk w ośrodku Samotny Jeździec.
Mission/Spike2	Nowa osełka.
Mutator/AllElite	Same elitarne planety
Mutator/AllStorms	Zawsze burza
Mutator/AlwaysNight	Zawsze noc
Mutator/DoubleDamage	Podwójne obrażenia
Mutator/DoubleInfamy	Podwójna niesława
Mutator/FastPrince	Książęta przybywają szybciej
Mutator/Jetpacks	Same plecaki odrzutowe
Mutator/LargePlanets	Duże planety
Mutator/LotsOfAces	Mnóstwo asów
Mutator/LotsOfTonics	Mnóstwo toników
Mutator/ManyNebulas	Wiele mgławic
Mutator/MaxThreat	Maksymalne zagrożenie
Mutator/StartingFeuds	Wszyscy są skłóceni
Prompt/AllMovesUsed	Koniec ruchów
Prompt/ControllerAllMovesUsed	Koniec ruchów
Prompt/ControllerMoveBunch	– potwierdź ruch
Prompt/ControllerPlanMove	– wskaż cel
Prompt/MoveBunch	Kliknij ponownie, żeby potwierdzić ruch
Prompt/PlanMove	Kliknij cel lewym przyciskiem
QuestDescription/CUFFS_JAIL_RESCUE	Uwolnij banitów z więzienia
QuestDescription/DOC_EXPLODE_IRONCLADS	Wysadź żelaźniaki Ruletką
QuestDescription/DOC_GET_CHITS	Zdobądź cramm
QuestDescription/HOPALONG_ARMADILLO_KILL	Zabij jeżozwierza
QuestDescription/HOPALONG_DENS	Splądruj legowiska
QuestDescription/JUDGE_BULLET_TIME_KILL_STREAK	Zabójstwa w czasie kuli
QuestDescription/JUDGE_HEADSHOT_STREAK	Seria krytyków
QuestDescription/KABOOM_DYNAMITE_DOUBLE_KILL	Podwójne zabójstwo dynamitem
QuestDescription/KABOOM_DYNAMITE_NO_VIS_KILL	Zabij niewidocznego wroga
QuestDescription/KABOOM_DYNAMITE_YELLOWBELLY_KILL	Zabij cykora dynamitem
QuestDescription/LAIKA_EXPLORE	Zbadaj planetę
QuestDescription/LAIKA_RIFT_CLOSE	Zamknij furtki
QuestDescription/MAMA_DATA_VAULTS	Włam się do farm danych i wykradnij sekrety
QuestDescription/MAMA_DECOY_KILL	Zabij wrogów zajętych wabikiem
QuestDescription/PREACH_IRONCLAD_KILL	Zabij żelaźniaki
QuestDescription/PREACH_TAKE_DAMAGE	Przyjmij obrażenia
QuestDescription/SMOKY_CHOWHOUSE	Gotuj posiłki w jadłodajniach
QuestDescription/SMOKY_STUNT_BURN	Podpal wrogów Grillowaniem
QuestDescription/SMOKY_WIN_NO_SHOOT	Wygraj starcie, nie strzelając do wroga
Resolve	Rozstrzygnij
SKUDesc/BEANS	Jedna puszka fasoli
SKUDesc/BUNCH_FULL_ARMOR	Pełny pancerz dla grupy
SKUDesc/BUNCH_FULL_HEALTH	Pełne zdrowie dla grupy
SKUDesc/ELIXIR	Jeden tonik
SKUDesc/GANG_FIFTY_HEALTH	Po 50 zdrowia dla całej bandy
SKUDesc/GANG_FULL_ARMOR	Pełny pancerz dla bandy
SKUDesc/GANG_FULL_HEALTH	Pełne zdrowie dla bandy
SKUDesc/GANG_FULL_SHINE	Pełen zapas bimbru dla bandy
SKUDesc/GANG_ONE_ARMOR	Po jednym pancerzu dla bandy
SKUDesc/GANG_ONE_DISGUISE	Jedno przebranie
SKUDesc/GANG_ONE_NITRO	Jedno nitro
SKUDesc/GANG_ONE_SHINE	Po jednym bimbrze dla bandy
SKUDesc/GANG_ONE_TELEPORTER	Jeden przenośny teleporter
SKUDesc/NAV	Jeden nadajnik
SKUDesc/ONE_HUNDRED_CHITS	100 cramm
SKUDesc/OUTLAW_ONE_ARMOR	Pełny pancerz
SKUDesc/OUTLAW_ONE_HEALTH	Pełne zdrowie
SKUDesc/OUTLAW_TWO_ARMOR	Pełny pancerz
SKUDesc/OUTLAW_TWO_HEALTH	Pełne zdrowie
Tutorial/InfamyItems1	Masz nowe przedmioty! Przydziel je na ekranie wyposażenia.
Tutorial/NewAces1	Twój banita zdobył nowe asy i awansował!
Tutorial/NewAces2	Wybierz asa, który na stałe wzmocni banitę.
Tutorial/NewBonusAce1	Twój banita zdobył naładowanego asa! Naładowane asy działają, gdy banita jest w pełni naładowany.
Tutorial/NewBonusAce2	Banici tracą naładowanie przy powrocie z planety na statek – jeśli walczyli na niej w starciu. 
Tutorial/NewBonusAce3	Odzyskują jedno naładowanie za każdym razem, gdy Drifter przenosi się do nowego układu.
Tutorial/NewInherent1	Twój banita zdobył nowego podstawowego asa! Podstawowe asy dają banicie stałe wzmocnienia.
Tutorial/Quest1	Na planetach mogą czekać zadania dla banitów.
Tutorial/Quest2	Wykonanie zadania odblokuje banicie podstawowego asa!
Tutorial/Reset	Drifter cofnął się warpem na początek sektora. Warp wyleczył rany, ale zniszczył też wszystkie zasoby poza asami i niesławą.
Tutorial/Restart	Drifter cofnął się warpem na początek sektora. Warp wyleczył rany, ale zniszczył też wszystkie zasoby poza asami i niesławą.
Tutorial/SectorComplete	Drifter przeniósł się warpem do nowego sektora. Warp wyleczył rany, ale zniszczył też wszystkie zasoby poza asami i niesławą.
UIEM/AcesDesc	Wybierane przy awansie, na stałe wzmacniają banitę.
UIEM/ActiveTalents	Asy
UIEM/AddAce	Dodaj asa
UIEM/AddAceInstructions	Wybierz nowego asa
UIEM/AddBonusAceInstructions	Zdobądź nowego naładowanego asa
UIEM/AddInherentInstructions	Zdobądź nowego podstawowego asa
UIEM/ArmorDesc	Ile trafień pochłonie pancerz banity
UIEM/AwayHelp	Banita wyruszył w własnej sprawie.
UIEM/Bestiary	Dane o wrogach
UIEM/CollectionInstructions	Kliknij asa, żeby usunąć go z ręki
UIEM/CollectionInstructionsPlanet	Na planecie nie można zmieniać talii.
UIEM/CoreAcesDesc	Po odblokowaniu na stałe wzmacniają banitę.
UIEM/Deck	Talia
UIEM/Difficulty	Poziom trudności
UIEM/Dislike	Waśń
UIEM/DislikeEffects	Nie mogą razem zejść na planetę
UIEM/Done	Gotowe
UIEM/DrawFromDeck	Dobierz asa z talii
UIEM/EquipMods	Załóż przedmiot
UIEM/FeudHelp	Skłóceni banici nie mogą razem zejść na planetę.
UIEM/Feuds	Waśnie
UIEM/FeudsDesc	Skłóceni banici nie mogą razem zejść na planetę. Podzielcie się fasolą, żeby ich pogodzić i zrobić z nich kumpli.
UIEM/FindBeans	Znajdź fasolę, żeby zwiększyć lojalność
UIEM/FireResistHelp	Szansa na odparcie obrażeń od ognia
UIEM/FreshAcesDesc	Ten as działa, gdy banita jest naładowany.
UIEM/FreshHelp	Naładowany as działa.
UIEM/Genesis	Geneza
UIEM/Hand	Poziom
UIEM/Handheld	W ręku
UIEM/Happy	Życzliwość
UIEM/HappyHelp	Życzliwy banita będzie na następnej planecie kumplem wszystkich pozostałych.
UIEM/HealthDesc	Ile obrażeń zniesie banita
UIEM/InOrbit	Na orbicie
UIEM/InjuredHelp	Ranni banici nie mogą zejść na planetę. Rany leczą toniki.
UIEM/LaserResistHelp	Szansa na odparcie obrażeń od lasera
UIEM/LeavePlanet	Opuść planetę
UIEM/LevelDesc	Banici awansują dzięki znalezionym asom. Każdy poziom to wybór kolejnego asa.
UIEM/Like	Kumple
UIEM/LikeEffects	Gdy kumpel oberwie trzy razy:
UIEM/LikesHelp	Kumple pomagają, gdy partner oberwie trzy razy.
UIEM/Loyalties	Waśnie
UIEM/LoyaltiesHeading	Waśnie i kumple
UIEM/LoyaltiesIntro	Wybierz banitę
UIEM/LoyaltiesNewFeud	Dwóch banitów się skłóciło.
UIEM/LoyaltiesNewNeutral	Dwóch banitów przestało być kumplami.
UIEM/LoyaltiesNewNoFeud	Dwóch banitów zakończyło waśń.
UIEM/LoyaltiesNewPal	Dwóch banitów zostało kumplami.
UIEM/LoyaltiesSelectOutlawPrompt	Wybierz banitę, któremu dasz puszkę fasoli
UIEM/MainMenu	Menu główne
UIEM/MakeLike	Kliknij, żeby zyskać lojalność
UIEM/MakeNeutral	Kliknij, żeby zakończyć waśń
UIEM/MaxLoyalty	Fasola niepotrzebna
UIEM/ModsDesc	Założone przedmioty wzmacniają banitę. Przepadają przy warpie.
UIEM/ModsLoyalties	Przedmioty i waśnie
UIEM/MovesDesc	Jak daleko banita dojdzie na mapie planety
UIEM/Navigate	Nawiguj
UIEM/Neutral	Obojętność
UIEM/NeutralHelp	Ten banita nie ma z nikim waśni.
UIEM/NewInherent	Zdobyto podstawowego asa
UIEM/NewTalents	Odblokowano nowe asy
UIEM/Next	Dalej
UIEM/None	Brak
UIEM/OKHelp	Bez ran
UIEM/OnPlanet	Na planecie
UIEM/Outlaws	Banici
UIEM/Pal	Pomoc kumpla
UIEM/PoisonResistHelp	Szansa na odparcie obrażeń od trucizny
UIEM/Previous	Wstecz
UIEM/ProtonResistHelp	Szansa na odparcie obrażeń od protonów
UIEM/QuestCompleted	Zadanie wykonane
UIEM/QuitConfirm	Na pewno wyjść z gry? Postęp zapisuje się automatycznie.
UIEM/RemoveAceInstructions	Kliknij asa, żeby usunąć go z ręki
UIEM/ResolveIncrease	Znalezione asy
UIEM/SelectFewerTalents	Usuń asa z ręki
UIEM/SelectMoreTalents	Dodaj asa do ręki
UIEM/SonicResistHelp	Szansa na odparcie obrażeń od dźwięku
UIEM/SpeedDesc	Jak szybko banita porusza się w walce
UIEM/Start	Start
UIEM/Status	Stan
UIEM/TiredHelp	Zmęczenie: naładowany as nie działa. Przy każdym ruchu Driftera banici są mniej zmęczeni.
UIEM/UnlockItems	Odblokowania
UIEM/UseBeans	Podziel się fasolą
UIEM/UseBeansHelp	Podzielcie się fasolą, żeby zakończyć waśń albo zostać kumplami
UIEM/UseBeansNeutralHelp	Podzielcie się fasolą, żeby ten banita został kumplem pozostałych.
UIMG/AceSummaryTitle	Asy zebrane w poprzednim sektorze
UIMG/AcesFor	Asy dla: 
UIMG/All	Wszystko
UIMG/AllChallengesComplete	Wszystkie wyzwania ukończone!
UIMG/AllOutlawsInjuredError	Wszyscy banici są ranni
UIMG/AlreadyPals	Już są kumplami
UIMG/BastardInNextSector	Bękart w następnym sektorze:
UIMG/BeamDown	Zejdź na planetę
UIMG/BeanTargetInstruction	Wybierz banitę, z którym podzielisz się fasolą
UIMG/BeansHelp	Fasola: kończy waśnie, łączy kumpli
UIMG/BecomeNeutral	Zakończy waśń
UIMG/BecomePals	Zostaną kumplami
UIMG/Bio	Życiorys
UIMG/BuffsDesc	Działa po naładowaniu
UIMG/CancelNav	Anuluj nawigację
UIMG/Canyon	Sierra
UIMG/CanyonDesc	Zimne góry
UIMG/CanyonPlanet	Planeta górska
UIMG/ChallengeEnemiesTitle	Główni wrogowie
UIMG/ChallengeEnemyDifficultyTitle	Trudność wrogów
UIMG/ChallengeInfamy	Niesława na następne wyzwanie
UIMG/ChallengeLengthTitle	Długość
UIMG/ChallengeMutatorsTitle	Zasady specjalne
UIMG/ChallengeOutlawsRecoverTitle	Uwięzieni banici
UIMG/ChallengeOutlawsTitle	Banici na start
UIMG/ChallengeResultTitle	Wynik wyzwania
UIMG/ChargedAceFor	Naładowany as dla: 
UIMG/Chest	Skrzynia
UIMG/ChitHelp	Cramm: kupuj w sklepach
UIMG/Choose	Wybierz
UIMG/ChooseOutlaws	Wybierz banitów do zejścia na planetę
UIMG/ChooseOutlaws2	Wybierz <color=#FF64EF>2</color> banitów do zejścia na <i><s></i>
UIMG/ChooseOutlaws3	Wybierz <color=#FF64EF>3</color> banitów do zejścia na <i><s></i>
UIMG/ChooseOutlaws4	Wybierz <color=#FF64EF>4</color> banitów do zejścia na <i><s></i>
UIMG/ChooseOutlaws5	Wybierz <color=#FF64EF>5</color> banitów do zejścia na <i><s></i>      -
UIMG/ChooseOutlaws6	Wybierz <color=#FF64EF>6</color> banitów do zejścia na <i><s></i>      -
UIMG/ClickToCureFatigue	Kliknij, żeby usunąć zmęczenie
UIMG/ClickToCureInjury	Kliknij, żeby wyleczyć rany
UIMG/Cloak	Nadajnik
UIMG/CloakHelp	Nadajniki: bezpieczne opuszczenie planety
UIMG/CollectAll	Zbierz wszystko
UIMG/Collection	Nowe asy
UIMG/CollectionDesc	Nieużyte asy
UIMG/ConfirmBeamDown	Możesz wybrać więcej banitów do zejścia na tę planetę. Na pewno schodzić?
UIMG/ConfirmNextPlanet	Masz już dość błysku, żeby zwerbować kolejnego banitę. Na pewno chcesz zamiast tego lecieć na następną planetę?
UIMG/ConfirmReplaceItem	Zastąpić założony przedmiot (zostanie przerobiony na cramm)?
UIMG/Congratulations	Gratulacje
UIMG/CoreAceFor	Podstawowy as dla: 
UIMG/Deck	Talia
UIMG/DeckDesc	Wybierane przy awansie
UIMG/DemoEnd	DZIĘKUJEMY ZA GRĘ W WILD BASTARDS\nPREMIERA W 2024\nDODAJ DO LISTY ŻYCZEŃ!
UIMG/DemoEndFullGame	PEŁNA WERSJA WE WRZEŚNIU 2024
UIMG/DemoEndPoint1	13 DZIKICH BANITÓW
UIMG/DemoEndPoint2	41 BRUTALNYCH WROGÓW
UIMG/DemoEndPoint3	6 OBCYCH BIOMÓW
UIMG/DemoEndPoint4	KAMPANIA FABULARNA
UIMG/DemoEndPoint5	KAMPANIA PROCEDURALNA
UIMG/DemoEndPoint6	14 WYZWAŃ
UIMG/DemoEndTitle	Dziękujemy za grę w demo Wild Bastards
UIMG/DemoEndWishlist	Lista życzeń
UIMG/Desert	Pustynia
UIMG/DesertDesc	Suche, jałowe krajobrazy
UIMG/DesertPlanet	Planeta pustynna
UIMG/Detail	Szczegóły
UIMG/ElixirModeDescription	Kliknij banitę, żeby podać mu tonik
UIMG/EmptyArmament	Puste miejsce na uzbrojenie
UIMG/EmptyGear	Puste miejsce na wyposażenie
UIMG/EmptyOutfit	Puste miejsce na strój
UIMG/End	Koniec
UIMG/EndOfRunOverlayBastardRecoverFailure	Bękart nieuratowany – przeniesiono go na nową planetę
UIMG/EndOfRunOverlayDescriptionBastardRecoverSuccess	Bękart uratowany – ruszaj do następnego sektora
UIMG/EndOfRunOverlayDescriptionHelixRetrievalSuccess	Helisa odzyskana – ruszaj do następnego sektora
UIMG/EndOfRunOverlayGlintRetrievalFailed	Błysk niezdobyty. Wyzwanie nieudane.
UIMG/EndOfRunOverlayHelixRetrievalFailure	Helisy nie odzyskano – przeniesiono ją na nową planetę
UIMG/EndOfRunOverlayOutlawRecoverFailure	Banita nieuratowany – przeniesiono go na nową planetę
UIMG/Epitaph	Epitafium
UIMG/Event	Zdarzenie
UIMG/FeudsHelp	Ten banita jest skłócony z:
UIMG/FirstAffinityChange	Relacje banitów się zmieniły. Kliknij przycisk lojalności, żeby zobaczyć zmiany.
UIMG/FirstPlanet	Średnia
UIMG/FiveXOne	5x1
UIMG/FiveXTwo	5x2
UIMG/Forest	Sekwoje
UIMG/ForestDesc	Głębokie, ciemne lasy
UIMG/ForestPlanet	Planeta leśna
UIMG/FourXOne	4x1
UIMG/FourXTwo	4x2
UIMG/Fresh	Naładowanie
UIMG/FreshHelp	Dostaje naładowanego asa przy zejściu na planetę
UIMG/FreshHelpPlanet	Ma naładowanego asa
UIMG/GangSize2	Ciasne ogrodzenie orbitalne. Na planetę może zejść 2 banitów.
UIMG/GangSize3	Ciasne ogrodzenie orbitalne. Na planetę może zejść 3 banitów.
UIMG/GangSize4	Na planetę może zejść 4 banitów.
UIMG/GangSize5	Słabe ogrodzenie orbitalne. Na planetę może zejść 5 banitów.
UIMG/GangSize6	Słabe ogrodzenie orbitalne. Na planetę może zejść 6 banitów.
UIMG/GlintDesc	Najcenniejsza postać cramm, warta małą fortunę.
UIMG/GoldToRecruit	Błysk do werbunku:
UIMG/HandHelp	banici dostają nowego asa przy każdym awansie.
UIMG/HasPendingUpgrade	Banita ma nowe asy. Kliknij go, żeby dodać asy do kolekcji.
UIMG/HideToolTips	<sprite name="select">Ukryj podpowiedzi
UIMG/InfamyForNextChallenge	Spróbuj wyzwania jeszcze raz z zebraną niesławą.
UIMG/InfamyHelp	Niesława: na początku sektora wymieniana na nagrody
UIMG/InfamyScreen	Dziura w Murze
UIMG/Inherents	Podstawowe asy
UIMG/InherentsDesc	Odblokowywane po kolei
UIMG/InjuredHelp	Nie może zejść na planetę.
UIMG/Jailed	W więzieniu:
UIMG/Jump	Skok
UIMG/JustWarp	Po prostu warp
UIMG/KeysCollected	Zebrane klucze
UIMG/Landing	Lądowanie
UIMG/LeavePlanet	Opuść planetę
UIMG/LikesHelp	Ten banita kumpluje się z:
UIMG/LocationDebug	Debug miejsca
UIMG/Loot	Łup
UIMG/Medium	3x3
UIMG/MediumEasy	3x3
UIMG/Mod	Przedmiot
UIMG/Modifiers	Modyfikatory
UIMG/Moon	Wroga
UIMG/MoonDesc	Martwe skały pełne cramm
UIMG/MoonPlanet	Wroga planeta
UIMG/NavScreenTitle	Wybierz cel
UIMG/Needed	Potrzebny
UIMG/NeededHelp	Ten banita jest potrzebny do uratowania bękarta na ostatniej planecie.
UIMG/NeededOnBoss	Nie może zejść – jest potrzebny do uratowania bękarta
UIMG/New	Nowe
UIMG/NewEnemy	Nowy wróg
UIMG/NewTalent	Nowy!
UIMG/NoBonusAce	Premia nieaktywna
UIMG/NoNavsDesc	Podróż skończy się ranami
UIMG/NoNavsTitle	Brak nadajników
UIMG/NoTonicRequired	Banita nie jest ranny
UIMG/NoTonics	Brak toników
UIMG/NotNeededOnBoss	Nie może zejść – niepotrzebny do uratowania bękarta
UIMG/Notification	Powiadomienie
UIMG/NotificationAreFeuding	<s1> i <s2> poróżnili się
UIMG/NotificationAreFeudingMultiple	Banici się poróżnili
UIMG/NotificationArePals	<s1> i <s2> dogadują się
UIMG/NotificationBastardRecovered	Bękart uratowany
UIMG/NotificationGlintRecovered	Błysk zdobyty
UIMG/NotificationNewAce	Awans
UIMG/NotificationNewFreshAce	Nowy naładowany as
UIMG/NotificationNewInherent	Nowy podstawowy as
UIMG/NotificationOutlawMissionEnded	Powrót
UIMG/NotificationOutlawRecovered	Uratowany
UIMG/NotificationOutlawRecruited	Wskrzeszenie
UIMG/OnPlanet	Na planecie
UIMG/Open	Otwórz
UIMG/OutlawAtLarge	Banita w sektorze
UIMG/OutlawHelixInNextSector	Helisa banity w następnym sektorze:
UIMG/Outlaws	Banici
UIMG/PalHelp	Pomoc kumpla:
UIMG/PlanetQuest	Zadanie na planecie
UIMG/PlanetSize	Rozmiar planety
UIMG/Planets	Planety
UIMG/PrimaryLoot	Łup
UIMG/ProgressNextChallenge	Odblokowano nowe wyzwanie!
UIMG/RecoverableInThisSector	Banita siedzi w więzieniu w tym sektorze
UIMG/Recruited	Banita zwerbowany
UIMG/RepeatBonus	Premia za powtórzenie sektora!
UIMG/RightClickDescription	Kliknij banitę prawym przyciskiem, żeby go obejrzeć
UIMG/SectorMapAllInjured	Wszyscy banici ranni – potrzebny warp
UIMG/SectorMapAllInjuredIronman	Wszyscy banici ranni – koniec gry
UIMG/SectorMapBastardFailureTitle	Bękart przeniesiony
UIMG/SectorMapBastardRecoverFailure	Bękarta nie uratowano i Chaste przeniósł go na nową planetę. Drifter musi cofnąć się warpem, żeby go odnaleźć.
UIMG/SectorMapBastardRecoverSuccess	Bękart uratowany, Drifter jest gotów do warpu w nowy sektor.
UIMG/SectorMapBastardSuccessTitle	Bękart uratowany
UIMG/SectorMapBeamLimit	Limit transportu
UIMG/SectorMapCantJumpEvent	Nie można skoczyć przed odblokowaniem bieżącego zdarzenia.
UIMG/SectorMapCantJumpPlanet	Nie można skoczyć przed odblokowaniem bieżącej planety.
UIMG/SectorMapChallengeEndDesc	Wyzwanie nieudane
UIMG/SectorMapChallengeResetDesc	Wyzwanie nieudane
UIMG/SectorMapEmptySpace	Próżnia
UIMG/SectorMapEmptySpaceDesc	Nie ma tu nic do roboty.\nJedź dalej.
UIMG/SectorMapEndMission	Misja zakończona. Odbierz nowe asy!
UIMG/SectorMapEndMissionTitle	Misja wykonana
UIMG/SectorMapEventSkipped	Zdarzenie ominięte
UIMG/SectorMapEventVisited	Zdarzenie zakończone
UIMG/SectorMapFailure	Porażka
UIMG/SectorMapGlintFailureTitle	Błysk niezdobyty
UIMG/SectorMapGlintRetrievalFailed	Nie zdobyto błysku. Koniec wyzwania. Zdobyta niesława przejdzie na kolejną próbę!
UIMG/SectorMapHelixFailureTitle	Helisa przeniesiona
UIMG/SectorMapHelixRetrievalFailure	Helisy banity nie odzyskano i Chaste przeniósł ją na nową planetę. Drifter musi cofnąć się warpem, żeby ją odnaleźć.
UIMG/SectorMapHelixRetrievalSuccess	Zaginiony banita odzyskany, Drifter jest gotów do warpu w nowy sektor.
UIMG/SectorMapHelixSuccessTitle	Banita wskrzeszony
UIMG/SectorMapIronmanReset	Koniec
UIMG/SectorMapIronmanResetDesc	Kampania przegrana
UIMG/SectorMapJumpLocked	Skok zablokowany
UIMG/SectorMapJumpUnlocked	Skok odblokowany
UIMG/SectorMapNavDesc	Użyj nadajnika, żeby ominąć to miejsce
UIMG/SectorMapNavTitle	Omiń
UIMG/SectorMapNotVisible	Niewidoczne
UIMG/SectorMapNotificationTitle	Uwaga
UIMG/SectorMapOutOfRange	Poza zasięgiem skoku
UIMG/SectorMapOutlawFailureTitle	Banita przeniesiony
UIMG/SectorMapOutlawRecoverFailure	Banity nie uratowano i Chaste przeniósł go na nową planetę. Drifter musi cofnąć się warpem, żeby go odnaleźć.
UIMG/SectorMapOutlawSelectDesc	Zejdź na planetę, żeby ją złupić i złamać blokadę skoku.
UIMG/SectorMapOutlawSelectTitle	Złam blokadę
UIMG/SectorMapPlanetSkipped	Planeta ominięta
UIMG/SectorMapPlanetVisited	Planeta odwiedzona
UIMG/SectorMapShopLeaveConfirm	Niewydana niesława przepadnie. Mimo to opuścić Dziurę w Murze? 
UIMG/SectorMapSkipDesc	Omiń to miejsce.
UIMG/SectorMapSkipTitle	Pomiń
UIMG/SectorMapSuccess	Sukces
UIMG/SectorMapTooFar	Poza zasięgiem skanera
UIMG/SectorMapTravelDesc	Leć do tego układu.
UIMG/SectorMapTravelTitle	Skok
UIMG/SectorMapWarpBackDesc	Wróć na początek sektora.
UIMG/SectorMapWarpDesc	Ruszaj do następnego sektora.
UIMG/SectorMapWarpFirstSector	Warp
UIMG/SectorMapWarpFirstSectorDesc	Opuść ten nędzny sektor.
UIMG/SectorMapWarpRecruited	Warp
UIMG/SectorMapWarpReset	Warp wstecz
UIMG/SectorMapWarpRestart	Warp wstecz
UIMG/SectorMapWarpRestartToRecover	Warp wstecz
UIMG/SelectFewerOutlaws	Wybierz mniej banitów
UIMG/SelectMoreOutlaws	Wybierz więcej banitów
UIMG/SelectOutlaws	Wybierz banitów
UIMG/Selected	wybr.
UIMG/SevenXOne	7x1
UIMG/ShowToolTips	<sprite name="select">Pokaż podpowiedzi
UIMG/SixXOne	6x1
UIMG/Small	2x2
UIMG/SmallEasy	2x2
UIMG/StartInfo	Pokonaj to wyzwanie, żeby odblokować kolejne
UIMG/Stash	Skrytka
UIMG/Swamp	Moczary
UIMG/SwampDesc	Mgliste, tajemnicze bagna
UIMG/SwampPlanet	Planeta bagienna
UIMG/TerrainType	Rodzaj terenu:
UIMG/ThreeXOne	3x1
UIMG/ThreeXTwo	3x2
UIMG/Tiny	Maleńka
UIMG/Tired	Zmęczenie
UIMG/TiredHelp	Nie dostanie naładowanego asa przy zejściu na planetę
UIMG/TonicHelp	Toniki: leczą rany
UIMG/TryHarderChallenge	Spróbuj trudniejszego wyzwania
UIMG/TwoXOne	2x1
UIMG/Unaffected	Bez zmian
UIMG/UnidentifiedItem	Nierozpoznany przedmiot
UIMG/UnidentifiedItem2	Nierozpoznany lepszy przedmiot
UIMG/UnidentifiedItem3	Nierozpoznany pierwszorzędny przedmiot
UIMG/UnidentifiedResource	Nierozpoznany łup
UIMG/Uninjured	Bez ran
UIMG/Unlock	Odblokuj
UIMG/Unlocked	Odblokowane
UIMG/UseBeansOverlayAutoButton	Auto-podział fasoli
UIMG/UseBeansOverlayDescription	Fasola przepadnie przy warpie. Lepiej podzielić się nią teraz.
UIMG/UseBeansOverlayFeudsButton	Podziel się fasolą
UIMG/UseBeansOverlayTitle	Podzielić fasolę przed warpem?
UIMG/UseTonic	Użyj toniku
UIMG/Utopia	Posiadłość
UIMG/UtopiaDesc	Starannie urządzone ogrody bogaczy
UIMG/UtopiaPlanet	Planeta posiadłości
UIMG/View	Pokaż
UIMG/Warp	Warp
UIMG/WarpOutlawsHealed	Stan banitów przywrócony
UIMG/WarpResourcesDecomposing	Ładunek się rozpada
UIMG/Warping	Warp w toku
UIPM/AITurn	Ruch wroga
UIPM/Accuracy	Rozrzut
UIPM/AceDesc	Asy: wzmacniają banitę
UIPM/AcesAndMods	Działanie asów i przedmiotów
UIPM/Actions	Działania
UIPM/All	wszystko
UIPM/Ammo	Amunicja
UIPM/Armor	Pancerz
UIPM/ArmorBuy	Kup pancerz
UIPM/ArmorHelp	Pancerz pochłania jedno trafienie
UIPM/ArmorNotNeeded	Pełny pancerz
UIPM/At	W
UIPM/BastardDesc	Bękart: jeden z potomków Chaste'a
UIPM/BastardRetrieved	Bękart zabezpieczony
UIPM/BeaconButtonDesc	Użyj nadajnika, żeby bezpiecznie opuścić planetę
UIPM/BeamDownScreenTitle	Schodzenie na planetę
UIPM/BeamUpFirstScreenTitle	Ucieczka na Driftera
UIPM/BeamUpScreenTitle	Powrót na Driftera
UIPM/BeansDesc	Fasola: kończy waśnie, łączy kumpli
UIPM/BonusAce	Naładowany as
UIPM/BonusAces	Naładowane asy
UIPM/Bunch	Grupa
UIPM/BunchEditHeading	Grupy banitów
UIPM/BunchEditHelp	Podziel banitów stojących w tym samym miejscu na grupy
UIPM/BunchEditJoin	Dołącz
UIPM/BunchEditSwap	Zamień
UIPM/BunchInjured	Grupa ranna
UIPM/Cancel	Anuluj
UIPM/CantEquip	Nie można założyć
UIPM/ChooseOneAce	Wybierz asa do aktywacji
UIPM/CloakDesc	Nadajniki: bezpieczne opuszczenie planety
UIPM/CollectingPickups	 Zbieranie znajdziek ze starcia.
UIPM/Comma	, 
UIPM/ConfirmEndTurnNotMoved	Jedna z grup jeszcze się nie ruszyła. Na pewno zakończyć turę?
UIPM/ConfirmLeaveGoldRemain	Na planecie został niezebrany błysk. Na pewno zmykać?
UIPM/ConfirmLeaveJailedOutlaws	W więzieniu wciąż siedzi banita. Na pewno wrócić schodami na statek?
UIPM/ConfirmLeaveNoBastard	Bękart jeszcze niezabezpieczony. Na pewno wrócić schodami na statek?
UIPM/ConfirmLeaveNoGlint	Błysk jeszcze niezabezpieczony. Na pewno wrócić schodami na statek?
UIPM/ConfirmLeaveNoHelix	Helisa jeszcze niezabezpieczona. Na pewno wrócić schodami na statek?
UIPM/ConfirmLeavePlanet	Wrócić schodami na statek?
UIPM/ConfirmLeavePlanetWithoutExit	Wrócić na statek bez schodów? Wszyscy banici zostaną ranni.\n
UIPM/ConfirmSurrender	Na pewno się poddać? Wszyscy banici w grupie zostaną ranni.
UIPM/ConfirmUseBeacon	Użyć awaryjnego nadajnika, żeby wrócić na statek?
UIPM/CoreAcesCollected	Zebrane podstawowe asy
UIPM/Count	Zabójstwa
UIPM/Crit	Strefa krytyczna
UIPM/Critters	Zwierzęta
UIPM/Damage	Obrażenia
UIPM/DamageType	Rodzaj obrażeń
UIPM/DamageUp	Obrażenia
UIPM/Day	Dzień
UIPM/Defeat	Porażka
UIPM/Degrees	°
UIPM/DisguiseDesc	Unikaj ruchomych wrogów przez jedną turę
UIPM/Draw	Dobierz
UIPM/DrawAces	Dobierz asy z talii
UIPM/DrawingAcesFromDeck	Dobieranie asów
UIPM/EditBunches	Edytuj grupy
UIPM/Empty	Pusto
UIPM/EndTurn	Zakończ turę
UIPM/Enemy	Wróg
UIPM/EnemyData	Dane
UIPM/Equip	Załóż
UIPM/ExtraPickups	Pozostałe znajdźki
UIPM/Fight	Walcz
UIPM/FireResist	Odp. na ogień
UIPM/Forage	Szukaj zapasów
UIPM/Found	Na miejscu
UIPM/GamepadDisconnected	Kontroler odłączony \n<sprite name="buttonSouth">
UIPM/Gear	Wyposażenie
UIPM/GlintDesc	Błysk: najcenniejsza postać cramm
UIPM/GlintRetrieved	Błysk zebrany
UIPM/Got	Zdobyto
UIPM/GritCollected	Zebrane asy
UIPM/Guards	Karzyciele
UIPM/Health	Zdrowie
UIPM/HealthAndArmor	Zdrowie i pancerz
UIPM/HealthBuy	Lecz
UIPM/HealthHelp	Banita zostaje ranny, gdy zdrowie spadnie do zera
UIPM/HealthNotNeeded	Pełne zdrowie
UIPM/HealthUp	Zdrowie
UIPM/HelixDesc	Helisa: esencja poległego banity
UIPM/HelixRetrieved	Helisa zebrana
UIPM/InfamyBonus	Premia
UIPM/Infinity	Bez limitu
UIPM/InherentDesc	Odłamki podstawowych asów: dają nowe podstawowe asy
UIPM/Injured	Rany
UIPM/ItemDesc	Niezałożone przedmioty
UIPM/ItemsCollected	Zebrane przedmioty
UIPM/Jailed	W celi
UIPM/LaserResist	Odp. na lasery
UIPM/Level	Poziom
UIPM/LevelBonus	Premia za poziom
UIPM/LevelHelp	Ile asów ma banita
UIPM/LevelShort	POZ.
UIPM/LevelUp	Awans
UIPM/LevelsUp	Awansuje
UIPM/LikeEffects	Pomoc w starciach
UIPM/Loading	Początek starcia
UIPM/Loot	Żyła złota
UIPM/LootExplanation	Wszystkie pozostałe znajdźki zebrano automatycznie
UIPM/Map	Mapa
UIPM/ModCollection	Kolekcja przedmiotów
UIPM/Mods	Przedmiot
UIPM/MoreAces	Więcej asów
UIPM/Move	Ruch
UIPM/Moves	Ruchy
UIPM/MovesDesc	Ruchy grupy pozostałe w tej turze
UIPM/NewBunch	Nowa grupa
UIPM/Next	Dalej
UIPM/Night	Noc
UIPM/NightFallIn	Zmrok za
UIPM/NightHelp	Jest noc
UIPM/NightfallHelp	Tury do zmroku
UIPM/NitroDesc	Dodatkowe ruchy
UIPM/NitroHelp	Daje grupie dodatkowe ruchy
UIPM/No	Nie
UIPM/NoArmament	Brak uzbrojenia
UIPM/NoFreshAce	Brak
UIPM/NoGear	Brak wyposażenia
UIPM/NoItem	Puste miejsce na przedmiot
UIPM/NoItems	Brak niezałożonych przedmiotów
UIPM/NoMods	Brak zapasowych przedmiotów
UIPM/NoOutfit	Brak stroju
UIPM/NoTooltips	Bez podpowiedzi
UIPM/NotScattered	U celu
UIPM/NumberOfEnemies	Liczba wrogów
UIPM/OK	OK
UIPM/OnCanyonRoad	NA ZAMARZNIĘTEJ ŚCIEŻCE
UIPM/OnForestRoad	NA SPLĄTANYM SZLAKU
UIPM/OnMoonRoad	NA SPALONEJ DRODZE
UIPM/OnRoad	NA ZAKURZONYM TRAKCIE
UIPM/OnSwampRoad	NA BŁOTNISTEJ GROBLI
UIPM/Outfit	Strój
UIPM/Outlaw	Banita
UIPM/OutlawWeapon	Broń
UIPM/PackDefeated	Sfora pokonana!
UIPM/PalHelp	Banita jest kumplem swojego partnera
UIPM/PalsBonus	Premia kumpli
UIPM/PatrolDefeated	Patrol pokonany!
UIPM/PerSecond	/s
UIPM/Pickups	Tabaka ze znajdziek
UIPM/Plan	Plan
UIPM/PlanetLost	Wszyscy banici ranni
UIPM/PlanetLostDesc	Wszyscy banici są ranni.
UIPM/PlanetResources	Planeta
UIPM/PlanetTraits	Cechy planety
UIPM/PlayerTurn	Nowa tura
UIPM/PoisonResist	Odp. na truciznę
UIPM/PosseArrives1	McNeil przybywa
UIPM/PosseArrives2	Francisco przybywa
UIPM/PosseArrives3	Barrabas przybywa
UIPM/PosseArrives4	Chaste przybywa
UIPM/PosseArrives5	Chaste na planecie
UIPM/PosseDefeated	Obława pokonana!
UIPM/PosseHelp	Tury do przybycia księcia albo Chaste'a na planetę
UIPM/PosseTurns	Tury do obławy
UIPM/PosseTurns1	Książę McNeil przybędzie za
UIPM/PosseTurns2	Księżna Francisco przybędzie za
UIPM/PosseTurns3	Książę Barrabas przybędzie za
UIPM/PosseTurns4	Chaste przybędzie za
UIPM/PosseTurns5	Chaste na planecie
UIPM/ProtonResist	Odp. na protony
UIPM/Quest	Zadanie
UIPM/ROF	Szybkostrzelność
UIPM/Recycle	Przerób na cramm:
UIPM/Reload	Przeładowanie
UIPM/Replace	Zastąp
UIPM/Resistances	Odporności
UIPM/Retreat	Odwrót
UIPM/RoadOpened	Droga otwarta!
UIPM/Round	runda
UIPM/Scattered	Rozproszenie
UIPM/Seconds	Sekundy
UIPM/SecondsAbbreviation	S
UIPM/Security	Ochrona
UIPM/Select	Wybierz
UIPM/SelectItem	Wybierz przedmiot do założenia
UIPM/SelectSlot	Wybierz miejsce na przedmiot
UIPM/SelectedBunch	Wybrana grupa
UIPM/SharedLoot	Znajdźki
UIPM/ShopBuy	Kup
UIPM/ShopBuyTitle	Nasze towary
UIPM/ShopSell	Sprzedaj
UIPM/ShopSellResourcesTitle	Sprzedaj zasoby
UIPM/ShopSellTitle	Sprzedaj przedmioty
UIPM/SoloBonus	Premia w pojedynkę
UIPM/SonicResist	Odp. na dźwięk
UIPM/SpareMods	Zapasowe przedmioty
UIPM/Speed	Szybkość
UIPM/Stats	Statystyki
UIPM/SteamOverlayOpen	Otwarto nakładkę Steam
UIPM/Stunt	Popis
UIPM/Sum	Niesława
UIPM/TalentReroll	Dobierz ponownie
UIPM/Teleport	Teleportuj
UIPM/TeleporterDesc	Postaw teleporter
UIPM/Threat	Zagrożenie
UIPM/TonicDesc	Toniki: leczą rany
UIPM/TooManyBunches	Nie można tam przejść, jest tam już za dużo grup.
UIPM/TooManyOutlaws	Za dużo banitów
UIPM/Total	Razem
UIPM/Turn	Tura
UIPM/TurnHelp	Tury, które upłynęły na planecie
UIPM/Turns	Tury
UIPM/UnequippedMods	Kolekcja przedmiotów <color=white>Może je założyć każdy banita</color>
UIPM/Unknown	Brak danych
UIPM/Used	Zużyte
UIPM/Uses	Użycia
UIPM/UsesRemaining	Pozostałe użycia
UIPM/Value	Wartość
UIPM/Victory	Zwycięstwo
UIPM/VisitGuardPost	Wygraj starcie, żeby otworzyć drogę
UIPM/VisitLocation	Odwiedź miejsce
UIPM/Wanted	Poszukiwany
UIPM/Weapon	Przedmiot
UIPM/Yes	Tak
UIPM/ZoomedSpread	Rozrzut przy celowaniu
UIPM/comfirmEndTurnWithMoves	Jedna z grup ma jeszcze ruchy. Na pewno zakończyć turę?
SME/CarePackage	Dziura w Murze
SME/CarePackageA	Niesława zamienia się w nagrody
SME/CarePackageAButton	Wejdź
SME/CarePackageATitle	Nagrody
SME/CarePackageDesc	Roboty, ksenosi i inni niepożądani dają towary w zamian za niesławę zdobytą zabijaniem Karzycieli.
SME/CatAsteroid	Placówka
SME/CatCarePackage	Dziura w Murze
SME/CatDebris	Szczątki
SME/CatDescAsteroid	Odległa planetoida bez prawa. Często można tu zdobyć fasolę, ale nie brakuje też zagrożeń.
SME/CatDescCarePackage	Kryjówka, w której pomagają ściganym przez Chaste'a.
SME/CatDescDebris	Szczątki zatopionego albo wyrzuconego ze statku ładunku. Może źródło zasobów, a może zwykły złom.
SME/CatDescNebula	Złowieszcza mgławica, w której wirują groźne i nieprzewidywalne energie.
SME/CatDescPirate	Piraci
SME/CatDescSaloon	Stacja w próżni, schronienie dla znużonych podróżnych i możliwe źródło zaskakujących okazji.
SME/CatDescSpaceship	Opuszczony wrak. Abordaż narazi bandę na niebezpieczeństwa, ale może uda się coś uratować.
SME/CatDescStagecoach	Niezidentyfikowany statek, pewnie inny podróżny, który omija ścisłą kontrolę Chaste'a w tym sektorze – a może coś innego.
SME/CatDescStash	Skrytka w czarnej dziurze
SME/CatNebula	Mgławica
SME/CatPirate	Piraci 
SME/CatSaloon	Stacja
SME/CatSpaceship	Opuszczony statek
SME/CatStagecoach	Statek
SME/CatStash	Skrytka
SME/Mission	Okazja do misji
SME/MissionA1	Wyślij: {0}. Liczba skoków: {1}.
SME/MissionA2	Wyślij: {0} i {1}. Liczba skoków: {2}.
SME/MissionA3	Wyślij: {0}, {1} i {2}. Liczba skoków: {3}.
SME/MissionAButton	Wyślij
SME/MissionATitle	Wyślij banitów
SME/MissionB	Nie wysyłaj banitów na tę misję.
SME/MissionBButton	Odmów
SME/MissionBTitle	Odrzuć misję
SME/MissionDesc	Bez nagrody.
SME/MissionDescAces	Nagroda: asy – {0}.
SME/MissionDescCharged	Nagroda: naładowany as – {0}.
SME/MissionDescCore	Nagroda: podstawowy as – {0}.
SME/MixAstronaut	Głodni handlarze
SME/MixAstronautA	Przykro mi, nie mam fasoli. Losowy banita ranny.
SME/MixAstronautAButton	OK
SME/MixAstronautATitle	Brak fasoli
SME/MixAstronautB	Wymień fasolę na toniki. Fasola: -{0} Toniki: +{1} 
SME/MixAstronautBButton	Wymień
SME/MixAstronautBTitle	Wymień fasolę
SME/MixAstronautC	„Znam te istoty”. Zmęczenie Roswella: +{0}: Toniki +{1}
SME/MixAstronautCButton	Negocjuj
SME/MixAstronautCTitle	Roswell
SME/MixAstronautDesc	Ci handlarze z ubogiej w fasolę części galaktyki pewnie się wściekną, jeśli ich nie zadowolisz.
SME/MixBilly	Turniej szybkiego wyciągania 
SME/MixBillyA	Wyślij losowego banitę. Szansa na rany: {0}%. Szansa na cramm +{1}: {2}%
SME/MixBillyAButton	Wyciągaj
SME/MixBillyATitle	Losowy
SME/MixBillyB	Wyślij Billy'ego. Zmęczenie Billy'ego +{0}. Cramm +{1}
SME/MixBillyBButton	Wyciągaj
SME/MixBillyBTitle	Billy
SME/MixBillyDesc	Najszybsi rewolwerowcy w sektorze przyjeżdżają tu sprawdzić, ile są warci.
SME/MixFletch	Ukryta kieszeń czasoprzestrzeni
SME/MixFletchA	Nadajniki +{0}
SME/MixFletchAButton	Weź
SME/MixFletchATitle	Nadajniki
SME/MixFletchB	Zmęczenie Fletch +{0}. Nadajniki +{1} i wyleczenie wszystkich ran.
SME/MixFletchBTitle	Fletch
SME/MixFletchDesc	Ten obszar kosmosu obfituje w surowce potrzebne do produkcji nadajników.
SME/MixGambler	Gra o wysoką stawkę
SME/MixGamblerA	Szansa na utratę całego cramm: {0}%. Szansa na podwojenie cramm: {1}%
SME/MixGamblerAButton	Graj
SME/MixGamblerATitle	Zaryzykuj
SME/MixGamblerB	Wyślij Casino. Zmęczenie Casino: +{0}. Podwój cramm w skrytce!
SME/MixGamblerBButton	Graj
SME/MixGamblerBTitle	Casino
SME/MixGamblerDesc	Dobra okazja, żeby szybko zarobić – albo stracić.
SME/MixHopalong	Fasolowe ranczo
SME/MixHopalongA	Wyślij losowego banitę. Szansa na rany: {0}%. Szansa na fasolę +{1}: {2}%
SME/MixHopalongAButton	Zbieraj fasolę
SME/MixHopalongATitle	Losowy
SME/MixHopalongB	Wyślij Hopalonga. Zmęczenie Hopalonga: +{0}. Fasola +{1}
SME/MixHopalongBButton	Zbieraj fasolę
SME/MixHopalongBTitle	Hopalong
SME/MixHopalongDesc	Po rzadko odwiedzanym fasolowym ranczu grasują dzikie jeżozwierze.
SME/MixJudge	Klinika z czarnego rynku
SME/MixJudgeA	Odwiedź klinikę i wylecz losowe rany.
SME/MixJudgeAButton	Odwiedź
SME/MixJudgeATitle	Losowy
SME/MixJudgeB	Wyślij Sędziego, żeby porozmawiał o praktyce lekarskiej bez licencji. Zmęczenie Sędziego +{0}. Wylecz wszystkie rany.
SME/MixJudgeBTitle	Sędzia
SME/MixJudgeDesc	Ta nielegalna klinika obsługuje obcych, roboty, a w potrzebie nawet ludzi.
SME/MixMamaPanic	Dryfujący pajęczy statek
SME/MixMamaPanicA	Oddaj pająkom wszystkie niezałożone przedmioty.
SME/MixMamaPanicATitle	Strata przedmiotów
SME/MixMamaPanicB	Zdobądź losowy przedmiot. Zmęczenie Pajęczej Rosy: +{0}
SME/MixMamaPanicBTitle	Losowy przedmiot
SME/MixMamaPanicC	Zamień losowy przedmiot ze skrytki w losowy przedmiot wyższego poziomu. Zmęczenie Pajęczej Rosy: +{0}
SME/MixMamaPanicCTitle	Przemiana
SME/MixMamaPanicDesc	Pajęczy obcy polują na przedmioty i odbiorą je siłą – chyba że zdołasz się z nimi dogadać.
SME/MixMistMiner	Punkt kontrolny Chaste i Synowie
SME/MixMistMinerA	Wejdź z bronią w ręku. Szansa na rany u każdego banity: {0}%. Nadajniki: +{1}
SME/MixMistMinerAButton	Atakuj
SME/MixMistMinerATitle	Losowy
SME/MixMistMinerB	Po cichu i z dynamitem. Zmęczenie Kabooma: +{0}. Nadajniki: +{1}
SME/MixMistMinerBButton	Zakradnij się
SME/MixMistMinerBTitle	Kaboom
SME/MixMistMinerDesc	Przez ten punkt kontrolny trzeba się przebić ogniem – ale może też być źródłem nadajników.
SME/MixPreach	Obóz pielgrzymów
SME/MixPreachA	Pohandluj z pielgrzymami. Cramm -{0}. Fasola: +{1}
SME/MixPreachAButton	Handluj
SME/MixPreachATitle	Handel
SME/MixPreachB	Wyślij Kaznodzieję, żeby kazaniem ukoiła ich dusze. Zmęczenie Kaznodziei +{0}. Fasola +{1}
SME/MixPreachBButton	Wygłoś kazanie
SME/MixPreachBTitle	Kaznodzieja
SME/MixPreachDesc	Ci chciwi pielgrzymi odpoczywają w drodze do ziemi obiecanej. Mają fasolę, ale pożądają cramm.
SME/MixRawhide	Dzika fasola
SME/MixRawhideA	Wyślij wszystkich banitów na zbiór dzikiej fasoli. Zmęczenie wszystkich banitów: +{0}. Fasola: +{1} 
SME/MixRawhideAButton	Zbieraj
SME/MixRawhideATitle	Wyślij wszystkich
SME/MixRawhideB	Wyślij Rawhide'a – on wie, co robi. Zmęczenie Rawhide'a +{0}. Fasola +{1}
SME/MixRawhideBButton	Zbieraj
SME/MixRawhideBTitle	Rawhide
SME/MixRawhideDesc	Na tej żyznej asteroidzie fasola rośnie dziko.
SME/MixSarge	Stary szpital polowy
SME/MixSargeA	Wymień cramm na toniki. Cramm -{0}. Tonik: +{1}
SME/MixSargeAButton	Wymień
SME/MixSargeATitle	Handel
SME/MixSargeB	Wyślij Sierżanta na wymianę wojennych opowieści. Zmęczenie Sierżanta +{0}. Tonik +{1}.
SME/MixSargeBButton	Snuj opowieść
SME/MixSargeBTitle	Sierżant
SME/MixSargeC	Wyślij Sierżanta na wymianę wojennych opowieści. Zmęczenie Sierżanta +{0}. Tonik +{1}.
SME/MixSargeCButton	Snuj opowieść
SME/MixSargeCTitle	Sierżant
SME/MixSargeDesc	Ten prowadzony przez roboty szpital polowy wciąż działa, choć wojna dawno się skończyła. Cywile płacą słono.
SME/MixSmoky	Płonący wrak
SME/MixSmokyA	Wyślij losowego banitę. Szansa na rany: {0}%. Zdobądź pierwszorzędny przedmiot. 
SME/MixSmokyAButton	Abordaż
SME/MixSmokyATitle	Losowy
SME/MixSmokyB	Wyślij Smoky'ego. Zmęczenie Smoky'ego: +{0}. Zdobądź pierwszorzędny przedmiot. 
SME/MixSmokyBButton	Abordaż
SME/MixSmokyBTitle	Smoky
SME/MixSmokyDesc	Ten wrak płonie, ale pewnie wciąż da się z niego wyciągnąć cenne przedmioty.
SME/MixSpike	Zbuntowany automat z nadajnikami
SME/MixSpikeA	Jeśli oddasz mu cały cramm, wypluje nadajnik. Cramm -{0}. Nadajniki: +{1}
SME/MixSpikeAButton	Użyj
SME/MixSpikeATitle	Zapłać cramm
SME/MixSpikeB	Spike wie, jak się do nich włamać. Zmęczenie Spike'a +{0}. Nadajniki: +{1}
SME/MixSpikeBButton	Spike
SME/MixSpikeBTitle	Włam się
SME/MixSpikeC	Spike wie, jak się do nich włamać. Zmęczenie Spike'a +{0}. Nadajniki: +{1}
SME/MixSpikeCTitle	Spike
SME/MixSpikeDesc	Automat obsługuje robot, który bardzo nalega na zapłatę.
SME/NegAffinity	Burza psychiczna 
SME/NegAffinityA	Dwóch banitów się kłóci.
SME/NegAffinityAButton	OK
SME/NegAffinityATitle	Waśń
SME/NegAffinityDesc	Psychiczne wiatry wiejące w tym rejonie wywołują wybuchy gniewu.
SME/NegFatigue	Pustkowia
SME/NegFatigueA	Zmęczenie wszystkich banitów: +{0}
SME/NegFatigueAButton	OK
SME/NegFatigueATitle	Zmęczenie
SME/NegFatigueDesc	Przez silne promieniowanie podróż przez ten rejon jest wyczerpująca.
SME/NegInjFatigue	Burza szczątków
SME/NegInjFatigueA	Szansa na rany u każdego banity w burzy: {0}%. Zmęczenie pozostałych banitów: +{0}
SME/NegInjFatigueAButton	OK
SME/NegInjFatigueATitle	Banici poturbowani
SME/NegInjFatigueDesc	Przelot przez to pole szczątków będzie ryzykowny
SME/NegInjury	Pole asteroid 
SME/NegInjuryA	Szansa na rany u każdego banity: {0}%
SME/NegInjuryAButton	OK
SME/NegInjuryATitle	Rany
SME/NegInjuryDesc	Groźne asteroidy mogą przebić osłony Driftera i spowodować rany.
SME/NegItems	Rój nanobotów 
SME/NegItemsA	Szansa na zniszczenie każdego przedmiotu: {0}%
SME/NegItemsAButton	OK
SME/NegItemsATitle	Uszkodzone przedmioty
SME/NegItemsDesc	Nanoboty pożerają ten wrak. Drifterowi nie zaszkodzą, ale mogą uszkodzić przedmioty.
SME/NoEvent	Brak zdarzenia
SME/NoEventDesc	Brak opisu zdarzenia
SME/Pirates	Piraci 
SME/PiratesA	Oddaj im cały cramm.
SME/PiratesATitle	Zapłać
SME/PiratesB	Walcz i ryzykuj rany banitów w zamian za szansę na piracki łup. {0}/{0}
SME/PiratesBTitle	Walcz
SME/PiratesC	Uciekaj. Szansa na rany u każdego banity: {0}%
SME/PiratesCTitle	Uciekaj
SME/PiratesDesc	Po tych wodach krążą krwiożerczy piraci. 
SME/PosBeans	Zagubiony goniec
SME/PosBeansA	Fasola +{0}
SME/PosBeansATitle	Podarunek
SME/PosBeansDesc	Zagubiony goniec hojnie wynagrodzi wskazanie drogi.
SME/PosChits	Juki
SME/PosChitsA	Cramm +{0}
SME/PosChitsAButton	Weź
SME/PosChitsATitle	Juki
SME/PosChitsDesc	Jakiś nieszczęsny podróżny zostawił chyba swoje juki.
SME/PosElixirs	Wędrowny kaznodzieja
SME/PosElixirsA	Tonik: +{0}
SME/PosElixirsAButton	Weź
SME/PosElixirsATitle	Darmowy tonik
SME/PosElixirsDesc	Ten wędrowny kaznodzieja rozdaje ze swojego statku modlitwy i wodę święconą.
SME/PosFatigue	Orbitalny saloon
SME/PosFatigueA	Wszyscy banici są w pełni naładowani.
SME/PosFatigueAButton	Pij
SME/PosFatigueATitle	Napij się
SME/PosFatigueDesc	W tym pozaziemskim barze świetnie się odpoczywa: można wypić i pozbyć się nagromadzonego zmęczenia.
SME/PosInjuries	Wędrowny lazaret 
SME/PosInjuriesA	Szansa na wyleczenie ran każdego banity: {0}%
SME/PosInjuriesAButton	Lecz
SME/PosInjuriesATitle	Losowe leczenie
SME/PosInjuriesDesc	Nieludzcy konowałowie muszą pracować w prowizorycznych wędrownych lazaretach. Pomagają swoim.
SME/PosItems	Dryfujące zwłoki
SME/PosItemsA	Przedmioty: +{0}
SME/PosItemsAButton	Weź
SME/PosItemsATitle	Przedmioty
SME/PosItemsDesc	Ten biedak znalazł się po złej stronie śluzy.
SME/PosNavs	Skrytka z nadajnikami
SME/PosNavsA	Nadajniki +{0}
SME/PosNavsAButton	Weź
SME/PosNavsATitle	Nadajniki
SME/PosNavsDesc	Nadajniki wzywają statek, który zabiera z planety. Te ktoś chyba wyrzucił za burtę w panice.
SME/PosRandom	Dryfujący ładunek 
SME/PosRandomA	Zbierz zawartość skrytki
SME/PosRandomAButton	Weź
SME/PosRandomATitle	Skrytka
SME/PosRandomDesc	Jakiś inny banita chyba zakończył żywot w tym sektorze, zostawiając przypadkową zbieraninę rzeczy
SME/Stash	Skrytka w czarnej dziurze
SME/StashA	Dodaj wszystkie przedmioty ze skrytki do czarnej dziury (TODO)
SME/StashATitle	Dodaj przedmioty
SME/StashB	Odzyskaj wszystkie przedmioty z czarnej dziury (TODO)
SME/StashBTitle	Odzyskaj
SME/StashDesc	Przechowaj wszystkie niezałożone przedmioty i odzyskaj je po resecie
SME/Unset	Nieustawione
SME/UnsetDesc	Brak opisu
Dialog/AkramAndShards_1	Widzę <color=#AB82FD>helisę</color> – i <color=#AB82FD>schody, którymi stąd wyjdziemy</color>.
Dialog/AkramAndShards_2	Te <color=#AB82FD>asy</color> też by się nie zmarnowały. Podbij sobie poziom.
Dialog/AstronautGamblerArg_1	Nie właź mi między mnie a to, do czego strzelam, Roswell. Chyba że chcesz sam oberwać.   
Dialog/AstronautGamblerArg_2	Wybacz, mówiłeś coś? Przez tę kopułę trudno usłyszeć idiotów.
Dialog/AstronautHopalongArg_1	Te prymitywne bestie, z którymi walczymy. Skąd u ciebie ta fascynacja nimi? Uważasz je za równe sobie... intelektualnie?
Dialog/AstronautHopalongArg_2	Ano, zwierzaki nigdy nie gadają chłopu takich przykrych rzeczy. Nie wiem, co tam siedzi w środku, panie, ale dobry z pana człowiek to nie jest.  
Dialog/AstronautJailPals_1	Mój gatunek źle znosi więzienia. Brakuje tam... bodźców intelektualnych.
Dialog/AstronautJudgeArg_1	Odwaliłeś tam na dole niezłą samowolkę, kolego. Wielka szkoda by była, gdyby ta twoja kopuła pękła i zacząłbyś się rzucać jak ryba wyjęta z wody.
Dialog/AstronautJudgeArg_2	Sprawdzę tylko mój miernik zagrożenia, Sędzio. O, proszę, pokazuje zero.
Dialog/AstronautMamaPanicArg_1	Ilu Karzycieli zaraziłaś na ostatniej planecie? Wystarczy szacunkowo.
Dialog/AstronautMamaPanicArg_2	Nie licząc ciebie? Zero.
Dialog/AstronautMistMinerArg_1	Widziałem, jak tam na dole oberwałeś w skafander, Roz. W środku jesteś taki jak ja? Skafander tylko trzyma cię w kupie?  
Dialog/AstronautMistMinerArg_2	Nie jesteśmy do siebie w niczym podobni. I to mnie pociesza.  
Dialog/AstronautPreachArg_1	Roswell, tak sobie myślałam. Zbliżyliśmy się tam na dole, a teraz jesteśmy coraz bliżej. Też to czujesz?
Dialog/AstronautPreachArg_2	Zbliżyliśmy się, żeby zabijać Karzycieli. Teraz się od siebie oddalmy.
Dialog/BackdoorIntro_1	Chaste coś tu namieszał z przestrzenią. Ma te napędy kompresyjne, a przestrzeń tego nie lubi. Za dużo ściskania i wszędzie zaczynają wyskakiwać <color=#AB82FD>furtki</color>.
Dialog/Barrabas1_1	Dzikie Bękarty. Już niedługo zabiję mojego tatkę, diabeł już zerka na zegarek.
Dialog/Barrabas1_2	Ale nie myślcie, że będzie wam łatwiej. Jeszcze będziecie wspominać tamte czasy i myśleć: „Do jasnej cholery, co dzień była Gwiazdka Cruxa”.
Dialog/Barrabas2_1	Znowu cholerny cyrk przyjechał do miasta, co? Dajcie mi wciągnąć portki. Muszę dotrzeć nowy karabin. Sukinsyn czysty jak łza, tak nie może być.
Dialog/Barrabas3_1	Mówiłem wam, zmutowane gnojki, blaszane wieszaki i reszto hołoty, że nie chcę was na moich skałach. Ale nie słuchaliście. To teraz muszę zejść i powiedzieć wam to inaczej. 
Dialog/Barrabas4_1	Diabeł istnieje. I pokażę wam jego gębę.
Dialog/Barrabas5_1	Nie gadam już z wami. Dobiorę się do tego, co macie w środku, i wam to pokażę. 
Dialog/BarrabasIntro_1	Wiadomość dla tych Dzikich Bękartów. Zejdę tam do was i wyrucham wszystkie wasze konie. A potem zobaczę, co dalej.
Dialog/BarrabasIntro_2	Zdaje się, że z Biblią to on nie jest za pan brat.
Dialog/BarrabasIntro_3	A Szatana nie ma w Biblii, panienko?
Dialog/BarrabasKilled_1	Wiem, że myślicie, żeście mnie tam zakopali, ale mam układ z diabłem. Nie weźmie mnie, póki nie zagoni was wszystkich do siebie na dół.
Dialog/Bastard1AllReady_1	Kaboom, Smoky, Rawhide i Kaznodzieja: jazda, ruszać się. Czas <color=#AB82FD>znaleźć tego bękarta</color>.
Dialog/Bastard1NoneReady_1	Spieprzyliśmy to. Jeśli nikt z bandy, którą pamiętam, nie jest gotów do walki, musimy się cofnąć <color=#AB82FD>warpem</color> i podejść do tego inaczej. \n
Dialog/Bastard1PlanetStart_1	Chaste trzyma tu na dole tego <color=#AB82FD>bękarta pod kluczem</color>. I to z wybranymi strażnikami.
Dialog/Bastard1PlanetStart_2	Szczęście, że nas też wybrano. Ktoś, kto widzi, jak wygrywamy!
Dialog/Bastard1PlanetStart_3	Witajcie, żałosne worki ch-słów! Przyszliście, d-słowa, w porze obiadu, a my podajemy gorący ołów i... i możecie ż-słowo do woli! \n
Dialog/Bastard1PlanetStart_4	Lubimy tego bękarta.
Dialog/Bastard1Recovered_1	Skąd pani wiedziała o mnie tam na dole? Było mi tak samotnie i strasznie, a ci ludzie…
Dialog/Bastard1Recovered_2	Nasz statek jest magiczny. Usłyszał cię tu na dole, usłyszał twoje modlitwy, jest jak anioł.
Dialog/Bastard1Recovered_3	Pani jest pijana? Daj łyka tego g-słowa. Nie żałuj Małemu Jebowi!
Dialog/Bastard1Recovered_4	Daj spokój, Fletch. Nie chcę, żeby te cholerne kaczątka się do nas przywiązały czy coś. Jeszcze dwoje do zgarnięcia – ruszamy.
Dialog/Bastard1SomeReady_1	No, nie wszyscy są gotowi, ale tutaj nie przyda się nikt poza <color=#AB82FD>Kaboomem</color>, <color=#AB82FD>Smokym</color>, <color=#AB82FD>Rawhide'em</color> i <color=#AB82FD>Kaznodzieją</color>.
Dialog/Bastard2AllReady_1	<color=#AB82FD>Roswell</color>, <color=#AB82FD>Spike</color>, <color=#AB82FD>Sierżant</color> – wasza kolej.
Dialog/Bastard2AllReady_3	Cholera – wygląda na to, że <color=#AB82FD>Sędzia</color> już tam jest. Może sam wpadł na ten sam plan.
Dialog/Bastard2AllReady_3a	Albo może kładzie tam ludzi do piachu. <color=#AB82FD>Zejdźcie na dół</color> i sprawdźcie.
Dialog/Bastard2NoneReady_1	Pieprzyć to, nie jestem na to gotowy. Część moich organów to już nie organy.
Dialog/Bastard2NoneReady_2	Ja też nie. Właściwie nikt z nas. Może trzeba będzie <color=#AB82FD>cofnąć się warpem i spróbować jeszcze raz</color>.
Dialog/Bastard2Recovered_1	Psiakrew! Wy obce sukinsyny! Przerwaliście mi lekcję tortur! Miałem torturować całą kupę ludzi, a teraz nikt nie dostanie żadnych tortur! 
Dialog/Bastard2Recovered_1a	Mój tatko po mnie przyjdzie, a potem rozłupie ten statek jak orzech razem z wami, szóstakami, blaszakami i czymkolwiek, do diabła, jesteście!
Dialog/Bastard2Recovered_2	Ale z ciebie brzoskwinka. Billy, chyba mamy tu gdzieś taśmę.
Dialog/Bastard2Recovered_3	Zostało już tylko jedno. I niech ktoś da temu cholernemu smarkaczowi lusterko.
Dialog/Bastard2Sector_0	Nie są z mojego nasienia. A nawet gdyby byli, co ci, do cholery, do nich?
Dialog/Bastard2Sector_1	Brzmi, jakbyśmy robili coś dobrze. Kto teraz, psze pani?
Dialog/Bastard2Sector_2	Ty.
Dialog/Bastard2Sector_3	Najwyższy czas. Załatwię to sam, zaoszczędzę wszystkim czasu.
Dialog/Bastard2Sector_4	<color=#AB82FD>Roswell</color> i <color=#AB82FD>Spike</color> mogą pomóc. Posłałabym też <color=#AB82FD>Sędziego</color> – <color=#AB82FD>gdyby tu był</color>.
Dialog/Bastard2Sector_5	Jak mówiłem – sam. Wycierać im te cholerne nosy. 
Dialog/Bastard2SomeReady_1	Wiem, że nie wszyscy są gotowi, ale pamiętajcie: nikt, kto nie nazywa się <color=#AB82FD>Sierżant</color>, <color=#AB82FD>Roswell</color> albo <color=#AB82FD>Spike</color>, tu nie pomoże. Tylko byście wszystko spieprzyli.
Dialog/Bastard2SomeReady_2	A, i może dostaniecie pomoc. Wygląda na to, że <color=#AB82FD>Sędzia już tam jest</color>. Może sam wpadł na ten sam plan. Albo może kładzie tam ludzi do piachu. Zejdźcie i sprawdźcie.
Dialog/Bastard3AllReady_1	<color=#AB82FD>Hopalong</color>, <color=#AB82FD>Billy</color>, wasza kolej. Rzecz w tym, że naprawdę potrzebujemy też <color=#AB82FD>Rosy</color> i <color=#AB82FD>Casino</color>.
Dialog/Bastard3AllReady_2	Nie jeżdżę ze zdrajcami.
Dialog/Bastard3AllReady_3	Zdrajcami? Jak dla mnie tylko oni myśleli tu strategicznie.
Dialog/Bastard3AllReady_4	Ich strategia? Wszyscy byliśmy martwi, stary. Zdaje mi się, że siano ci się zepsuło.
Dialog/Bastard3AllReady_5	Nie chodzi o moje siano. Nie mów o moim sianie. Lubię moje siano takie, jakie jest.
Dialog/Bastard3AllReady_6	Każdy generał musi wiedzieć, kto co robi. Kiedy poświęcić pionka.
Dialog/Bastard3AllReady_6a	Naszym poświęceniem było <color=#AB82FD>pobyć trochę martwymi, żeby ściągnąć Driftera</color> i sprowadzić nas wszystkich z powrotem – i tak właśnie jest teraz. Myślisz, że miałeś lepszy plan?
Dialog/Bastard3AllReady_7	Nic z tego nie zrozumiałem, Sierżancie, ale powiedziałeś to z taką mocą, że niech mnie, kłócić się nie będę.
Dialog/Bastard3AllReady_8	<color=#AB82FD>Wypuśćcie ich.</color>
Dialog/Bastard3LookLike_0	Wiemy w ogóle, jak wygląda ta mała smarkula? Ma płetwę czy coś?
Dialog/Bastard3LookLike_1	Modliłem się o to, ekstra mocno, bardzo pobożnie, i Jorge Crux powiedział mi, czego szukać. 
Dialog/Bastard3LookLike_2	Kto by pomyślał, że jesteś wierzący, Hop. 
Dialog/Bastard3LookLike_3	Od jakichś dwóch dni. Myślę, że przyda nam się każda pomoc. 
Dialog/Bastard3PlanetStart_0a	Piękną mamy tu pogodę.
Dialog/Bastard3PlanetStart_0b	Zamknij jadaczkę i bierz się do roboty, blaszany sukinsynu.
Dialog/Bastard3PlanetStart_1	Casino, Hop, Rosa, to wy? Widzę was na telematyce. Potrzebuję pomocy!
Dialog/Bastard3PlanetStart_2	I nie zapominaj o mnie, panienko. Już jedziemy. Wio!
Dialog/Bastard3Recovered_1	Wychodzi na to, że <color=#AB82FD>jednak potrzebowaliśmy ich wszystkich</color>.
Dialog/Bastard3Recovered_10	Tak to jest, jak się słucha statku, który tak naprawdę nie gada… dobra, <color=#AB82FD>ładujmy te bękarty do kapsuły.</color>
Dialog/Bastard3Recovered_11	Cóż, przyjaciele, może nie o to nadstawialiśmy karku, ale chyba musimy się zadowolić bogactwem Chaste'a zamiast miejsca w Ostoi.
Dialog/Bastard3Recovered_12	I kto wie. Gwiezdne morze jest diablo szerokie. Może jest jeszcze jakaś droga, o której nie pomyśleliśmy – może...
Dialog/Bastard3Recovered_13	Trzymajcie kapelusze!
Dialog/Bastard3Recovered_2	Wszystkie bękarty co do jednego.
Dialog/Bastard3Recovered_2a	Znacie się? To twoja krewna, Fletch?
Dialog/Bastard3Recovered_3	Niezupełnie – coś bliższego.
Dialog/Bastard3Recovered_4	Co za różnica? Nareszcie. <color=#AB82FD>Ostoja.</color> Naprawdę istnieje?
Dialog/Bastard3Recovered_5	Istnieje, a jakże. Ale mam wieści: <color=#AB82FD>nie wszyscy lecimy</color>. Tylko ta trójka.
Dialog/Bastard3Recovered_6	Że co?
Dialog/Bastard3Recovered_7	Mamy… co? <color=#AB82FD>Zostać tutaj?</color>
Dialog/Bastard3Recovered_8	To po prostu nie miejsce dla nas. Drifter chyba wystrzeli kapsułę ratunkową przez Szew – największą dziurę, jaką zdoła zrobić – z tymi dzieciakami na pokładzie. Tam się nimi dobrze zaopiekują.
Dialog/Bastard3Recovered_8a	Nie chcą tam takich jak my. Zabójców, złodziei i tak dalej. Spalilibyśmy niebo samym dotykiem.
Dialog/Bastard3Recovered_8b	Cała ta walka i umieranie, cały ten czas w pace, tylko po to, żeby <color=#AB82FD>ratować bękarty Chaste'a?</color>
Dialog/Bastard3Recovered_8c	Wykiwali nas! 
Dialog/Bastard3Recovered_8d	Zdaje się, że znam się trochę na lewych rozdaniach, a to mi wygląda właśnie na takie. 
Dialog/Bastard3Recovered_9	Możecie sobie gadać o kiwaniu i takich tam. Powinniście się cieszyć, że nie leżycie w ziemi. <color=#AB82FD>Drifter nigdy nie obiecywał wam więcej</color>. Mrzonki to wasza sprawa.
Dialog/Bastard3Sector_0	No więc było tak. Ktoś znalazł jakieś zmutowane dzieciaki, trochę do mnie podobne. Chciałem je tylko porządnie wychować. Znaleźć im dom, gdzie nikt nie użyje ich przeciwko mnie.
Dialog/Bastard3Sector_0a	Wierzę mu. Może wystarczy nam tych dwoje, których już mamy.
Dialog/Bastard3Sector_1	Zamknij się, Roswell. W tym sektorze widzę <color=#AB82FD>Hopalonga</color> i <color=#AB82FD>Billy'ego</color>, i… daj mi chwilę. To było tak dawno.
Dialog/Bastard3Sector_2	To ci dwaj. Razem z <color=#AB82FD>Rosą</color> i <color=#AB82FD>Casino</color>. 
Dialog/Bastard3Sector_3	<color=#AB82FD>Te zaprzańce siedzą w pace</color>. I nie wyjdą, dopóki mam tu coś do powiedzenia.
Dialog/Bastard3Sector_4	Przychylam się.
Dialog/Bastard3SomeReady_1	Na tę planetę naprawdę potrzebowaliśmy <color=#AB82FD>Hopalonga</color> i <color=#AB82FD>Billy'ego</color>. Skoro nie są obaj zdrowi, <color=#AB82FD>naprawdę musimy odzyskać Rosę i Casino</color>.
Dialog/Bastard3SomeReady_2	Zdrajców? Jak mamy im ufać?
Dialog/BeamDown_1	Te światy Chaste'a tutaj są szczelnie ogrodzone – jak mamy zejść na dół?
Dialog/BeamDown_2	Wir transmisyjny działa podczas przesyłu jak świder w nanoskali.
Dialog/BeamDown_3	To coś jakby uderzenie pioruna.
Dialog/BeamDown_4	Tyle że to my jesteśmy piorunem.
Dialog/BeansPickup_1	Jak dwoje z naszej kompanii będzie miało jakiś problem, to niech usiądą na Drifterze nad tą <color=#AB82FD>fasolą, a zranione uczucia przejdą</color>.
Dialog/BillyAstronautArg_1	Panie Roswell, czasem łapię nutkę pana... no, pana myśli i snów, i takich tam. Jakbyśmy byli jakoś spokrewnieni, pan i ja. Dawno temu.  
Dialog/BillyAstronautArg_2	Nie przypominaj mi.  
Dialog/BillyGamblerArg_1	Coś pan tam wolno wyciągał, panie Casino.  
Dialog/BillyGamblerArg_2	Doc. I wyciągam szybciej od ciebie. Możemy to sprawdzić tu i teraz – Drifter będzie sędzią, prawda, Drifter?
Dialog/BillyHelixPlanet_1	Jedno mnie zastanawia: czemu niby myślicie, że wykopanie śmierdzących trupów waszej starej bandy wam pomoże, skoro ostatnim razem, jak na was polowaliśmy, wszyscy tak łatwo pomarliście.
Dialog/BillyHopalongArg_1	Psiakrew, Hop! Jak ja się wymieniam, ty wskakujesz, taka umowa! 
Dialog/BillyHopalongArg_2	Jakoś zawsze wypada akurat wtedy, jak kładę nogi na stół. 
Dialog/BillyInitArg_1	Nie potrzebuję twojej pomocy ani twoich ślicznych rad. 
Dialog/BillyInitArg_2	Zwykle przedstawiam Ślubnej i Małej Lizie Jane tylko Karzycieli. Ale ty się sam prosisz, co? 
Dialog/BillyIntro_1	Dobrze się spisałem, prawda?
Dialog/BillyIntro_2	O ile pamiętam, pochowałeś pięciu w tyle samo sekund.
Dialog/BillyIntro_3	No, to tylko połowa tego, co Sędzia położył w Blue Ridge – prawda, proszę pana?
Dialog/BillyIntro_4	W ramach wykonywania moich sędziowskich obowiązków.
Dialog/BillyIntro_5	Ale to się wiąże z zabijaniem, nie?
Dialog/BillyIntro_6	Szukasz pokazu, szczęściarzu?
Dialog/BillyIntro_7	Ilu ich było, Sędzio?
Dialog/BillyIntro_8	Nie rozmawiam o szczegółach.
Dialog/BillyIntro_9	Czyli więcej niż dziesięciu!
Dialog/BillyJailPals_1	Słyszeliście? Zamknęli mnie, ale się wyrwałem! A, już wiecie?
Dialog/BillyJudgeArg_1	Starałem się dla ciebie, Sędzio. Nie mój dzień.
Dialog/BillyJudgeArg_2	Zrób mi przysługę, kałamarnico. Miej gorsze dni, kiedy mnie nie ma w pobliżu.
Dialog/BillyMamaPanicArg_1	Mam już dość, że przypisujesz sobie moje zabójstwa, panno Roso.
Dialog/BillyMamaPanicArg_2	A ja mam dość dosłownie wszystkiego, co z tobą związane.
Dialog/BillyMistMinerArg_1	Panie Bum, mówię panu i mówię – uważaj pan, gdzie rzucasz te rzeczy! Te czułki są strasznie delikatne!
Dialog/BillyMistMinerArg_2	Nie jestem twoją niańką, chłopcze! Po prostu nie stój tam, gdzie lecą ładunki!   
Dialog/BillyPals_1	Rozproszyć się może każdemu, nie? Słyszałem, że Sędzia raz się rozproszył. Ale dzięki za znalezienie!
Dialog/BillyPreachArg_1	Kaznodziejo... Esther... Czuję między nami potężną iskrę, kiedy nasze oczy się spotykają. Więc się zastanawiałem...
Dialog/BillyPreachArg_2	Roswell i ja jesteśmy już sobie przyrzeczeni. To bardzo czyste uczucie i dlatego nigdy o nim nie rozmawiamy, nawet ze sobą.   
Dialog/BillyRespArg_1	No, ja cię od początku nie lubiłem. 
Dialog/BillyRespArg_2	Chcesz sprawdzić, jak szybko wyciągam, to tylko powiedz. 
Dialog/BillySector_1	Nasz dzieciak nie dał się łatwo, co? Chłopak jest wybitnie zawzięty, coś jak wadliwy pro-tagonista. Zeżre cię na surowo, jak grizzly.
Dialog/BillySector_2	Jeśli zbieramy resztę bandy, to moim zdaniem zamiast kałamarnicy przydałby się ktoś z długą bronią...
Dialog/BillySector_2a	Jak ta stara szkapa <color=#AB82FD>Sierżant</color> albo nawet ta gromadka zwierzaków, która nazywa się <color=#AB82FD>Rawhide</color>.
Dialog/BillySector_3	To nie my tu rozdajemy karty. Trzeba <color=#AB82FD>iść za Drifterem</color>.
Dialog/BillySmokyArg_1	Smoky! Powiedziałem tylko: „Niech mnie, to najlepsza fasola, jaką jadłem!”
Dialog/BillySmokyArg_2	CHODZI O TO, JAK TO POWIEDZIAŁEŚ 
Dialog/CasinoInitArg_1	Chciałem porozmawiać o współpracy z tobą, przyjacielu. Na przyszłość... darujmy sobie. 
Dialog/CasinoInitArg_2	Następnym razem jak zejdziemy na dół, nie schodźmy... jako „my”. 
Dialog/CasinoRespArg_1	Strasznie mi przykro to słyszeć, przyjacielu. Dajmy sobie trochę oddechu. 
Dialog/CasinoRespArg_2	To trzymajmy się z dala od siebie, kolego. Aż ostygną te gorące głowy. 
Dialog/DogwoodSector_0	Wynocha z mojej ziemi, zmutowane sukinsyny!
Dialog/DogwoodSector_0a	Oj, chyba jest wściekły.
Dialog/DogwoodSector_1	Gdzie my, do licha, jesteśmy?
Dialog/DogwoodSector_2	Znam ten sektor ze słyszenia. Jest tu jedna z <color=#AB82FD>posiadłości Chaste'a</color>. Miejsce, gdzie oddaje się przyjemnościom i chowa klejnoty. Pewnie chowa tu też dzieci.
Dialog/DogwoodSector_3	Wystaw mnie, jak dotrzemy na miejsce, Fletch.
Dialog/DogwoodSector_4	Nie ciebie, Billy. Przynajmniej jeszcze nie. Jak to pamiętam, na dole są <color=#AB82FD>Kaboom</color>, <color=#AB82FD>Kaznodzieja</color>, <color=#AB82FD>Smoky</color> i <color=#AB82FD>Rawhide</color>.
Dialog/DogwoodSector_5	Pamiętasz? Zapytam cię o to później. Ale co, jeśli ci goście nie będą już stać na nogach, kiedy tam dotrzemy?
Dialog/DogwoodSector_6	Naszą robotą jest dopilnować, żeby tak się nie stało, nie? Trzymać potrzebnych całych i zdrowych, aż przyjdzie ich czas.
Dialog/DogwoodSector_7	Święta racja, Spike. Nikt poza tą czwórką tego nie zrobi. Są <color=#AB82FD>POTRZEBNI</color>.
Dialog/DrifterArrive_0	Psiakrew, alarm z Lucky Lady. Spodziewamy się gości?
Dialog/DrifterArrive_1	No to mam was, chciwe sukinsyny, z rękami, czy… szponami, czy czym tam, prosto w słoju z cramm!
Dialog/DrifterArrive_10	Panno Roso, o subtelnościach tego porzekadła porozmawiamy <color=#AB82FD>na pokładzie</color>.
Dialog/DrifterArrive_2	Wykiwało nas <color=#AB82FD>najmłodsze, najgłupsze pisklę Chaste'a</color>!
Dialog/DrifterArrive_4	Jak was dwoje powieszę, <color=#AB82FD>tatko</color> powie: „Jackpot Joe i Robaczyca? Załatwiłeś ostatnich tych złodziejskich Dzikich Bękartów? Dobra robota, McNeil, bardzo dobra”. 
Dialog/DrifterArrive_5	„Niech mnie, jeśli znów cię nie kocham, chłopcze, jak dawniej. Chodź no tu i siadaj znów z nami do stołu”.
Dialog/DrifterArrive_6	Hej, co to za hałas? \n\nO, do diabła. O kurwa! 
Dialog/DrifterArrive_7	Widzisz to, Doc? To nie jakieś pobożne życzenie, nie wymyślny sen? 
Dialog/DrifterArrive_8	To cholerny <color=#AB82FD>Drifter!</color> Zaczynałem… myśleć, że nigdy go nie zobaczymy. Może nie zasługiwaliśmy. 
Dialog/DrifterArrive_9	Cóż, „Drifter na srebrnych skrzydłach płynie do tych, którym pokój przyniesie”.
Dialog/Drifter_1	Juhu! W samą porę, Drifter – nogi już mi odpadały. 
Dialog/Drifter_2	Ale… czemu Drifter zjawił się dopiero teraz? A nie wtedy, kiedy Chaste i jego pomiot <color=#AB82FD>wyrzynali resztę naszej bandy</color>? 
Dialog/Drifter_3	Może lubi nas bardziej niż ich! Albo może był po prostu strasznie zajęty. Nie bardzo wiem, jak to jest ze statkami kosmicznymi. 
Dialog/Drifter_4	Ale skoro <color=#AB82FD>nic nie mówi</color>, musimy się sami domyślić, czego chce. 
Dialog/Drifter_5	Jest tu, żeby zabrać nas do <color=#AB82FD>Ostoi</color>. Tam, gdzie żadne prawo nie zabrania nikomu być sobą. Tylko srebrne gwiazdy i czyste, niebieskie kulki do życia. 
Dialog/Drifter_7	Ale czemu Drifter ma te wszystkie <color=#AB82FD>trumny</color> wiszące nad nami? To jakieś mauzoleum? Pomnik Dzikich Bękartów?
Dialog/Drifter_8	No właśnie. Mamy tu wyciągnąć jakąś nauczkę, Drifter? Z tego, co żeśmy zrobili?
Dialog/Drifter_9	Aż ciarki przechodzą, jak się o tym pomyśli. <color=#AB82FD>Wynośmy się stąd warpem</color>, zanim McNeil wygrzebie się z wraku.
Dialog/EnterFirstShop_1	Panna Rosa! I Doc Casino! Słyszałem, że dajecie popalić Chaste'owi i jego cholernym bachorom.
Dialog/EnterFirstShop_2	Paru żeśmy pochowali.
Dialog/EnterFirstShop_3	O, słyszeliśmy. Słyszeliśmy wszystko. I <color=#AB82FD>chcemy pomóc</color>. Patrzcie, co dla was odłożyłem.
Dialog/EnterSecondShop_1	O, słyszeliśmy o was, Dzikie Bękarty. Wyrobiliście sobie niezłą sławę w <color=#AB82FD>sektorze Szadrak</color>.
Dialog/EnterSecondShop_2	Choć bardziej nas obchodzi, co robicie tu, w <color=#AB82FD>Lamencie</color>. Jak będziecie musieli wrócić, przyjmiemy was jak najserdeczniej.
Dialog/ExitFirstShop_1	Miło było was poznać. <color=#AB82FD>Im więcej Karzycieli pochowacie, tym więcej załatwię towaru</color>. Nie żałujcie ołowiu.
Dialog/ExitFirstShop_2	Ciągnijcie za spust, aż kliknie.
Dialog/FletchAstronautArg_1	Co ma oznaczać pytanie: „Jak to jest być ostatnim ze swojego gatunku?”
Dialog/FletchAstronautArg_2	Och, strasznie przepraszam. Myślałam... myślałam, że już wiesz.
Dialog/FletchBillyArg_1	Nie mogę cię niańczyć na dole, jak do tej pory.
Dialog/FletchBillyArg_2	Kto tu kogo niańczy, Fletch? Może następnym razem nie będę się tak starał, żebyś nie wylądowała w grobie. 
Dialog/FletchGamblerArg_1	Mogłabyś czasem okazać starszym odrobinę szacunku, panienko.  
Dialog/FletchGamblerArg_2	Nie ma takiego wszechświata, w którym potrzebowałabym twojej opinii, „doktorze Casino”.
Dialog/FletchHelixPlanet_1	Wykopujemy teraz stare, śmierdzące ości? Pewnie chcecie zawlec do tej waszej Ostoi też to coś, co się nazywało Fletch.
Dialog/FletchHopalongArg_1	Gadają, że znasz się na przypływach i odpływach czasu i takich tam, że wiesz różne rzeczy. Odzyskam kiedyś tę moją farmę?  
Dialog/FletchHopalongArg_2	To nie jarmark. A ja nie jestem twoją wróżką.  
Dialog/FletchInitArg_1	Drifter cię do czegoś potrzebuje. Za nic nie mogę pojąć, do czego. 
Dialog/FletchInitArg_2	Czasem porządnie robisz swoje. Szkoda, że nie teraz. 
Dialog/FletchIntro_1	Witaj z powrotem, panno <color=#AB82FD>Fletch</color>. Skoro jesteś ostatnia z nas, to chyba nasza podróż dobiega końca. Lecimy do <color=#AB82FD>Ostoi</color>! Otrzyj łzy, dziewczyno!
Dialog/FletchIntro_10	Nie Dzikie Bękarty. <color=#AB82FD>Bękarty Chaste'a.</color>
Dialog/FletchIntro_11	Czyli mówisz, że Drifter nas nie ratuje, tylko chce… żebyśmy to my ratowali? 
Dialog/FletchIntro_12	W dziesiątkę.
Dialog/FletchIntro_13	I tym kimś jest bękarci pomiot Chaste'a?
Dialog/FletchIntro_14	Nie będę pracować dla Chaste'a.
Dialog/FletchIntro_15	Ratować je przed Chaste'em.
Dialog/FletchIntro_16	Już mamy trzech książąt: <color=#AB82FD>McNeila</color>, <color=#AB82FD>Francisco</color> i <color=#AB82FD>Barrabasa</color>. A teraz ma jeszcze troje w piekarniku. Są jeszcze młode, ale dość duże, żeby zaczął je „szkolić”. 
Dialog/FletchIntro_17	Ja to nazywam torturami. Jak z nimi skończy, zrobią wszystko, co ten sukinsyn im każe. Czymkolwiek są teraz, wyjdą z tego dzikie jak zwierzęta.
Dialog/FletchIntro_18	Hola, hola. To nie żadna dzikość. To on uczy je źle. To, do cholery, nie to samo.
Dialog/FletchIntro_19	Czemu mielibyśmy się przejmować wilgotnymi larwami Chaste'a? To tylko kolejni „ludzie”, gotowi miażdżyć butami nasze ksenoczaszki.
Dialog/FletchIntro_2	Przepraszam, Billy.
Dialog/FletchIntro_20	O, tylko że nie są. Ludźmi, znaczy. Lędźwie Chaste'a mają apetyt i nie są wybredne.
Dialog/FletchIntro_20a	Siał swoje ziarno po całej galaktyce i nie stroni od schadzek z takimi jak my, jeśli wiecie, co mam na myśli.
Dialog/FletchIntro_21	Czyli mówisz, że <color=#AB82FD>te dzieciaki to ksenosi</color> jak my? I... boty?
Dialog/FletchIntro_21a	On się… zadaje z mechami i innymi blaszakami? Nie umiem sobie tego wyobrazić.
Dialog/FletchIntro_21b	Ja umiem i wcale nie chcę.
Dialog/FletchIntro_22	<color=#AB82FD>Chaste zrobi z nich diabły</color> i wyśle je, żeby polowały na swoich i ich zabijały. A wszystko ładnie przystroi tymi kawałkami Pisma, które umie przekręcić. 
Dialog/FletchIntro_23	Dość się nasłuchałem. Wszyscy na koń. Dzikie Bękarty ruszają… ratować inne bękarty.
Dialog/FletchIntro_24	Jak będziecie to wspominać, niech to zabrzmi naprawdę dramatycznie.
Dialog/FletchIntro_3	Za co? Nic żeście nie zrobili.
Dialog/FletchIntro_4	Jeszcze tego nie zrobiłam.
Dialog/FletchIntro_4a	Przykro mi, nie dostaniecie tego, czego chcecie. <color=#AB82FD>Tu nie chodzi o was</color>. Nigdy nie chodziło. 
Dialog/FletchIntro_5	Fletch, gadasz bez sensu. Przecież strasznie potrzebujemy Driftera! Chaste siedzi nam na dupie, a on się zjawił! Wyciągnął nas z cholernego grobu, zupełnie jak Jorge Crux. 
Dialog/FletchIntro_6	Masz rację, Boom. Drifter zjawia się, kiedy najbardziej go potrzeba. <color=#AB82FD>Ale to nie ty go potrzebujesz.</color>
Dialog/FletchIntro_7	To kto?
Dialog/FletchIntro_8	<color=#AB82FD>Bękarty.</color>
Dialog/FletchIntro_9	Ale Spike! To my jesteśmy Bękarty!
Dialog/FletchJailPals_1	Wiedziałam, że mnie wyciągniesz. Tylko skąd te pięć minut spóźnienia?
Dialog/FletchJudgeArg_1	Wiem, co zrobiłeś. Wiem, czemu to zrobiłeś. I to nie jest dość dobry powód. 
Dialog/FletchJudgeArg_2	No to dobrze, że nie potrzebuję twojej aprobaty.
Dialog/FletchMamaPanicArg_1	Jako Matrona tego klanu mam rozmaite zdania o twoich wynikach.
Dialog/FletchMamaPanicArg_2	Już kiedyś się o to kłóciłyśmy, wiesz? Pod koniec nie wyglądasz najlepiej.
Dialog/FletchMistMinerArg_1	Nie jestem pewna, czy chodzenie z tobą na misje jest naprawdę... bezpieczne, w klasycznym sensie tego słowa. Przez te bomby.  
Dialog/FletchMistMinerArg_2	To może zrób sobie przysługę, siostro? Rozchyl tę cholerną „zasłonę czasu” i zobacz, gdzie wylądują?   
Dialog/FletchOrSpike_1	Wiem, że nie wszyscy się zgadzamy, kto ma teraz rządzić tą bandą. Moim zdaniem najlepiej by było znowu znaleźć <color=#AB82FD>Fletch</color>. Ona zawsze umiała dowodzić.
Dialog/FletchOrSpike_2	Wygląda na to, że to Drifter o tym decyduje, Kuchciku.
Dialog/FletchOrSpike_3	I mam tylko nadzieję, że najpierw nie zaprowadzi nas do <color=#AB82FD>Spike'a</color>. Kłopoty zawsze chodzą tą samą drogą co on.
Dialog/FletchPals_1	Kiedyś odwdzięczę się tym samym i to ja cię znajdę. Możesz na to liczyć.
Dialog/FletchPreachArg_1	Żeby było jasne między nami: nie mam żadnych wizji czasu ani przepowiedni, ani nic takiego, a na dole walczę nie gorzej od ciebie.  
Dialog/FletchPreachArg_2	Tak, mała? To zapytaj mnie kiedyś, jak umrzesz.  
Dialog/FletchRawhideArg_1	Ja... to dziwne uczucie. Zaczynam mieć wrażenie, że ty widzisz różne rzeczy. Widzisz je tak jak ja.  
Dialog/FletchRespArg_1	Nie mam czasu na to, co tam teraz próbujesz robić.
Dialog/FletchRespArg_2	Drifter wybrał ciebie. Mój wybór mógłby być inny. 
Dialog/FletchSargeArg_1	Czasem myślę sobie, że tylko my wiemy, co się tu naprawdę dzieje.
Dialog/FletchSargeArg_2	Jedno z nas wie. I powiem ci tyle: nie ma kopyt. 
Dialog/FletchSector_1	Nie mam pojęcia, jak <color=#AB82FD>Fletch dała się zabić</color>, zawsze wiedziała o wszystkim, zanim się wydarzyło. 
Dialog/FletchSector_2	To tak nie działa, a ja nie mam czasu na dalsze uzupełnianie twojej edukacji w tym temacie. 
Dialog/FletchSector_3	O, już pojmuję, Spike. Rozchylam te mistyczne zasłony, Spike. O, patrzcie: widzę, jak kładę całą kupę tych asesinos. Bum!
Dialog/FletchSector_4	Billy jest gładki i młody, jak niemowlę.
Dialog/FletchSector_5	Skoro o gładkości mowa, wygląda na to, że <color=#AB82FD>nasz wijący się kumpel dał się zamknąć w tym sektorze</color>. Nie zostawiamy nikogo – ludzi, węży ani węży-ludzi.
Dialog/FletchSmokyArg_1	Dobra jest i w ogóle, ale... coś mi się zdaje, że ta fasola jest ciut za słodka.
Dialog/FletchSmokyArg_2	DO CHOLERY, TE SMAKI SĄ WYWAŻONE NA OSTRZU NOŻA!
Dialog/FletchSpikeArg_1	Nie możesz tak na mnie patrzeć, jak patrzyłeś do tej pory. Nie przy wszystkich.
Dialog/FletchSpikeArg_2	Patrzeć, czyli jak? Tak, jak ty patrzysz na mnie?
Dialog/Francisco1_1	Co za zbieranina wyrodnego, na wpół żywego śmiecia. Genetyczne graffiti. Jak w cholernym gabinecie osobliwości, ale niech mnie, nie mogę oderwać oczu. Wciągam buty.
Dialog/Francisco2_1	Jest w was coś, w tym, jacy jesteście, co miesza we mnie obrzydzenie z przyjemnością. 
Dialog/Francisco2_1a	Mogłabym oglądać, jak pełzacie po moich światach, na podglądzie. Ale muszę was zobaczyć na własne oczy.
Dialog/Francisco3_1	Nie strzelam wam w łby tylko dlatego, że chcę je powiesić na ścianie. Muszą być ładne.
Dialog/Francisco4_1	No proszę. Przyprowadziliście tego szóstaka? Tego z tymi wszystkimi rękami? Jednego szóstaka mam już w zamrażarce, ale para zawsze się przyda. 
Dialog/Francisco5_1	Mam dwie komory kriogeniczne gotowe na te pokręcone kształty. Możecie się zgłosić na ochotnika albo zejdę i sama wybiorę. 
Dialog/FranciscoIntro_1	Kiedy McNeil zawiedzie, a zawiedzie, poznamy się bliżej.
Dialog/FranciscoIntro_2	Wasze tłuste, obce ciała są ohydne, ale… na swój sposób nowatorskie. Moi ludzie mają rozkaz zostawić was w miarę w całości.
Dialog/FranciscoIntro_3	Możecie już świętować.
Dialog/FranciscoKilled_1	Musiałam sprawić sobie nowe serce, jak wy, insekty, podziurawiłyście stare. Coś w was przypomina mi gościa, z którego je wyjęliśmy.
Dialog/Frontier2_1	Wydobywałeś tu <color=#AB82FD>cramm</color>, prawda, Kaboom? Zanim przeszedłeś tę, hm, metamorfozę.
Dialog/Frontier2_2	Ano, wydobywałem, panie Roswell. Miałem do tego nosa. No, kiedyś miałem.
Dialog/Frontier2_3	A <color=#AB82FD>cramm</color>… tutaj płaci się nim jak pieniędzmi, a to po części dlatego, że… jest czynnikiem terraformującym?
Dialog/Frontier2_4	Tak jest, w postaci ak-ty-wowanej. Ale żeby go takim zrobić, potrzeba takiej kopalni jak ta Chaste'a.
Dialog/Frontier2_5	Mów dalej.
Dialog/Frontier2_6	Paskudne, paskudne świństwo. Ma straszny głód żywego ciała i chce je zamieniać w siebie. W <color=#AB82FD>cramm</color>.
Dialog/Frontier2_7	I mówiłeś… że pamiętasz tu miasta? Miasta, które… zniknęły?
Dialog/Frontier2_8	Wszystko gra, Roz? Coś ci tak oczy zamrugały przez chwilę.
Dialog/Frontier2_9	Tak, ja… tak. Po prostu wpadł mi do głowy pomysł, który mi się nie podoba.
Dialog/Frontier3_0	Słyszałem, jak z panem Bumem gadacie o <color=#AB82FD>cramm</color> i takich tam. Wprowadzisz mnie?
Dialog/Frontier3_1	Czy wszystko muszę tłumaczyć?... Chyba tak. No dobrze, słuchajcie.
Dialog/Frontier3_2	Zastanawialiście się kiedyś, czemu każdy świat tutaj aż kipi od <color=#AB82FD>cramm</color>? Czemu roi się na nich od crammowych zwierząt i niczego więcej?
Dialog/Frontier3_3	Chaste zasiał całe to ramię galaktyki <color=#AB82FD>aktywowanym cramm</color>. Rósł i rósł, i rósł, żywiąc się światami i wszystkim, co na nich było.
Dialog/Frontier3_3a	Cokolwiek pochłonął, stawał się jego pokręconym sobowtórem.
Dialog/Frontier3_4	Świetnie dla takich górników <color=#AB82FD>cramm</color> jak Chaste, nie tak świetnie dla tych, którzy mieli pecha być tu przed nim.
Dialog/Frontier3_5	I… teraz całe to ramię to jego prywatny kamieniołom <color=#AB82FD>cramm</color>. Ten człowiek strasznie potrzebuje sądu Pańskiego.
Dialog/Frontier_1	To nie ma sensu, że znajdujemy <color=#AB82FD>cramm</color> na tych światach. Nie ma to żadnego cholernego sensu. 
Dialog/Frontier_1a	Te skały ogołocono wiele lat temu. Wiem. Sam je ogołacałem.
Dialog/Frontier_2	I byli tu ludzie – dobrzy ludzie. Ludzie na tym świecie tuż pod nami. Znałem ich. Miasteczko zwało się Fosfor. I jak ono lśniło.
Dialog/Frontier_3	Nie widzę żadnego cholernego Fosforu na skanerze.
Dialog/GamblerJailPals_1	Bardzo to miłe z twojej strony, przyjacielu – wyciągnąć mnie z tej zagrody.
Dialog/GamblerMamaPanicArg_1	Naprawdę trzeba było się tam wymykać na partyjkę kart?
Dialog/GamblerMamaPanicArg_2	Panno Roso, ja ci nie mówię, jak masz jeść ludzi, prawda? Pilnuj swojego cholernego nosa.
Dialog/GamblerPals_1	Bardzo to ładnie z twojej strony – przyjść po mnie, jak się tam rozproszyłem.
Dialog/GotoJail_1	Muszę znaleźć <color=#AB82FD>Casino</color>, zanim zajmę się tymi dżentelmenami.
Dialog/HopalongGamblerArg_1	Mógłbyś naoliwić parę tych przegubów, Doc. Ludzie słyszeli nas z daleka.
Dialog/HopalongGamblerArg_2	Co? Ja... ja brzmię, jakbym dopiero zjechał z cholernej taśmy, chłopcze!  
Dialog/HopalongHelixPlanet_1	McNeil myśli, że po prostu uciekacie, ale ja się domyśliłem, dokąd.
Dialog/HopalongHelixPlanet_1a	I mam wieści: ta wasza tak zwana <color=#AB82FD>Ostoja</color> to tylko miraż, mrzonka miliona zdesperowanych blaszaków i mutantów takich jak wy. 
Dialog/HopalongInitArg_1	Biłem się z kojotami twardszymi od ciebie. 
Dialog/HopalongInitArg_2	Nie wiem, co tam na dole, wedle ciebie, robiłeś, ale przestań to, do cholery, robić. 
Dialog/HopalongIntro_1	Ja… kupowałem farmę. A potem nie bardzo pamiętam.
Dialog/HopalongIntro_2	No, dostałeś kawałek ziemi, tylko nie taki, jak chciałeś.
Dialog/HopalongIntro_3	Tak? Szczęście, że udało mi się przechować te wasze <color=#AB82FD>naładowane asy</color>.
Dialog/HopalongIntro_4	Dobrze, że o tym wspominasz. Najlepiej oddaj je teraz, Largo.
Dialog/HopalongIntro_5	Nie ma sprzeciwu. Trzymałem je dla was bezpiecznie.
Dialog/HopalongJailPals_1	Nie nadaję się do więzienia. Dzięki za pomoc.
Dialog/HopalongJudgeArg_1	Po tym, co tam widziałem, chyba za długo byłeś sam. Jesteś jak dzikie zwierzę.   
Dialog/HopalongJudgeArg_2	Miało to być obraźliwe, więc tak to przyjmę.  
Dialog/HopalongMamaPanicArg_1	Zabijanie to jedno, ale zastanawiam się, co się stało z tymi wszystkimi brakującymi częściami ciał tam na dole.
Dialog/HopalongMamaPanicArg_2	Dama ma swoje sekrety.
Dialog/HopalongMistMinerArg_1	Jak to „oszczędzaj ich”, Hop? To co ja mam tam na dole robić?
Dialog/HopalongMistMinerArg_2	Nie podoba mi się, jak znajduję ich kawałki poprzyklejane do ścian.
Dialog/HopalongNotRescued_1	Chyba zgarniemy starego Hopa gdzieś indziej w okolicy.
Dialog/HopalongNotRescued_2	Śliski gość.
Dialog/HopalongPals_1	Odłączyłem się tam od stada, a ktoś z was mnie znalazł. Macie moją wdzięczność.
Dialog/HopalongPreachArg_1	Jak wróciliśmy, sprawdziłam, i w Piśmie nie ma ani słowa o kimś takim jak ty. Strasznie mnie to martwi.
Dialog/HopalongPreachArg_2	Widać nie wszystko, co warto wiedzieć, tam jest, panienko. Pilnuj swojego nosa.
Dialog/HopalongRejoin_1	Wyściskałbym was wszystkich, ale jak jestem taki rozanielony, nie panuję nad tym, jak mocno ściskam! Dajcie mi dokończyć wybieranie gnoju z tej stajni, to pojedziemy.
Dialog/HopalongRejoin_2	A to co, u licha?
Dialog/HopalongRejoin_3	Pójdzie szybciej, jak weźmiesz łopatę, Sierżancie.
Dialog/HopalongRescuePlanet_1	<color=#AB82FD>Stary Hop</color> wlazł prosto do wielkiego domu tu na dole.
Dialog/HopalongRescuePlanet_2	Co… co on robi? Pracuje dla nich?
Dialog/HopalongRescuePlanet_3	Wygląda na to, że po prostu… siedzi w stajni.
Dialog/HopalongRescue_1	Potwierdzam: <color=#AB82FD>Hopalong</color> jest na tej planecie.
Dialog/HopalongRespArg_1	I tak nie jesteś w moim typie. Za mało nóg. 
Dialog/HopalongRespArg_2	Och, przepraszam. Mówiłeś coś? 
Dialog/HopalongRestart_1	Potrzebujemy do tego całej bandy, czyli <color=#AB82FD>Hopalonga</color> też.
Dialog/HopalongSector_1	Czy to nie w sektorze Czyściec stary <color=#AB82FD>Hopalong</color> poszedł wąchać kwiatki od spodu?
Dialog/HopalongSector_3	Ano, i jak wykopiemy naszego łuskowatego kumpla, mam zamiar usiąść z nim i porozmawiać o tych <color=#AB82FD>naładowanych asach</color>, które należą do nas, a które miał pod opieką.
Dialog/HopalongSector_4	A tymczasem wypatrujcie w tym sektorze <color=#AB82FD>fasoli</color>. Umiem ją świetnie usmażyć – <color=#AB82FD>załagodzi każdą kłótnię</color>, jaką możemy mieć. 
Dialog/HopalongSector_4a	Nikt nie da rady się żreć z gębą pełną gorącej, rozpływającej się fasoli.
Dialog/HopalongSector_5	Nie mówię tu o nikim konkretnym, żeby nie było. 
Dialog/HopalongStorm_1	Nie chcę was tam na Drifterze straszyć, ale może nigdy nie słyszeliście o gwiezdnych <color=#AB82FD>burzach</color>, albo… ja je zwę Lelkami, więc lepiej, że powiem wam, zanim wyruszymy.
Dialog/HopalongStorm_2	Tu w okolicy Chaste próbował wydobywać słońca czy inną cholerę, i coś to zrobiło z polami magnetycznymi tych skał. Zwierzakom na pewno jeży się sierść. Trzeba je będzie pogłaskać.
Dialog/HopalongStorm_3	Ale… niech mnie, te burze potrafią wbić rozgrzaną <color=#AB82FD>włócznię pioruna</color> prosto w rzyć. Tak tylko myślałem, że będziecie chcieli wiedzieć.
Dialog/Intro_1	Teraz <color=#AB82FD>możemy się wynieść</color> z tej zasranej dziury.
Dialog/Intro_2	Hola, hola, Robaczyco! <color=#AB82FD>Pan Chaste</color> nie lubi, jak ktoś grzebie przy jego <color=#AB82FD>blokadach skoku</color>. 
Dialog/Intro_3	To może podnieś te swoje cztery chude łaskotki w górę. Możesz się na-cie-szyć naszymi rustykalnymi wygodami, <color=#AB82FD>aż książę się tu pofatyguje</color>. 
Dialog/Intro_4	Nie mogę się doczekać, żeby go poznać. Jak długo mu zejdzie?
Dialog/Intro_5	<color=#AB82FD>Będzie tu jutro.</color> Coś mi się widzi, że strasznie mu spieszno położyć do piachu ostatnich z was, <color=#AB82FD>Dzikich Bękartów</color>. 
Dialog/Intro_6	W takim razie oddanie pistoletów wygląda na kiepski pomysł.
Dialog/Intro_7	Ale kule możesz dostać. 
Dialog/Intro_Planet	Garrett IV\n\nNic niewarta kula błota w sektorze Klęska.
Dialog/Intro_Time	Południe
Dialog/Jailbreak_1	Wstrzymaj konie, <color=#AB82FD>panno Roso</color>. Właśnie rozkładam sobie pasjansa. 
Dialog/Jailbreak_2	Zbieraj karty, <color=#AB82FD>McNeil</color> będzie tu jutro. 
Dialog/Jailbreak_3	Niedobrze. Jaki jest plan? 
Dialog/Jailbreak_4	Moglibyśmy wykopać parę dołów i po prostu się w nich położyć. Zaoszczędzimy <color=#AB82FD>Karzycielom</color> trochę czasu. 
Dialog/Jailbreak_5	Załatwmy sobie porządną trumnę, taką z uchwytami. <color=#AB82FD>Potrzebny nam na to cramm</color>. 
Dialog/JudgeGamblerArg_1	Te ostre słowa, co padły tam na dole... Wybaczę ci twoje, jeśli ty wybaczysz mi moje.  
Dialog/JudgeGamblerArg_2	Gówno wybaczę.
Dialog/JudgeHelixPlanet_1	A co wy, cyrkowe dziwadła, niby teraz kombinujecie? Mało, że kradliście tatkowe rzeczy, to jeszcze wykopujecie martwe Bękarty?
Dialog/JudgeInitArg_1	Myślałem, że na dziś skończyłem strzelać. Ale proszę bardzo. Mielże dalej tym cholernym ozorem. 
Dialog/JudgeInitArg_2	Nieudolność nie jest, ściśle rzecz biorąc, przestępstwem, ale może powinna być. 
Dialog/JudgeIntro_1	Lepiej wyciągaj tę swoją śliczną pukawkę, <color=#AB82FD>Casino</color>. Załatwimy to we dwóch, tu i teraz. 
Dialog/JudgeIntro_2	Dobrze cię widzieć, <color=#AB82FD>Sędzio</color>. Wiem, że jesteś trochę wstrząśnięty i w ogóle, ale… 
Dialog/JudgeIntro_3	Nic mną, do cholery, nie wstrząsnęło. Wiem, gdzie byłem. I wiem, kto mi to zrobił. 
Dialog/JudgeIntro_4	Zostałem na lodzie, bo jakiś bezkręgowy szuler nie umiał się oprzeć jeszcze jednemu lewemu rozdaniu, kiedy <color=#AB82FD>Barrabas dyszał nam w karki</color>. 
Dialog/JudgeIntro_5	<color=#AB82FD>Chaste i jego krewni</color> uwzięli się na nas wszystkich, Sędzio, i to nie bez powodu. Po prostu ciebie dopadli pierwszego, tylko tyle. Ale mam dobre wieści – Drifter zabiera nas teraz do <color=#AB82FD>Ostoi</color>.
Dialog/JudgeIntro_6	Do Ostoi, co? Doprawdy?
Dialog/JudgeIntro_7	Nic o tym nie wiem. Po prostu wolę życie od śmierci. Nie wiem jeszcze, co o tobie myśleć, Roso. 
Dialog/JudgeIntro_8	Ale <color=#AB82FD>nie będę jeździł z tym blaszanym sukinsynem<color=#AB82FD>. 
Dialog/JudgeJailPals_1	Miałem w tej celi na dole sporo wrogów. „Miałem”.
Dialog/JudgeMamaPanicArg_1	Musiałem położyć na tej planecie sporo ludzi, ale nigdy nie będę przepraszał za cywilizowanie tutejszych światów, Roso.
Dialog/JudgeMamaPanicArg_2	Wcześniej cywilizowałeś je w służbie naszego wroga, Jedediaha Chaste'a. W tym właśnie problem. 
Dialog/JudgeMistMinerArg_1	Widziałem, jak łypałeś na mnie tam na dole przez lunetę. Masz ze mną jakiś cholerny problem, blaszany sukinsynu?
Dialog/JudgeMistMinerArg_2	Po prostu wiem, że coś zrobiłeś, i tyle. Masz na gębie to „coś zrobiłem”. 
Dialog/JudgePals_1	Nawet najlepszym zdarza się rozproszyć. Naprawiliście to i macie moją wdzięczność.
Dialog/JudgePlanet_1	<color=#AB82FD>Blokady skoku</color>. Nienawidzę ich. 
Dialog/JudgePlanet_2	Proszę na to spojrzeć tak, panno Roso. Skoro musimy schodzić na dół, możemy za każdym razem obrabować Chaste'a do cna. To jedna z wielkich przyjemności życia. 
Dialog/JudgePreachArg_1	Może i jesteś sędzią, ale widziałam, jak egzekucje sprawiają ci trochę za dużo radości jak na mój gust. To nie po biblijnemu. 
Dialog/JudgePreachArg_2	Cóż, dopóki Jorge Crux nie zejdzie tu i sam nie zastrzeli tych sukinsynów, muszę mu pomagać. Masz z tym jakiś problem? 
Dialog/JudgeRejoin_1	Spóźniliście się, sukinsyny. Ale puszczę to płazem.
Dialog/JudgeRejoin_2	Sędzio, wygląda na to, że dzień będziemy ratować we dwóch, skoro plączą się nam pod nogami akwarium i dzieciak Cramm.
Dialog/JudgeRejoin_3	Dzięki za pokrzepiającą mowę, Sierżancie. Przypomnij mi, czego właściwie jesteś sierżantem?
Dialog/JudgeRejoin_4	No, za moich źrebięcych czasów byłem…
Dialog/JudgeRejoin_5	Czyli niczego.
Dialog/JudgeRespArg_1	Czyli nie muszę znowu ratować ci skóry? Bardzo mi to pasuje. 
Dialog/JudgeRespArg_2	Nie licz, że przybiegnę, jak następnym razem wpadniesz w tarapaty. 
Dialog/JudgeSector_1	Sektor Lament? Czy to nie tu <color=#AB82FD>Barrabas</color> usmażył <color=#AB82FD>Sędziego</color> tymi swoimi laserowymi oczami? Nie godzi się tak razić kogoś oczami.
Dialog/JudgeSector_2	Zaczynam mieć wrażenie, że Drifter nie spocznie, dopóki <color=#AB82FD>nie odzyskamy całej bandy</color>. 
Dialog/JudgeSector_3	Jak nie będziemy uważać, będzie jeszcze więcej wskrzeszania. Przydadzą się <color=#AB82FD>toniki</color>, żeby się podreperować. 
Dialog/JudgeSector_4	Wypatrujcie planet, na których mogą być na dole. 
Dialog/KaboomHelixPlanet_1	Rozumiem, że odrzuciliście moją hojną ofertę. W takim razie uciekajcie dalej, skoro chcecie. 
Dialog/KaboomHelixPlanet_1a	Nawet jeśli ta wasza tak zwana „Ostoja” istnieje, macie tyle samo szans, żeby tam dotrzeć, co wszystkie inne blaszaki i ksenosi, którzy próbowali i przegrali. 
Dialog/KaboomInitArg_1	Niech to szlag, ale ty to potrafisz człowiekowi zaleźć za skórę. 
Dialog/KaboomInitArg_2	Nawet jako gazowy gość mam swoje granice. A ty je tam na dole przekroczyłeś. 
Dialog/KaboomIntro_1	Dzięki. Długo tam byłem strasznie zagubiony. Zacząłem myśleć, jak zrobić, żeby dynamit wybuchał mocniej, i wpadłem na parę świetnych pomysłów. Zaraz wam opowiem.
Dialog/KaboomIntro_2	Wtrącę się: zastanówcie się nad kwestią przywództwa. Ta szczebiocząca pajęczyca czy wasz pokorny sługa.
Dialog/KaboomIntro_3	Które z was lubi wybuchy?!?
Dialog/KaboomIntro_4	Ja.
Dialog/KaboomIntro_5	Reakcje egzotermiczne, jasne, czemu nie. Z daleka.
Dialog/KaboomIntro_6	Ja się w to nie mieszam.
Dialog/KaboomNotRescued_1	Nie możemy zostawić pana Buma!
Dialog/KaboomNotRescued_2	Odeślą go do Chaste'a na pogawędkę, co? Tylko herbatki nie będzie. Mam przeczucie, że Drifter znajdzie, dokąd go zabiorą.
Dialog/KaboomOut_1	Wypadam z gry – przynajmniej dopóki ktoś nie znajdzie mi toniku.
Dialog/KaboomOut_2	Niech to szlag, bez ciebie planeta posiadłości będzie o tyle trudniejsza.
Dialog/KaboomPals_1	Nie podoba mi się to cholerne rozpraszanie. Dobrze, żeście mnie tam znaleźli.
Dialog/KaboomRejoin_1	Zaoferowałem swoje usługi. Okazuje się, że jak ktoś jest z oparów, a nie z mięsa jak normalni, to tu się nie liczy jako żywy.
Dialog/KaboomRejoin_2	A czego się spodziewałeś, stary? Przystawek? Deski wędlin?
Dialog/KaboomRejoin_3	Nie odmówiłbym, nie.
Dialog/KaboomRescuePlanet_1	To tu! Tu <color=#AB82FD>trzymają pana Buma pod kluczem</color>!
Dialog/KaboomRescuePlanet_2	Naprawdę chcemy z powrotem tego starego pierdziela?
Dialog/KaboomRescuePlanet_3	Musimy go wyciągnąć. Pewnie cierpi już na niedobór fasoli. Człowiek nie przeżyje bez witaminy F, nawet taki, co przez swoje przygody zrobił się całkiem jak duch.
Dialog/KaboomRescueRepeat_1	Masz rację, panie Spike! <color=#AB82FD>Pan Bum siedzi tu, w tym więzieniu!</color>
Dialog/KaboomRescue_1	Widzę <color=#AB82FD>pana Buma w tamtym kiciu!</color>
Dialog/KaboomRespArg_1	Nie trzeba tak do człowieka gadać. 
Dialog/KaboomRespArg_2	Nerwów to ja nie mam, jak normalni, ale zabolało. 
Dialog/KaboomRestart_1	Wygląda na to, że Drifter postanowił. Musimy <color=#AB82FD>uratować starego Bum-Buma</color>, zanim ruszymy dalej.
Dialog/KaboomSector_1	Mam nadzieję, że <color=#AB82FD>Kaboom jest ostatni</color>, którego Drifter próbuje znaleźć, i że wreszcie zechce zabrać nas do <color=#AB82FD>Ostoi</color>. Nie marudźmy tu.
Dialog/KaboomSector_2	Czemu Drifter miałby na nim poprzestać? Wygląda mi na to, że <color=#AB82FD>zbieramy całą bandę</color>.
Dialog/KaboomSector_3	Po co? Do czegoś jesteśmy potrzebni?
Dialog/KaboomSector_4	Musimy uciec od Chaste'a, to pewne.
Dialog/KaboomSector_5	Cóż, „Drifter spada jak deszcz błogosławiony na niski, jałowy step spragniony”. Jeśli jest więcej takich, co go potrzebują, no to tam lecimy.
Dialog/MamaPanicJailPals_1	To podłe więzienie nie było miejscem dla mnie. Dziękuję.
Dialog/MamaPanicPals_1	Gdy jestem rozproszona, nie mogę przewodzić bandzie. Dziękuję za odnalezienie mnie tam na dole.
Dialog/McNeil1_1	Oho! Ho, ho, ho, wy sukinsyny! Zamówiłem sobie nową spluwę, żeby was wszystkich z niej powystrzelać! Ale jeszcze nie przyszła. Więc jakbyście się tu na dole nie spieszyli, to byłbym wdzięczny.
Dialog/McNeil2_1	Trochę mnie zmęczyło to ganianie za wami. Zbombardowałbym was, tak orbitalnie, ale zostawiłem tu na dole kapelusz, który bardzo lubię.  
Dialog/McNeil3_1	Nowa spluwa przyszła, ale teraz czekam na cholerne kule!
Dialog/McNeil3_1a	Ma takie specjalne kule, co chybiają, a potem wracają i żądlą człowieka w dupę jak pszczoła. O rany, to ci dopiero rozerwie dupę! 
Dialog/McNeil3_2	No wiem, że może niektórzy z was nie mają porządnej dupy, bo jesteście obcymi sukinsynami.  
Dialog/McNeil3_2a	Takim to na pewno zrobi nową. Więc w pewnym sensie wyświadczam wam przysługę. 
Dialog/McNeil4_1	Tatko przysłał mi wiadomość, napisał: „Synu, tym razem położysz tych Dzikich Bękartów do piachu”. No, ja ją wysłałem. To ja ją wysłałem. Ale i tak to zrobię!
Dialog/McNeil5_1	Nawet nie lubię tego świata. Ugryzł mnie tu kojot, skoczył na mnie i zjadł mi kawałek głowy!
Dialog/McNeil5_1a	Ale z tego kawałka nie korzystałem. Kapelusz już dobrze nie leży, ale tatko mówi, że „kapelusze są drogie”.
Dialog/McNeilArrive_1	Stać, dziwadła! Tym razem mi nie uciekniecie.
Dialog/McNeilKilled_1	Nieźle mnie tam urządziliście, sukinsyny, ale tatko ma na usługach najlepszego konowała w galaktyce i ten zszył mnie tak, że jestem jeszcze ładniejszy niż przedtem. 
Dialog/McNeilPursue_1	Pewnie myśleliście, że już mnie nie zobaczycie. A tatko dał mi jeden ze swoich starych statków, bo tak dobrze się spisałem! No, nie powiedział tego, ale tak słyszałem. 
Dialog/McNeilPursue_2	Cholerny sukinsyn. 
Dialog/McNeilReset_1	Jiha! Zabraliśmy tę spleśniałą helisę i przenieśliśmy ją gdzie indziej. Teraz jej nigdy nie znajdziecie!
Dialog/McNeilReset_2	I to niby jest książę?
Dialog/Minerality_1	Jedliście? Bo jak nie, to sam przyznam, że przy ognisku daję sobie radę. Mam tu swoją nagradzaną fasolkę z grilla...
Dialog/Minerality_2	Dużo tu robotów. Więcej fasoli dla nas, miękkich, co? 
Dialog/Minerality_3	CO?
Dialog/Minerality_4	Powiedziałam coś nie tak?
Dialog/Minerality_5	Myślisz, że jak jesteśmy robotami, to nie jemy fasoli?
Dialog/Minerality_6	No... tak właśnie myślałam?
Dialog/Minerality_7	Smakujesz fasolę tym samym wijącym się czymś, czym gadasz! Ty nawet nie czujesz smaku tej cholernej fasoli.  
Dialog/Minerality_7a	My mamy cały aktywny kompleks percepcji fasoli. Wtórne i trzeciorzędowe strączkatory… to jak jedzenie cholernej tęczy. 
Dialog/Minerality_8	Sędzia i ja rzadko się w czymś zgadzamy, ale…
Dialog/Minerality_9	Ma rację, Kaznodziejo. Wyczuwa się subtelną mineralność.
Dialog/MistMinerGamblerArg_1	Doc, musisz uruchomić komputer celowniczy. Nie trafisz nawet w cholerną stodołę!
Dialog/MistMinerGamblerArg_2	Co ważniejsze, przy tobie muszę wyłączać komputer węchowy, przyjacielu.
Dialog/MistMinerJailPals_1	Próbowałem się przekopać z tego pudła. Okazuje się, że dali metalową podłogę. 
Dialog/MistMinerMamaPanicArg_1	Znosiłem to przez chwilę tam na dole, ale nie machaj już na mnie tymi swoimi łapkami, Roso! NIE MACHAJ NIMI WIĘCEJ.  
Dialog/MistMinerMamaPanicArg_2	Masz na myśli tak?
Dialog/NavPickup_1	Mamy szczęście! Tym awaryjnym <color=#AB82FD>nadajnikiem</color> możemy <color=#AB82FD>bezpiecznie opuścić planetę</color>, nawet jeśli nie dotrzemy do schodów!
Dialog/NeededSelected_1	Na pewno? Ci potrzebni banici to nasza jedyna nadzieja na planecie posiadłości. 
Dialog/Open_1	Nie zgubiliśmy go.
Dialog/Open_2	To nigdy nie było w kartach, panno Roso. Lepiej przenieś nas na dół, niech <color=#AB82FD>wysadzimy blokadę skoku</color>, zanim on tu dotrze. 
Dialog/PatrolIntro_1	Aż się roi od <color=#AB82FD>patroli!</color> Chaste rozesłał chłopaków na wszystkie strony.
Dialog/PostCredits_1	Masz naszą wdzięczność, Sierżancie. Kiedy dla mnie i Casino wszystko wyglądało najczarniej, byłeś głosem rozsądku. Wolę nie myśleć, co mogło się stać.
Dialog/PostCredits_2	Oj, na odwrót to rozumiesz, Szóstaczko.
Dialog/PostCredits_3	Resztę swojego nędznego życia spędzicie na ucieczce przed Chaste'em tu, na zadupiu wszechświata. 
Dialog/PostCredits_3a	I będziecie harować jak woły, żeby udowodnić, że nie jesteście parującymi kupami gówna.
Dialog/PostCredits_4	Tylko pilnowałem, żebyś zapłaciła w całości. I dalej będę pilnował. Tak jest.
Dialog/PostCredits_5	Tak czy siak, kolego. Tak czy siak.
Dialog/PostCredits_6	Wsadź sobie tego „kolegę” w dupę, i to bokiem. I wyczyść spluwy.
Dialog/PostCredits_7	Jeszcze nie skończyliśmy.
Dialog/PostReset_1	Czuję się jak milion cramm. 
Dialog/PostReset_2	<color=#AB82FD>Warp zabrał nam cały cramm</color>. I jeszcze więcej!
Dialog/PostReset_3	 Ale <color=#AB82FD>asów nam nie zabierze</color>. Moim zdaniem to i tak tania usługa.
Dialog/PostRestart_1	Jeszcze jedno rozdanie? Wchodzę. 
Dialog/PreachGamblerArg_1	Doc, zawsze strasznie ci spieszno zaglądać do naszej skrytki z cramm. Potrzebny nam, a jakże, ale to sprawy doczesne, a ty musisz celować wyżej. 
Dialog/PreachGamblerArg_2	Ty masz swoje doczesne sprawy, a ja swoje. Nie prawię ci kazań o twoich. 
Dialog/PreachHelixPlanet_1	Muszę wam podziękować, żeście wykopali tego zardzewiałego starego blaszaka, co się nazywa sędzią. Świetnie się bawiłem, zabijając go za pierwszym razem, a teraz mogę to zrobić jeszcze raz. 
Dialog/PreachInitArg_1	Jorge Crux każe nam znosić głupców z łagodnością. Ale ciebie to on nigdy nie spotkał. 
Dialog/PreachInitArg_2	Tam na dole miałam dość. Nie sądzę, żebyś się nadawał do tego życia. I nie będę czekać, aż przez ciebie nas pozabijają. 
Dialog/PreachIntro_1	Miałam taki piękny sen, kochani. Siedziałam po prawicy Najwyższego, Jorge Cruxa. Jego i tego śmiesznego krzyża, z którym się ciągle wszędzie włóczy.
Dialog/PreachIntro_2	Jego krzyż, nawiasem mówiąc, przesyła pozdrowienia. Wam wszystkim, grzesznikom i tym, którym czegoś zabrakło. Czyli wszystkim, do cholery.
Dialog/PreachIntro_3	Po tym, jak na mnie patrzycie, zaczynam myśleć, że to może nie był sen. Ale wróciłam. Mam nadzieję, że nikt z was nie czarował ani nie uprawiał żadnej nek-romancji.
Dialog/PreachIntro_4	Zwykłe, zwyczajne zmartwychwstanie, proszę pani, pan Crux chyba sam coś o tym wie. 
Dialog/PreachIntro_4a	Podziękuj Drifterowi. I mnie, jeśli chcesz. Ale nie dziękuj Casino, bo to dwulicowy wór gówna.
Dialog/PreachIntro_5	Ha! Znasz mnie i Sędziego. Zawsze tylko żarty i śmichy.
Dialog/PreachIntro_6	Myślałam, że już złożyłam swoje trudy... I… nie żebym nie cieszyła się, że was widzę, ale to już nie jest mój dom.
Dialog/PreachIntro_7	No… do nieba cię nie zabierzemy, panienko, ale w pół drogi już tak. Ta łajba leci do <color=#AB82FD>Ostoi</color>.
Dialog/PreachIntro_8	Do <color=#AB82FD>Ostoi</color>? Amen!
Dialog/PreachIntro_9	A tak przy okazji, jedzenia to tam mają w bród, ale czego nie mają, to <color=#AB82FD>twojej fasoli!</color>
Dialog/PreachJailPals_1	Panie, dziękujemy Ci, żeś wyzwolił mnie z więzienia. I za tego tu Twojego sługę też.
Dialog/PreachMamaPanicArg_1	Powtórz to, Roso. Powtórz, co mi powiedziałaś na dole.  
Dialog/PreachMamaPanicArg_2	Zasugerowałam jedynie, że twoje „Pismo Święte” to rodzaj wirusa umysłowego. Czy to... niezrozumiałe?
Dialog/PreachMistMinerArg_1	Czy ktoś jeszcze uważa, że na tej ostatniej planecie trochę śmierdziało skunksem?
Dialog/PreachMistMinerArg_2	Taki już jestem, do cholery!  
Dialog/PreachOut_1	Bóg widzi, że się staram, ale nie mam siły iść dalej.
Dialog/PreachOut_2	Kaznodziejo... Esther, potrzebujemy cię!
Dialog/PreachPals_1	Pan prowadził twoje kroki ku mnie. Za to dziękujemy.
Dialog/PreachRespArg_1	Panie Boże, to ten, o którym Ci wcześniej mówiłam. Ten tu sukinsyn. 
Dialog/PreachRespArg_2	Panie Crux, daj mi, do cholery, SIŁY. 
Dialog/PreachSector_1	W tym bezprawnym sektorze odeszła młoda panna Esther. Jest tu mnóstwo ludzi, których trzeba by zastrzelić.
Dialog/PreachSector_2	Podobno dopadł ją jeżozwierz. A mówiłem jej. Mówię: „<color=#AB82FD>Kaznodziejo</color>, trzeba z nimi rozmawiać tak, a nie inaczej”.
Dialog/PreachSector_3	To bystra dziewczyna, żaden cholerny jeżozwierz by jej nie położył.
Dialog/PreachSector_4	<color=#AB82FD>Jeżozwierze są drażliwe</color>, znaczy. Może za bardzo się rozpędziła z tym gatlingiem, co go nosi.
Dialog/Princes_1	Nie mogliście po prostu umrzeć jak normalne dziwadła, a teraz wdepnęliście w górę gówna. Mój tatko zrobił z tego tutaj, na pograniczu, rodzinny interes.
Dialog/Princes_2	No, ja jestem groźny gość, ale moja siostra Francisco zabiła konia widelcem. 
Dialog/Princes_2a	A o Barrabasie to nawet nie chcę gadać. Tatko mówi, że przeleciał diablicę i Barrabas po prostu z niej wypadł! 
Dialog/Princes_3	Nic nie wiem o tym całym McNeilu, ale… Francisco… to się zgadza. Z osobistego doświadczenia. 
Dialog/Princes_4	Nie wiem, co on zrobił tym dzieciakom, że są takie wredne. To nie po ojcowsku i nie w porządku. 
Dialog/RawhideAstronautArg_1	My się zastanawiamy, czy Ten Roswell nosi dziwaczny kombinezon, bo Ten Roswell jest obrzydliwy, z wieloma zapachami. Taka jest Nasza teoria.
Dialog/RawhideAstronautArg_2	To było okropne. Ograniczmy na przyszłość nasze kontakty.
Dialog/RawhideBillyArg_1	Gdy Ten Rawhide strzela z Tym Billym, Ten Billy potrzebuje wielu pomocy, żeby przeżyć. Także: Ten Billy jest młody i mały, jak niemowlę. 
Dialog/RawhideBillyArg_2	No, ja... ja wymyślę jakieś przykre, całkiem podłe słowa, żeby ci powiedzieć, i... dam ci znać, jak je sobie poukładam.  
Dialog/RawhideGamblerArg_1	Posłuchaj, synu. Czemu zawsze szczebioczesz i piszczysz, jak się zbliżam?
Dialog/RawhideGamblerArg_2	Szczebioczemy, gdy Ten Casino jest blisko, bo My nie lubimy Tego Casino.
Dialog/RawhideHelixPlanet_1	To nie fair, że wy, dziwadła, macie statek, który lata szybciej od mojego. Tatko mówi, że i tak nie zabierze was tam, gdzie chcecie, tylko tam, gdzie on chce.
Dialog/RawhideHopalongArg_1	Nie lubimy, gdy Ten Hopalong narzuca swoją wolę Temu Zwierzakowi. Czujemy naturalną przyjazność do Tego Zwierzaka i przez to jesteśmy wrogiem Tego Hopalonga.  
Dialog/RawhideHopalongArg_2	No dobra. Brzmi, jakbyście wszystko sobie poukładali.
Dialog/RawhideInitArg_1	Ten Rawhide nie cierpi wąchać twoich Zapachów i Brzydkich Smrodów.
Dialog/RawhideInitArg_2	Potrzebujesz Wielu Pomocy, bo jesteś Cieniasny i Nieumiejętny. 
Dialog/RawhideIntro_1	Jesteśmy <color=#AB82FD>Rawhide</color>.
Dialog/RawhideIntro_2	Wiemy, kim jesteście. Gotowi znów jeździć z Dzikimi Bękartami?
Dialog/RawhideIntro_3	Jesteśmy gotowi.
Dialog/RawhideIntro_4	Macie ochotę na fasolkę? Bo mam gorącą porcję...
Dialog/RawhideIntro_5	Ten Rawhide nie lubi fasoli.
Dialog/RawhideIntro_6	Jak usłyszycie syk czy coś, to tylko moje łzy parują, jak wypadną mi z oczu i dotkną mojej ognistej skóry.
Dialog/RawhideJailPals_1	Byliśmy za kratami. Potem nie byliśmy.
Dialog/RawhideJudgeArg_1	Na jednym z moich światów zaginął autołapacz, nigdy go nie znalazłem. Tego, co miał łapać, też nie.  
Dialog/RawhideJudgeArg_1a	P-wiewiórek, takich ze świadomością roju. Nic o tym nie słyszałeś, co? „Rawhide”?   
Dialog/RawhideJudgeArg_2	Jesteśmy bardzo urażeni podtekstem Tego Sędziego i będziemy teraz unikać Tego Sędziego, bo Nasza uraza jest taka wielka.
Dialog/RawhideMamaPanicArg_1	Nie lubimy drapieżnej istoty tak blisko nory.
Dialog/RawhideMamaPanicArg_2	Nie mogłoby mnie to mniej obchodzić.  
Dialog/RawhideMistMinerArg_1	Rawhide, mam wrażenie, że zaczęliśmy od złej nogi. Albo od złego obłoczka oparów, czy jak tam. Zacznijmy od nowa. Jestem Kaboom, bo...
Dialog/RawhideMistMinerArg_2	Nie obchodzi nas to.  
Dialog/RawhideOut_1	Lubimy tonik i potrzebujemy tonika.
Dialog/RawhideOut_2	Bez was wszystkich będzie tam ciężko.
Dialog/RawhidePals_1	Po rozproszeniu byliśmy sami. Potem nie byliśmy. 
Dialog/RawhidePreachArg_1	Doszliśmy do wniosku, że Ta Kaznodzieja używa swojej Magicznej Księgi głównie do zawstydzania innych, bo własne czujki ją przytłaczają.
Dialog/RawhidePreachArg_2	No... ja też cię nie lubię.  
Dialog/RawhideRespArg_1	Nie lubimy Tego Cieniasnego, Nieumiejętnego Głupka. 
Dialog/RawhideRespArg_2	Masz Ten Zapach, a my nie lubimy Tego Zapachu. 
Dialog/RawhideSargeArg_1	Po tej misji osiągnęliśmy konsensus. Czcimy Tego Sierżanta i Ten Sierżant inspiruje nas do wielkich czynów.  
Dialog/RawhideSargeArg_2	No, ja uważam, że jesteś dziwnym dzieciakiem, i musisz się trzymać ode mnie hen daleko.
Dialog/RawhideSector_1	Pan Rawhide to blaszak czy zwierzak? Trzeba było zapytać starego Hopa. Nigdy tego nie rozgryzłem.
Dialog/RawhideSector_2	A ty jesteś kałamarnicą czy rewolwerowcem?
Dialog/RawhideSector_3	Nie mogę być jednym i drugim?
Dialog/RawhideSector_4	Nie mamy na to czasu. <color=#AB82FD>Roswella i Kaznodzieję</color> zaszli z flanki. Trzymają ich w <color=#AB82FD>kiciu</color> kawałek dalej.
Dialog/RawhideSector_5	Myślisz, że dali tym dwojgu apartament dla nowożeńców?
Dialog/RawhideSmokyArg_1	Mamy żal, że Ten Smoky nie używa świeżych upolowań, które Ten Rawhide przynosi Temu Smoky'emu.  
Dialog/RawhideSmokyArg_2	MAM WŁASNY PRZEPIS, DO CHOLERY!
Dialog/RawhideSpikeArg_1	Ten Rawhide chciałby wiedzieć, czemu ciało Tego Spike'a buczy i śpiewa.
Dialog/RawhideSpikeArg_2	To posłuchajmy bardzo uważnie tego buczenia i śpiewania. Słyszysz? O, jest: takie słodkie i ciche.
Dialog/RawhideSpikeArg_2a	Mówi: „Pilnuj swojego cholernego nosa, ty cholerna kupo skrzypiącej blachy”. 
Dialog/RecoverCasino_1	Psiakrew, znowu mnie <color=#AB82FD>rozproszyło</color>. Możesz <color=#AB82FD>do mnie przyjść</color>, panno Roso?
Dialog/RecoverCasino_2	Nie mamy na to czasu, Casino. 
Dialog/Reset_1	Trochę mnie powgniatało. Muszę iść do konowała, zanim zrobię coś więcej. 
Dialog/Reset_2	Ja też cieknę. Wygląda na to, że utknęliśmy na dobre.
Dialog/Reset_3	Chwila – <color=#AB82FD>Drifter chyba ma plan</color>. Zobaczmy, co wymyślił. 
Dialog/Restart_1	Wpadliśmy. A <color=#AB82FD>książęta</color> depczą nam po piętach – już stąd czuję tych sukinsynów. 
Dialog/Restart_2	Drifter zawsze ma jakiś pomysł. Trzymajcie się. 
Dialog/ReturnShop_1	Miło znów widzieć was, Dzikie Bękarty. Jako stali klienci macie prawo do <color=#AB82FD>premii za powtórzenie sektora</color>!
Dialog/ReturnShop_1a	Miło znów widzieć was, Dzikie Bękarty. Jako stali klienci macie prawo do <color=#AB82FD>premii za powtórzenie sektora</color>!
Dialog/RosaCasinoReturn_1	Czemu zawdzięczamy tę piekielną przyjemność, Sierżancie?
Dialog/RosaCasinoReturn_2	Robię to dla Fletch. Jesteśmy o krok od zwycięstwa. I nie jadę z wami, ale <color=#AB82FD>potrzebuję waszych cholernych spluw</color>.
Dialog/RosaCasinoReturn_3	Powiedziałeś swoje, Sierżancie. To podłe typy, to prawda. Ufam im na tyle, na ile mogę ich rzucić, a Casino jest z metalu. Parę stóp, najwyżej.
Dialog/RosaCasinoReturn_4	Ja jestem sporo lżejsza.
Dialog/RosaCasinoReturn_5	Wziąłem to pod uwagę, panno Roso.
Dialog/RosaCasinoReturn_6	Zawsze mogłam na ciebie liczyć, Hop.
Dialog/RosaCasinoReturn_7	Mam nadzieję, że to działa w obie strony.
Dialog/RosaInitArg_1	Bękart z ciebie, a jakże. Ale Dziki Bękart? To się okaże. 
Dialog/RosaInitArg_2	Po tym numerze, który tam wywinąłeś? Trzymałabym się z daleka, chyba że chcesz mieć klatkę piersiową pełną jaj. 
Dialog/RosaRespArg_1	I tak lepiej pracuję sama. 
Dialog/RosaRespArg_2	Na twoim miejscu byłabym bardziej strategiczna w doborze tonu. A kiedy mówię „ja”, mam na myśli „ty”.
Dialog/RoswellHelixPlanet_1	Francisco mówi, że wszyscy uciekacie do tej waszej „Ostoi”.
Dialog/RoswellHelixPlanet_1a	Rozważcie zamiast tego coś innego: przestańcie uciekać i dołączcie do nas. Takie wynaturzenia jak wy da się znieść, jeśli idą w parze z talentem do zabijania.
Dialog/RoswellHelixPlanet_2	Kto wie, może pewnego dnia dorośniecie nawet do poziomu moich potomków: Barrabasa, Francisco i tego trzeciego. 
Dialog/RoswellInitArg_1	Przeanalizowałem twoje statystyki bojowe z ostatniej akcji i cały komputer mi się spieprzył. Coś w stylu „dzielenia przez zero”. 
Dialog/RoswellInitArg_2	Hej – użyłem na tobie skanera idiotów i zwariował. Chyba się zepsuł, bo jesteś za głupi. 
Dialog/RoswellIntro_1	Przeprowadzam głęboki skan. Wyniki są… o, szybko przyszły.
Dialog/RoswellIntro_10	Aha, czyli faszystowska owadzia autokracja. Czadowo.
Dialog/RoswellIntro_2	Okazuje się, że wszyscy jesteście idiotami – dajecie się ciągać temu dwunożnemu owadowi i jej chodzącemu automatowi do gry.
Dialog/RoswellIntro_3	Może z tym automatem po prostu wsadzimy cię z powrotem do dołu, z którego cię wykopaliśmy.
Dialog/RoswellIntro_4	Moja analiza wskazuje też, że w dole było mi lepiej. Ale skoro już muszę tu zostać, oczywiste jest, że <color=#AB82FD>to ja powinienem dowodzić, a nie ty, Roso</color>.
Dialog/RoswellIntro_5	No, Ros, odrobina wdzięczności dla tych, którzy nadstawiali skóry, czy tego, co kiedyś było skórą, by nie zaszkodziła.
Dialog/RoswellIntro_6	Cóż, <color=#AB82FD>pan Roswell zawsze był urodzonym przywódcą</color> o władczym głosie. Wiem, że pod tą kopułą jest też bardzo przystojny.
Dialog/RoswellIntro_7	Panno Esther, nie wiem, czy to zadowalający mechanizm ustalania władzy.
Dialog/RoswellIntro_8	A może twoje stare kości pamięci trochę się przestawiły, „Doc”.
Dialog/RoswellIntro_9	Orzekam remis – <color=#AB82FD>więc dowodzę ja</color>.
Dialog/RoswellNotRescued_1	Aż boli, że zostawiamy tam starego Roswella i pannę Kaznodzieję.
Dialog/RoswellNotRescued_2	O, te sukinsyny mają wszędzie cele. Sam paru widziałem od środka. Drifter znów ich znajdzie.
Dialog/RoswellPals_1	Zaczynam się zastanawiać, czy jest jakiś powód, że to zawsze ja się rozpraszam. Dzięki, że ktoś zauważył.
Dialog/RoswellRejoin_1	Przynajmniej poznaliśmy się lepiej, siedząc w tej celi. Zbudowaliśmy więź, z której może wyjść coś głębszego i romantycznego.
Dialog/RoswellRejoin_2	Dosłownie cały czas spałem.
Dialog/RoswellRescuePlanetRepeat_1	<color=#AB82FD>Te gołąbki są tu na dole</color>. Tak mówi ten ekranowy wihajster!
Dialog/RoswellRescuePlanet_1	Mówiłem, że Drifter ich znajdzie. Patrzcie na ten ekranowy wihajster. <color=#AB82FD>Panna Esther i Ros są tam na dole!</color>
Dialog/RoswellRescue_1	Tam są!
Dialog/RoswellRespArg_1	Mam nadzieję, że to znaczy, że już nigdy nie będziemy rozmawiać...? 
Dialog/RoswellRespArg_2	Mogę zasymulować całą twoją osobowość na zegarku. Więc... możesz się już zamknąć na zawsze? 
Dialog/RoswellRestart_1	Nie jesteśmy Casino, a już na pewno nie cholerną Rosą. <color=#AB82FD>Nikogo nie zostawiamy.</color> Siedzimy w tym gównie, dopóki nie odzyskamy <color=#AB82FD>Roza i Kaznodziei</color>. 
Dialog/RoswellSector_1	No jasne, <color=#AB82FD>Roswell</color> musiał dać się zabić w jakiejś śmiercionośnej dziurze, gdzie nawet niebo próbuje nas zabić.
Dialog/RoswellSector_2	O ile pamiętam, sam wlazł pod ten piorun.
Dialog/RoswellSector_3	Trzeba było się ruszać. W tym jego akwarium nie ma miejsca na mózg.
Dialog/RoswellSector_4	Kto ma tylko niemiłosierne opinie, niech lepiej milczy.
Dialog/RoughSector_1	Chaste zamknął ten cały sektor ciaśniej niż kloakę dżawbaka. Widziałeś kiedyś dżawbaka?
Dialog/RoughSector_2	Nie było okazji!
Dialog/RoughSector_3	Kloakę mają baaardzo ciasną.
Dialog/SargeAstronautArg_1	Mam trudność z ustaleniem, czego właściwie mogłeś być „sierżantem”.
Dialog/SargeAstronautArg_2	Chodź no tu z tym swoim akwariowym tyłkiem, to ci pokażę.
Dialog/SargeBillyArg_1	Jesteś blisko czegoś, synu. Ta twoja ręka do spluwy i moje szkolenie – doprowadzimy cię do celu.  
Dialog/SargeBillyArg_2	Już mam mentora, staruszku. Takiego, co nie śmierdzi jak stodoła z zadupia.  
Dialog/SargeGamblerArg_1	No, Sierżancie... Nie bardzo pamiętam, co takiego zrobiłem na dole, że tak cię to uwiera.  
Dialog/SargeGamblerArg_2	Dzisiaj? Chyba twoja cholerna brzydka blaszana gęba.  
Dialog/SargeHelixPlanet_1	Wiedziałem, że z was, Dzikich Bękartów, tchórze, jakich mało. Uciekacie jak kojoty. Ułatwi mi to sprawę, nie żebym potrzebował pomocy.
Dialog/SargeHopalongArg_1	Myślałeś kiedyś, że może tak kochasz te zwierzaki, bo nikt inny nie chce z tobą przebywać?
Dialog/SargeHopalongArg_2	Na odwrót, Sierżancie. Trzymam te zwierzaki przy sobie, żeby takie nicponie jak ty trzymały się z daleka. Chyba działa.
Dialog/SargeInitArg_1	Widziałem, jak dobrych ludzi, albo konie, albo i ludzi-konie, wieszano za mniej, niż ty zrobiłeś. 
Dialog/SargeInitArg_2	Najzieleńszy cholerny rekrut zrobiłby to lepiej niż ty tam na dole. 
Dialog/SargeIntro_1	Nie musisz salutować, Spike. W twoim wykonaniu to wygląda jak żart. Zawsze tak wyglądało. 
Dialog/SargeIntro_10	No, to się zgadza.
Dialog/SargeIntro_2	Stary nawyk, stary. To przez tę dostojną prezencję, którą roztaczasz, Sierżancie.
Dialog/SargeIntro_3	Na co wam stary, martwy koń bojowy?
Dialog/SargeIntro_4	Nasz kumpel Drifter chyba postanowił ratować nas, bękartów. <color=#AB82FD>Zabrać nas do Ostoi</color> i dać nam wszystkim odpocząć.
Dialog/SargeIntro_5	Nie licząc tych dwóch zdrajców, których mamy <color=#AB82FD>zamkniętych w pace</color>. Pocałują gwiazdy, jak się za nich weźmiemy.
Dialog/SargeIntro_6	Jaki zarzut?
Dialog/SargeIntro_7	Że nas wszystkich wystawili, żeby się zabrać Drifterem na gapę?
Dialog/SargeIntro_8	I wiesz to na pewno? Masz nagrania? Wideo? Audio?
Dialog/SargeIntro_9	Znasz ich. Dwa parszywe wieprze w jeszcze gorszym chlewie.
Dialog/SargeJailPals_1	Nie z tych, co narzekają na siedzenie w pace. Ale pod kluczem nie mogę pełnić służby.
Dialog/SargeJudgeArg_1	Sierżancie.
Dialog/SargeJudgeArg_2	Sędzio.
Dialog/SargeMamaPanicArg_1	Mówiłam, że jesteś bezużyteczny, ale się myliłam. Mogłabym złożyć w twoim tułowiu piętnaście tysięcy jaj.
Dialog/SargeMamaPanicArg_2	Kiedy tylko uznasz, że jesteś dość duża, „Pajęcza Roso”.
Dialog/SargeMistMinerArg_1	Mam dość obrywania w tych twoich „bum”, przyjacielu.
Dialog/SargeMistMinerArg_2	To uciekaj przed nimi! Jesteś cholernym KONIEM!
Dialog/SargePals_1	Rozproszenie to nic przyjemnego, ale pomaga ustalić, komu można ufać. Teraz wiem, że tobie można.
Dialog/SargePreachArg_1	Następnym razem, jak będziemy na dole? Nie potrzebuję twojego pomocnego szczekania, kiedy próbuję kogoś zabić. Omal przez ciebie nie zginąłem.
Dialog/SargePreachArg_2	Jak będziesz tak gadał, to przeze mnie możesz zginąć.
Dialog/SargeRespArg_1	Na twoim miejscu przyhamowałbym z tym tonem. 
Dialog/SargeRespArg_2	Wiem, gdzie śpisz, przyjacielu. 
Dialog/SargeSector_1	Co zrobimy z tymi <color=#AB82FD>dwoma zdrajcami w pace</color>?
Dialog/SargeSector_2	Ciągnąć ich za statkiem. Niech płyną przez gwiezdne morze. Albo rzucić ich Chaste'owi pod drzwi, mnie tam wszystko jedno.
Dialog/SargeSector_3	Ale dalej <color=#AB82FD>odzyskujemy resztę bandy</color>?
Dialog/SargeSector_4	Masz coś lepszego do roboty? Myślę, że to najmniej, co możemy zrobić, skoro teraz są martwi.
Dialog/SargeSector_5	Wstrzymajcie konie! Czy to <color=#AB82FD>pan Bum</color> na bańce?
Dialog/SargeSector_6	Stary głupek daleko nie zaszedł, co? Chyba trzeba zajechać i zgarnąć go po drodze. Jakbyśmy mieli mało roboty. 
Dialog/SargeSmokyArg_1	Smoky, powiem ci. Nigdy nie jadłem tak sycącego posiłku! No, poza kuchnią mamy. Świeć Panie nad jej duszą.
Dialog/SargeSmokyArg_2	TO CZEMU NIE WYKOPIESZ SWOJEJ STAREJ MAMUSI, TY NIEWDZIĘCZNY SKURWYSYNU
Dialog/SargeSpikeArg_1	Nie potrzebuję, żebyś liczył zabójstwa i robił przedstawienie, kiedy pracujemy na dole. Mam być pod wrażeniem?
Dialog/SargeSpikeArg_2	Powinieneś, synu, ale nie jesteś. I to nie świadczy o tobie dobrze.
Dialog/ShardsPickup_1	Te <color=#AB82FD>asy</color> rozdzielimy <color=#AB82FD>na Drifterze</color>.
Dialog/ShopArrive_1	Niech cię Bóg błogosławi, Drifter. Przywiózł nas do jednej z tych kryjówek ruchu oporu, <color=#AB82FD>Dziury w Murze</color>!
Dialog/ShopArrive_2	Szkoda, że <color=#AB82FD>nasz cramm nie przetrwa warpu</color>. Moglibyśmy z nimi pohandlować, zdobyć zapasy.
Dialog/ShopArrive_3	Ci ludzie mają cramm w dupie. Obchodzi ich tylko <color=#AB82FD>niesława</color>. Innymi słowy, ilu Karzycieli położyliście do piachu. Na szczęście to coś w rodzaju naszej specjalności. 
Dialog/SmokyAstronautArg_1	Och, nie „zjadłem” tej fasoli, którą mi przygotowałeś na planecie. Anihilowałem ją, a potem metabolicznie przeanalizowałem jej ładunek chemiczny i wziąłem, czego potrzebuję.
Dialog/SmokyAstronautArg_2	JAK DLA MNIE TO NIE ZJADŁEŚ TEJ FASOLI, ROZ
Dialog/SmokyGamblerArg_1	Powiedziałem tylko na planecie, że, no wiesz, może ta ostatnia porcja fasoli nie była tak dobra jak poprzednia!
Dialog/SmokyGamblerArg_2	TY CHOLERNY SKURWY
Dialog/SmokyHelix_1	No, mamy tę cenną <color=#AB82FD>helisę</color>. I co teraz?
Dialog/SmokyHelix_2	Chyba wsadzić ją do tamtej trumny?
Dialog/SmokyHopalongArg_1	Smoky, tym razem przeszedłeś samego siebie. Jesteś czarodziejem, na swój sposób – mistrzem kociołka.
Dialog/SmokyHopalongArg_1a	Ale na planecie zjadłem już trzy miski! Na samą myśl o podniesieniu łyżki do ust po jeszcze jeden kęs...
Dialog/SmokyHopalongArg_2	AHA, TAK TO WYGLĄDA
Dialog/SmokyInitArg_1	NIE JEŻDŻĘ Z NIKIM, KTO SIĘ MĄDRZY O MOJEJ CHOLERNEJ FASOLI.
Dialog/SmokyInitArg_2	WYGLĄDA NA TO, ŻE NIE CHCECIE JUŻ FASOLI. 
Dialog/SmokyIntro_1	Do cholery, znowu pora gotować żarcie?
Dialog/SmokyIntro_2	Owszem, Smoky – obawiam się, że straciliśmy cię na jakiś czas.
Dialog/SmokyIntro_3	Straciliście… znaczy, rozproszyłem się?
Dialog/SmokyIntro_4	„Rozproszyłeś się” jak prochy na wietrze. 
Dialog/SmokyIntro_5	Ostatnie, co pamiętam, to jak leżałem bez ruchu. I ten śpiew! Samotnie nie było. Jeśli tak wygląda umieranie, to poproszę dokładkę. 
Dialog/SmokyIntro_6	Nie bardzo rozumiem, jak to się stało. Ale dobrze cię mieć z powrotem, Smoky. I nie mówi tego tylko mój brzuch.
Dialog/SmokyIntro_9	Dość gadania. Ruszajmy, <color=#AB82FD>lecimy do Ostoi</color>, a najmłodszy, najgłupszy bachor Chaste'a depcze nam po piętach. 
Dialog/SmokyJailPals_1	To, co mówią o więziennym żarciu, to nieprawda. Okazuje się, że jest jeszcze gorzej.
Dialog/SmokyJudgeArg_1	Wiesz, Smoky, ta fasola, którą ugotowałeś na dole, przypomina mi całą michę, którą jadłem kiedyś w okolicach Pentady. 
Dialog/SmokyJudgeArg_2	Na jednym ze światów Redward mieli kucharza, nie wiem, czy to przez te papryczki, co je uprawiali, czy co... ale zjadłem chyba z pięć.
Dialog/SmokyJudgeArg_3	NIE CHCĘ SŁYSZEĆ NA TYM STATKU O NICZYJEJ INNEJ FASOLI, TAK MI DOPOMÓŻ
Dialog/SmokyMamaPanicArg_1	Ta uwaga, którą zrobiliśmy, gdy jeździliśmy razem – zasugerowałam jedynie, że „dieta oparta wyłącznie na fasoli” ma braki odżywcze.  
Dialog/SmokyMamaPanicArg_2	NO TO TERAZ SIĘ DOIGRAŁAŚ
Dialog/SmokyMistMinerArg_1	Nie gniewaj się, Smoky! To nie tak, że nie smakowała mi fasola, którą mi tam ugotowałeś, tylko że ja właściwie nie mam ust! Ani do jedzenia, ani do gadania!
Dialog/SmokyMistMinerArg_2	TO ŻADNA WYMÓWKA
Dialog/SmokyOut_1	Chyba trochę odpocznę, może nadrobię przygotowanie posiłków. Mówiłem wam, że potrzebuję jakiegoś pomocnika kucharza.
Dialog/SmokyOut_2	Nie wyobrażam sobie, żeby nam się udało bez ciebie.
Dialog/SmokyPals_1	Odkładam dla ciebie specjalny talerz fasoli, przyjacielu. Dostaje go każdy, kto mi pomoże, jak się rozproszę.
Dialog/SmokyPlanet_1	Chyba nie pozostaje nam nic innego, jak zejść na dół i <color=#AB82FD>znaleźć helisę starego Smoky'ego</color>. Tego chyba chce Drifter.
Dialog/SmokyPreachArg_1	Uwielbiałam twoją obozową kuchnię, panie Smoky. Tylko że fasola zawsze wydawała mi się raczej... no, takim dodatkiem...
Dialog/SmokyPreachArg_2	NO I ZNOWU SIĘ ZACZYNA.
Dialog/SmokyRespArg_1	TO SOBIE SAM GOTUJ, DO CHOLERY.
Dialog/SmokyRespArg_2	MAM NADZIEJĘ, ŻE TACY JAK TY NIE GŁODNIEJĄ.
Dialog/SmokySector_1	To <color=#AB82FD>nie wygląda na drogę do Ostoi</color>. Przynajmniej nie na żadną, o której słyszałem.
Dialog/SmokySector_2	Bańka pokazuje, że wyszliśmy w… czym, w <color=#AB82FD>sektorze Szadrak</color>?
Dialog/SmokySector_3	Szadrak? Czy to nie tu <color=#AB82FD>Smoky powiesił buty na kołku</color>? 
Dialog/SmokySector_4	Tu mu ktoś je powiesił. A <color=#AB82FD>jego helisa wciąż tu jest</color>. Drifter ją namierzył, sygnał jest silny. 
Dialog/SmokySector_5	Ale Smoky kopnął w kalendarz rok temu. Coś bardzo pikantnego jest w tych nowych światach na pograniczu. 
Dialog/SmokySector_6	A napęd warp jest zablokowany. Nigdzie indziej nie polecimy, póki nie zdobędziemy tego, czego chce Drifter, co? 
Dialog/SpikeAstronautArg_1	Uzależnienie od bimbru bywa poważne, wyniszczające. Rozważałeś, żeby po prostu... no wiesz. Nie pić bimbru? 
Dialog/SpikeAstronautArg_2	Nie przypominam sobie, żebym pytał o twoją świętą mądrość w tej sprawie.
Dialog/SpikeBillyArg_1	Nie wiem, czemu wiecznie musisz naskakiwać na człowieka z tymi złośliwymi przytykami i nieżyczliwymi twierdzeniami co do mojej sprawności w alkowie.
Dialog/SpikeBillyArg_2	Po prostu próbuję kończyć te rozmowy jak najszybciej.
Dialog/SpikeGamblerArg_1	Słyszałem, że twojego tatka nie było przy tym, jak dorastałeś... Aż się zastanawiam, co z niego masz w sobie.  
Dialog/SpikeGamblerArg_2	To, co cię przeżyje, staruszku.  
Dialog/SpikeHelixPlanet_1	O kurwa, ale będzie zabawa.
Dialog/SpikeHopalongArg_1	To, że jesteś wrednym, głupim, groźnym i bezmyślnym dzieciakiem, nie znaczy, że musimy się bić za każdym razem, jak schodzimy na dół.
Dialog/SpikeHopalongArg_2	O, no jak tak to ujmujesz...
Dialog/SpikeInitArg_1	Zaczynam się zastanawiać, czy Rosa i Casino w ogóle musieli nas wystawiać, skoro jesteś taki nieudolny z natury. 
Dialog/SpikeInitArg_2	Widziałem kiedyś klauna, wyglądał jak ty. Na pewno nie nosiłeś peruki zawodowo? 
Dialog/SpikeIntro_1	Och, czyż to nie śliczny obrazek? Staruszek Kaboom, przyzwoita panna Kaznodzieja i mały Billy kałamarnica przy ognisku.
Dialog/SpikeIntro_10	Zwierzaki to może i bestie, ale na swoich się nie rzucają. Może jednak <color=#AB82FD>czas, żebym znalazł tę farmę</color>.
Dialog/SpikeIntro_11	Myślę, że <color=#AB82FD>ja też dam sobie radę sam.</color> Mam nosa do cramm. No, nie nosa jako takiego. Ale mnóstwo ludzi chętnie zapłaci najlepszemu górnikowi w tym ramieniu. Drifter, jeśli możesz…
Dialog/SpikeIntro_12	Przeprowadziłem szybką symulację, kiedy wydawaliście te wszystkie dźwięki ustami. Wynika z niej, że <color=#AB82FD>wrzucenie tych dwóch palantów do paki</color> to optymalny scenariusz.
Dialog/SpikeIntro_13	Myślę, że wszyscy się na to piszemy. I nie myślcie, że wyciągniecie broń szybciej ode mnie, zdrajcy.
Dialog/SpikeIntro_14	Przyjaciele, to nie w porządku. Liczę, że już niedługo wszyscy przejrzycie na oczy. To druga szansa. Mamy okazję, żeby…
Dialog/SpikeIntro_15	Teraz pan będzie nas prowadził, panie Ros? Szacunek pan ma. I tę błyszczącą spluwę.
Dialog/SpikeIntro_16	Nie chcecie widzieć wyników tej symulacji. Jest w nich dużo ognia. <color=#AB82FD>Czas poszukać towarzyszy o wyższym średnim IQ.</color>
Dialog/SpikeIntro_17	Towarzystwo się przyda, Roswell?
Dialog/SpikeIntro_18	<color=#AB82FD>Możesz mi towarzyszyć.</color> Ale nie doszukuj się w tym niczego.
Dialog/SpikeIntro_19	Co, wy przyczepki nie słyszeliście nowin? <color=#AB82FD>Cała banda to kłamstwo.</color> Ze zdradą na przystawkę.
Dialog/SpikeIntro_2	A tymczasem u szczytu stołu pajęczyca snuje swoje sieci, no nie, a krupier liczy dukaty: <color=#AB82FD>dwóch Judaszów wpisało nas wszystkich do księgi zmarłych</color>.
Dialog/SpikeIntro_20	Uznałem, że moja... moja broń może wam się jeszcze przydać.
Dialog/SpikeIntro_21	Ja tylko… ja tylko chcę kogoś nakarmić. 
Dialog/SpikeIntro_3	Na moją listę kartek na Gwiazdkę Cruxa nie trafili. Ale lepiej, żebyś miał czym poprzeć tych Judaszów.
Dialog/SpikeIntro_4	<color=#AB82FD>Zauważyliście, że oni nie umarli, a cała reszta tak?</color> A to, że odjechali i zostawili mnie samego, żeby Francisco mnie zaszlachtowała?
Dialog/SpikeIntro_5	Wstrzymaj konie. <color=#AB82FD>Jaki mieliby motyw</color>, żeby wystawić własną bandę?
Dialog/SpikeIntro_6	Wszystko muszę wam, matołom, tłumaczyć? Słyszeliście kiedyś powiedzenie „w wysłuchanej modlitwie Drifter jest przy bitwie”? 
Dialog/SpikeIntro_6a	Kiedy Chaste nas zaganiał, ci dwoje uknuli plan: wykorzystać nasze śmiertelne niebezpieczeństwo jako sygnał, żeby samemu się zabrać do Ostoi.
Dialog/SpikeIntro_7	No i dobrze to wymyślili, tylko że Chaste i jego smarkacze musieli przedtem przejść po jedenaściorgu z nas. I oni też by swoje dostali, gdyby Drifter nie był statkiem słownym.
Dialog/SpikeIntro_7a	Mówisz, że <color=#AB82FD>panna Rosa i Doc… wpakowali bandę w kłopoty tylko po to, żeby Drifter zwrócił na nich uwagę?</color>
Dialog/SpikeIntro_8	Czy możemy się bronić przed tym oszczerstwem?
Dialog/SpikeIntro_8a	Nie wiem, Roso. Może od tego zabicia coś mi się porobiło ze słuchem. 
Dialog/SpikeIntro_9	Możecie to zrobić, jak wyjdę. Dość się nasłuchałem. <color=#AB82FD>Wysadź mnie na pierwszej kuli błota, Drifter.</color>
Dialog/SpikeJailPals_1	Nie przepadam za kiciem. Nie wyglądało też, żeby kicie przepadało za Spikiem.
Dialog/SpikeJudgeArg_1	Wiesz, że już nie jesteś Prawem, nie? Nie jesteś lepszy od reszty z nas.
Dialog/SpikeJudgeArg_2	Ale jestem lepszy od ciebie. Musi mi to wystarczyć.  
Dialog/SpikeMamaPanicArg_1	Widać wyraźnie, że potrzebujesz dyscypliny. Na kilku odrębnych osiach.
Dialog/SpikeMamaPanicArg_2	Już mam mamę, Robaczyco. I dzięki Jorge Cruxowi nie jest ani trochę podobna do ciebie.
Dialog/SpikeMistMinerArg_1	Spike, wiem, że z ciebie złożona postać przez tych twoich rodziców. Widziałem, jak się tam gryziesz. Więc jakbyś kiedyś potrzebował życzliwego ucha...
Dialog/SpikeMistMinerArg_2	Nie potrzebuję. 
Dialog/SpikePals_1	Porządnie się spisaliście, że mnie tam znaleźliście, stary. Nie zapomnę tego.
Dialog/SpikePreachArg_1	Chyba trochę o tobie wiem. I chyba wiesz coś o tym, jak to jest mieć tatka, który może nie zawsze...
Dialog/SpikePreachArg_2	Ani słowa więcej, do cholery.
Dialog/SpikeRespArg_1	Kapuję, stary. Mogę się z tego nie pozbierać. Albo ty się nie pozbierasz. 
Dialog/SpikeRespArg_2	Doprawdy. No to moje diamentowe oczy płaczą kryształowymi łzami. 
Dialog/SpikeSector_1	Hej, Doc, nie ciągnij jeszcze za dźwignię warpu. <color=#AB82FD>Nie wykopaliśmy jeszcze Spike'a!</color>
Dialog/SpikeSector_2	Dzięki, że pomagasz takiemu staremu imbrykowi jak ja, Bum. Mówią, że te efektory po czasie już nie są takie efektywne.
Dialog/SpikeSector_3	Ale skoro o tym mowa… chyba bez niego idzie nam całkiem nieźle. Takie tam trzy grosze od starego zegara szafkowego jak ja.
Dialog/SpikeSector_4	Zgadzam się.
Dialog/SpikeSector_5	No jasne, że się zgadzasz. Z Dokiem jesteście jak dwa złodzieje. I mówi to złodziej, żeby nie było.
Dialog/SpikeSector_6	Drifter zawsze miał do nich słabość. Więc <color=#AB82FD>wykopujemy go</color>. 
Dialog/SpikeSmokyArg_1	Pozwól, że ci nałożę, młody. Gwarantuję, że te pożywne cudeńka wywołają uśmiech na tej twojej skwaszonej gębie.
Dialog/SpikeSmokyArg_2	Eh, jadałem lepsze.
Dialog/Swapping_1	Nasz <color=#AB82FD>promień przebicia</color> nie ma dość przepustowości na chłopa – wybacz, panno Roso, nie moje słowo – żebyśmy oboje bili się z tymi chłopakami bez przerwy, nie przy tych nowych <color=#AB82FD>ogrodzeniach</color> Chaste'a. 
Dialog/Swapping_2	To będziemy się <color=#AB82FD>zmieniać</color>.
