491a76316eec33b4e9c7f3455ef790c5	Kto projektuje ten budynek? To nie ma sensu!
a3e54937e2684c741bf0844bcd61aa8a	Ktoś ukradł projekty...
b4381cb754a24274998c92a380ec42d6	Więc stawiamy pokoje gdzie popadnie.
e6d23279375934945bd944fe2d8ea2a2	Jest całkowicie bezpiecznie.
1311839251790ea4da50e8abf1b7b499	Ten Minister Zbrodni podoba mi się coraz bardziej!
2ba992623d056db48a99de380df6c0d3	Ma twarz, której nie można ufać...
f9cf850afce745f458501c339d154577	Cenię to u polityka.
bbb80e9f3cf203045919446bfa086997	Nie jestem pewien co do tego gościa...
eece398293edea442b3d17cdace2c144	Coś mi tu nie gra...
3ecedcf04e22f424ba4abb1aaf4e295c	Czy on w ogóle ma kartotekę?
cb8bfc3f1af36254fbe48745ddedbb47	Ceremonia inicjacji w Gangu Przemocy to nie przelewki.
a56a56c35ddd0ef4cafb229dc417e367	Ale nie ma dźgania bez dźgniętego.
8e54c087a387b344ab2e3273c184570d	Świetnie ci idzie!
999d848ffa1f429489ca991708d9b1b3	Najlepsza ofiara dzisiejszego dnia!
2653f99476a989e449740c60638a523b	Wychodzisz z Bayview Heights?
33867e4935743c74bb46a9ba3a512f38	Co tam się, do cholery, stało?
e20ed1393b880d74fa342219e7213e40	Słyszałem strzały i wrzaski...
cff781a9c046314478967ba2fcba6fca	Ale ci zazdroszczę!
131143651006fd84e863147c4ef51a58	Nie mam zbyt wielu przyjaciół.
007671cc4fcd42f4bbbc548d9586af23	Ale i tak lubię ćwiczyć.
04c75f02343ed044f9d8a6ba8d908114	Jak sprawić, żeby dziewczyna mnie zauważyła?
5461f0779e5ef9841b606f9291b126d5	Próbowałem podpalenia, wandalizmu ORAZ kradzieży.
13b5fc4fc42649440b50e76a97c2f2ce	Gang Przemocy rządzi na tych ulicach.
4ba86716839f6b843950fafb96d93871	A Gangiem Przemocy rządzi Glut Glina.
bfb4b94254dae384bbe72a1068e90456	To mój bohater!
0630d0457e8c5e84f863a4ead7212b2d	Ale on przystojny!
591e998072885de4e848e6859aa10cc4	Ja wolę jego partnera, Worka Glinę.
40ebdddd71d54cc4d911069f4f3d8715	Co za ciacho!
5cf4a7ac631536944b066c4cc94396b5	PUK PUK!
3e23ec682c2db7c4a9d3c09eb3a5ff20	NIE SŁYSZĘ TAM ŻADNEJ PRZESTĘPCZOŚCI!
baeb6286f1cea2a4da2273b69e397175	Te ceny to rozbój w biały dzień!
cb0d76d069016144a94f51a64f75580b	Jestem za wymuszeniami, ale to już przesada...
a58b9ea5b77869d4fb8b7444717379bc	Na szczęście jestem też za kradzieżą w sklepie!
cef614bcb72d12249a37c3a6f377a443	Ciężko uczciwie zarobić w Zasranym Mieście.
8e33c61ab32ca7c488841810df57a185	Musiałem ukraść te hot dogi starszej pani.
eae28b07d79ac5142b6eaa9660c5bf39	Jestem twoją matką, idioto!
a760e8e6bfd0d384a8c8a33badebba1d	Natychmiast to oddawaj!
12551e044c949714e9528b0c7a9ca6db	...
5ff5723d229ff9841bd1bb8307ecaaf2	Spadaj stąd!
c84164863d5ac234d9229c144ab9979c	Wydasz mnie!
4d199b4292796484d9975cfc065b229c	Nie przeszkadzaj. Podziwiam widok...
a95058a8d739faf4dbc06d07ac86d8d7	Napady są piękne o tej porze nocy.
6c88530c6a7d8854abb561839c9a62a2	gugu...
94efc34df98dd1048a1e0dc02c86227f	gaga...
2c98236f5343361448abfc98effe0e2b	Dawaj portfel.
2e2ddb9618f2f4a4c893938cc43d4244	Wszyscy mówią, że moje gotowanie śmierdzi.
d7109927508898a40ad6080e3aae7761	Nie wiem czemu.
95fecbac5c972db4c924b16efbf4e4b1	W naszej szafie mieszka jakiś dziwak.
5df400545f78e3b40b549e8a7f206b5f	Nawet nam nic nie kradnie.
701a0a3c81e6cb446ba1fecd5d07337e	Co za świr!
e8baf23bfaae31a41a521ded12ee8b8a	Uwielbiam ten program!
eb3d92afd907ce84985873cb5302ba80	Tak bardzo się z tym utożsamiam.
ef8b5a0b75a9a8247bc7a286f69ad96d	Minister Zbrodni naprawdę zna się na rzeczy.
2cb852f56d356aa4584e9d3ac023dd6f	To przyszłość przestępczości w Zasranym Mieście.
5422f30a24bcc3843b6d4980e8e6f08b	Mieszkam w tej szafie od pół roku.
27ad0279ce632c241b05780f41556f13	Nie mają pojęcia, że tu jestem!
8ab961158e8d72249985e43efd4d46ca	Glock Junior!
9a6d1d80ec6906c4982107e0ca5ce820	Pora do łóżka!
19699fc7f6a07d14a85627e7b72cdf23	...
3c4ef311d21eed444984ce11c84b8496	Tak szybko rosną...
1633accd3a592ec4e80f0b88b956e750	Ej, koleś, czekaj na swoją kolej!
9223c6ce2551b0f439bd2e5cb7b8dfb5	To jedyny kibel na tym piętrze.
e4fcc5eef26f8cd45ae9fd4c0513d505	A na górze jest ich sześćdziesiąt siedem.
0ff152f908d301548933ca3381bc8313	Sorki, ludzie...
773b5d4712a00bc4fa49e83edacc6186	Jadłem to, co ugotował gość od sera.
7570010e6214ecb4b89025939689c441	Glut Glina trzęsie całym budynkiem, kiedy przelatuje.
2ed35edf50941e743a708aedc0dd5608	Urządza imprezę na dachu.
c2e3d0bc08caab345af05b50616d5fc1	Chciałabym iść, ale boję się wysokości...
bbfafa8eece275543bbc1077d0ec4316	i helikopterów...
e9fb3a8e17c03bc4e8a88797cbeb8d3b	i imprez.
15c2afeb837c8b842bb1c73383076915	Witaj w domu! Gotowy na wieczór filmowy?
8b44290d899dbd247a600ab19b520be2	Wybrałam coś wyjątkowego!
276be4853451be44189e9fab58f07fd4	...
4827e64ac9df5b84bbdf8a366876b099	O! Zdobyłeś ostatnią parę Preemo?
0e11cf78fb4fbd2499b82d37018f554c	Ekstra!
00c496faa4e360e49a26967cda279631	Nie mogę się doczekać, aż staną w pokoju z resztą kolekcji!
8e298cd589d274d4baa21fede9755b57	Wszystkie cztery pary Preemo!
0ea5fc144c3ccc5428696a18a82a630a	Twoja kolekcja jest kompletna!
cfb51036a18981f429c18b1238c31190	Tak się cieszę!
de000c7a67a2a884aa4ac0dd229630fc	...
800d7637fa3dc65459626f30a620c074	Co?
24cf0facdbbe8614f96cae78d1a2c881	Anger Foot!
4930bdd76bd08fc4aab656e1e95f0dc0	Te buty należą teraz do Gangu Przemocy!
eee8faaf50449304aa2cc3b0b0d12637	Nigdy ich nie poczujesz na stopach!
39d74b01b22c847418e8de81411662e0	Glut Glina!
dbc8312f849f2f046b39eebf70216485	Zabiera twoje Preemo do centrum!
2970d45a2a2e6854791fccbcf0997f8c	Musimy je odzyskać!
0152760d72f1da948a9192f23be1620a	Przeszukamy bloki Gangu Przemocy i znajdziemy jego kryjówkę.
f9dcc12c111eece4a85721a2b0fa5f2c	Wieczór filmowy odwołany. Ruszamy!
f19bac807e57bf846a844b0f11f492c4	Hej, Anger Foot! Co masz w pudle?
7aa69d9f5801d5c49b20abbae32db995	Kolejne buty?
bf5e9e948dbe1cb4dae86e6d7a02f515	Twoja kolekcja jeszcze za mała?
95046bd28e2fc304489c9f4130f83b8b	Idź już na górę.
eb10207207b0de447b8b97ffdeaca3ed	Próbuję spać.
9da8f18a3b462ca439bfd3749d1f6b17	Na drugi etat kradnę koty.
57c0345ff4ad1d346b6838c19189f867	Muszę być wyspana.
7503d274b0a67c8489baaa14d3a651a1	Koty są bardzo śliskie.
31d4d9deb65ec4945b8f85162ff035e5	Jestem taki...
010a63ddc02691b4690200e67412cf04	Taki...
3cabe2d1ccbbc5741b4060ea5b52f564	Zmęczony.
e5587494d7917cd4bac01aec7a4c4deb	Mój współlokator to koszmar.
b233f3d30f9ccfc459719925ab35f708	Zostaw mnie w spokoju.
e534ceaa57478734eba1cbcdb9a211d4	Dumam ponuro.
b7c1bc9b947dda544982e225bb32d9f9	Idziesz walczyć z Glutem Gliną?
120dd3e107b074542882aaed7b711254	Mogę dostać twoje buty, jak zginiesz?
0c4fd47180853d64088348a3f96de9ed	PRÓBUJĘ ROZKRĘCIĆ KARIERĘ MUZYCZNĄ!
0609de2da4c5bca4d8d07c20055bcb89	POTRZEBUJĘ TYLKO FAJNEJ KSYWY DJ-A.
a60e62b91f22a924e90292bc4b41f835	MYŚLĘ...
a434aa120c7da024d9b9509015de4bf3	DJ BASOŻERCA!
bbce0d7b0a56bd04aa0d1ee2032d9cba	CO SĄDZISZ?
c490c8c62d424624f995316685824d18	Ostatnio, jak szłam tymi schodami, obrabowali mnie!
942fee5a74eda064398d8e59dc01e1ac	...
fa97d245fb01da84cbe3335b01dc41eb	Ostatnio, jak szłam tymi schodami...
8136309107627364c8f8ccc8e9aea98f	To ja kogoś obrabowałam!
1cebd895e74f8a142b91de7999014918	Wygląda, jakbym obrabowała bank.
c46d08d958485204997e3afe37dc5ffd	A tak naprawdę naprawiam drzwi.
a1027bb04e2b6b74d9819b74699420fa	Nie! Błagam!
63eddd2589618cd408b2341161be2ec6	Mam po co żyć!
d818a05e1c2758a44a83c2e38f756c9b	Mam jeszcze tyle przestępstw do popełnienia!
4d1435fdc2b78f14c9edb797b5117cdf	No i dopiero co ukradłem nowy telewizor!
58c5deba4e1f76948b4ae9debe922bc5	To był MÓJ telewizor!
b8db64571af50784186978ccd85283d2	Czasem myślę, żeby skoczyć.
2b6cb43b70f8eb047a035e2df334e478	Ale wtedy sobie przypominam...
86bf80c1dc72dfb408c1aa804d884fdd	że nie umiem pływać.
a57dd012f86f7b34ba7dc5588cbdb813	Jestem teraz w pracy.
ec95f267205f96a4c932ec93d7566dfb	Moim zadaniem jest powstrzymywać włóczęgostwo...
0a0e7c0a893cfe845a18a967bf2e0a76	...przed niewystępowaniem.
765a50697c6d5e84a974499b41e4c01e	Wypiłem sporo Brew Force.
d0f5fcc5eb2574a4596d448470a3efaa	Stoję tu od dwóch godzin...
535668732ab8f094f9e4c0cdf98c10e6	Powinienem się martwić?
c42fff90247d0cb48b43c127993d5690	Tak naprawdę nie umiem czytać.
7c738e1f90b17ae47a6df58527e64ed5	Ale i tak próbuję!
c92e30c0d933c1f44922f2b33cabeda2	Zasrane Miasto nie słynie z systemu edukacji.
a0d7d3d425a755d42b09455296747890	Próbuję spać.
777cc8fdf60f48140952e9008d262f73	Ale ten glina jest strasznie dziwny.
6238f4ac52e4bc2449b4df0034514426	Po prostu stoi. Nic nie robi.
759a5e4b8689fc941bd72c56f28303c0	Witamy na klatce schodowej.
bd2df4e25cddd434e9b16d981a0f3942	Jesteśmy miejscowymi rabusiami.
9c30de590493412409f8880fad53c360	Zapewniamy doskonałą obsługę w przystępnych cenach!
c0cc0a6cd81d65542bec6a9a6b153ef4	Ten kibel to dramat.
9b35ff821d71cd9469cafeea9b688b7e	Zawsze zapchany.
1fd8bbccaa0a68c47bc3e51e23e367e7	Nieeeeeeeeeee!
b405ac4283f1f544eb8a5c62fe95a1e1	Nie odchodź, Worku Glino!
e8ec9229fe66af5479a27fca7c93c940	Mieliśmy przed sobą całe życie!
ef495cb5f58d3e343a32ed4cd9ff9012	Gang Przemocy zawiódł.
dc22e12f32fa089468d74d1683b412da	Ale Gangu Smrodu tak łatwo się nie powstrzyma!
9d7205beb6d6a1849aa3460434f18e2d	Ty i twoje cenne buty utoniecie w mazi!
895e9b0208b4c8d4c91e5fc475e9e17c	Ohyda!
7203afd202929d04a8c3b2eea25112c5	Co to BYŁO za coś?
ad708dceef288ed4ab67ad04ca492bcf	I gdzie są pozostałe Preemo?
f0656e0b566fc384fa39c13af15a1351	Cuchnie mi to Gangiem Smrodu.
e96cc678b3c308649bbec7d3694a74d7	Zaczynam się wkurzać...
a1db838e320e6334faba62b3bb261f4d	Miał być wieczór filmowy!
01cb6efaee850d643a80f267a12bcf08	Odbierzmy je szybko!
5d0e6cf237bae8e4ca9055c9756d5e4e	Mam cię dość, Anger Foot!
9a0cfc4e47b226a48bd9fdf193801d33	Gang Przemocy zrobi to, co umie najlepiej...
4e07294aa9164784e891dcadd55942c2	Przemoc!
9821569f596665d4e9983086cf42c1c5	Przyszedłeś po Preemo?
520f11caa1a6d7744a5838074ef1b0ab	Uuurgh... za późno.
6479c653a2dc4f14699e90ce6d83c3b2	Gang Przemocy wyczyścił mi sklep.
4cd85b07fea24df4591edb880a469e12	Jak chcesz te buty, musisz je sobie odebrać.
23ffc2c7745ed4044bd66908da94c264	Te bloki zostały przejęte przez Gang Przemocy.
5ed6dfbadd6ad7845a727e4b7df6011a	Zakaz odwiedzin!
a1837daaa75905d42ab50af9b38e3bdf	STÓJ!
971df7780b420454f892204e7b80a294	Tylko mnie nie kop!
0df42ddc0e710614f9b5148520e4d49f	Bierz te buty!
80114e789b29dc0498fcf24e5618af38	Wiedziałem, że przyjdziesz...
0c82e071c0fc9d147a91fd940baa9d87	Spójrz na nich tam, w dole...
0733c242d55264846b8fff2394fd2342	Biegają jak szczury. Walczą o resztki swoich żałosnych gangów.
8a3c6ebf5f9f6454c8f06fe08c0d36b5	Muszę ci podziękować, Anger Foot.
e3ef1dac87c22a046a5a872ca4961be3	Wykonałeś mój plan idealnie.
4b9957c2da1e8d047bbd6f8e8c44ed4a	To ja kazałem ukraść twoje buty!
dfd2dbe3ae235d74fa789bd819967e9c	To byłem ja!
0258efc8578953c428725c27b57a0cb6	...
5290683a9c34e5e42b1815cdf604a23f	Wiedziałem, że ruszysz za nimi.
61d7dc949e6134944aeb8eb423176f8e	Wiedziałem, że pokonasz szefów gangów.
31875e946fe35ba4c8e7efcf15085147	Taki był mój plan od samego początku!
d9d8ed48fabe6714aae5fb7a34cf0078	Pomogłeś temu miastu, Anger Foot.
aaee163a1afe4d74383904ce479e0461	Z największymi gangami w gruzach utorowałeś drogę dla...
122e6a06906962c4f8fe0738f3454ee6	MIŁEGO MIASTA!
467a36f02fe572b429fd325cc962e25a	Wyobraź to sobie!
45a5db19b6d6af941bcd100c82d4c026	Koniec z przemocą, smrodem, oszustwami i rozpustą!
c459d20ff31f621409e177abf4771838	Koniec z PRZESTĘPCZOŚCIĄ!
b43e6434d5926dc45a1396823ba70878	Położyłeś fundament pod czystsze, bezpieczniejsze, MILSZE miasto.
587cbd469b51e834ca476052a559c4f7	Ale potrzebuję twojej pomocy...
49543c3762a0c67408fc90fe0adf5b96	Z twoją siłą wyplenimy przestępczość NA ZAWSZE!
90ed446a60c18684f82b03e13a4138b6	No to co powiesz?
e7c104675b503fa40b9facaeef9af752	Przyłącz się do mnie!
a6a4aabb78d679440af62d8a1ac4f03b	Udowodnij swoje oddanie!
3bb9be75ce1bec446af7aab9c08b7701	Kopnij te luksusowe buty prosto w ogień!
38eeb8f0a59340e4a95667eb61e7c58e	Porzuć swoją obsesję i pokochaj Miłe Miasto!
8f839d9f1007d0543be7bb8daf46a03c	Nie mogę się doczekać współpracy, Anger Foot.
26eae8a523c4d6944972f098f0fae2eb	Pachnie serem i boczkiem...
6cc429eecc2217c4aa24dd614aca8bb0	Im głębiej, tym mocniej.
00c8aa0160080214bb9c1366ecfe5e89	Na samym dole musi być coś bardzo serowego.
62346f2883b29f84dac160609b9ce011	Co tam jest na dole?
dd3bbaa5b584ac74ab8d95f665282f1b	Kto projektuje takie miejsca?
a9b6b3568e8536140b88911a736b5456	To spisek...
9ceb1e1a8251fda438a4b4d00b0cca67	Za wszystkim stoi Wielka Otchłań.
da80016f0fc35eb4e8bc7b9c4b893509	Czekam na panie!
a852184363f33fe479931f62eb9918a1	...
c37cadf8a5d91334c8be0bd7116e8b74	Zaraz tu będą...
6ab660e2c0b8680469113ff94d659d55	...
013477c82cb3f1144bdaabe24bda91be	Lada moment...
30848f19fa7a2f84ca248c8f34e390bc	Uwielbiam ten utwór!
b71fdba11a407de469035b93d4ab969c	CO?!
883374658c9ac1f40b433f7f6eb4b92e	UWIELBIAM TEN UTWÓR!
42c635f756cdf094a84a408bfdaad426	JA TEŻ UWIELBIAM TEN TOWAR!
34fec63d16853fc42ac6a99aab0a6a10	RĘCE DO GÓRY!
ba1c351631e7885428f1b390fbe782b2	DAWAJ PORTFEL!
30cb21fa44df39b428544f4c64e55ade	Ups. Zły gang.
f3db2b7364b687249b8f8b5b8149c9dc	RĘCE DO GÓRY!
68a0e7cd6de5f194e8a5d3f48e43b5d7	SINGIELKI!
77340cfcde2e82c4aa78adaec6b924e2	Wszystkich przede mną odprawili.
12e5c6c5fe82e444fa807b3453632449	To najlepszy klub na świecie!
a399910d716c7e440bb160c3d7af3a3c	Wpuszczają tu tylko najbardziej czadowych gangsterów.
cda124de76b1a9a46b7303307decd862	Umyłem zęby ORAZ ogoliłem palce u stóp!
f8240cca3f6fc5147bae64057bfd42e6	Podobno dress code to wyłącznie sneakersy.
d58fa1271ad120b42963d754e97aa488	Właśnie dlatego wstąpiłem do Gangu Rozpusty!
96dfad440c110534a917f164168ec45c	Zasady są bardzo surowe.
f555ebf55ad84054688e38d95a29ea6d	Ale nikt ich nie zna.
c73bee31a9014d04e98b44f1642d0eab	Podobno trzeba mieć fioletowy dres z golfem.
87144da3783cfd54bb3f8d59632235f9	Dlatego są takie popularne.
ad3559a6ad28e104f997857f7737c4f2	To najbardziej ekskluzywny klub w całym Gangu Rozpusty.
7a73c23d1753ae24592302a120f64a14	Nie mogę się doczekać, aż wejdę!
71c8906d5ad40c54da3480cb8ac96fb0	DOŁĄCZ DO KRĘGU
7a48f3703f9a7454b823b5fdd5cc15e6	TAŃCZ Z NAMI
c91c715802b52244f9970c8be25e580f	JESTEŚMY GANGIEM ROZPUSTY
0d804138bf539a447b3820788fcd88f7	TAŃCZ Z NAMI
8e111b41ce116614999626c40d20b810	NIE JESTEŚMY SEKTĄ
aad70d42bed5e9c4db09c6bf60d6ef5a	TAŃCZ Z NAMI
2029260c12030264f80dcbfa6d3f3ad7	Nie wyjdę, dopóki nie zobaczę każdej tancerki.
47ef28e8c64a44c498410381ee98def0	Myślisz, że wpuszczę cię w CZYMŚ TAKIM?
130dd8e8821ac4b4a8dff76137fcb2ca	WE WTOREK?
4c1a799a7387a984e8866575ea72037c	Musi ich tam na dole być mnóstwo.
ab7f447a10546584bb54f2e2ab8fc20d	Na pewno zaraz coś weźmie.
950e6ccd1647f0a4fae8a995831f6c28	Mmmff... mmmff...
ea911d81803ad074983cc785e0bf1605	Mmmmff!
a2149e07c04fdd4428bae3745aabfd62	Mmm... mmmff?
279d0a8be51ceae46aa51e0a65701ff9	Witaj w Klubie Rozkosz.
9d83f6653be99544ebb35505875823b9	Drugi najbardziej ekskluzywny klub na tym piętrze.
c0e8a5888b582aa48b8f788dcd2e3abc	Chcesz spróbować mojego eksperymentalnego drinka?
0007b6bf94445f440b02d3f3847a64f1	ZWROTÓW NIE MA.
6b40b0bd0b5da1a4db37af7fc637b693	To mój ulubiony drink.
20dd01ef302e0234bbdbd12fdad57da3	Margherita.
e02f5dd2fb2cace4cb17727710bb9c08	Jesteś już na górze?
c738479bc5f6e4e4f9721364e4cac854	Podnieś mnie wyżej!
e37a9c3cc2e278741b84ac7a1173e4ca	Już prawie!
2e29b7ab5f11cf049bebd20411376cd6	Jak to działa?
477b7093580e88341811bb70e0d4ce94	Chcę spróbować, ale się boję.
9d8f407f6d0216243a74107bb6fd25f3	Wstąpiłem do Gangu Rozpusty...
6aa4d0a438b31aa4ea596c9347a2ce35	Ale jestem za nieśmiały.
3a279c13abfdb2b43a2861318444a8c2	Po prostu popatrzę.
eb7add92967cc2144b6050074ec16568	...
61c7d4787c80ebe4cb8dee30f7bfab43	Myślisz, że mnie zauważył?
c4f81a1700e405f489edd0763fc9c1f8	...
f4105fc2079c71849909af8287b977bd	Jestem kobietą lubiącą zabawę. Lubię wino i kocham swojego kota.
2472a8e8bfdbef943a41b30faa9f2faa	...
e4f65f919b515fc49bdfa0c5bcdecb0c	Haha. Szaleństwo.
b2fd1cfe5a5145f4a8645bef2983227c	Ja też lubię zabawę.
8e6ca5141f5b5ab4d922befc628192c1	...
ee7b2ddf41dd7c84cb8f91e8b3048707	Ciekawa ostatnio pogoda. Cieplej niż zwykle?
6a134fec00f317649b436d3746b12c38	...
d1403e0476c7f9a4d8d8f20695e5dad6	Tak.
e98c139444b5c9348b9e53d1e3244b3a	Zaplątałam nogi.
19959cdaff993a24d9057e79f81e8a11	Zadzwonisz po Gang Straży Pożarnej?
c9314215be157b742a5b68bc777d7762	Nie dałabym się zobaczyć na czymś tak mainstreamowym jak impreza w kotłowni.
b46f718758ef728448e040444c8a96bb	Podobno Pizza Świnia ma tajną jaskinię imprezową pod Zasranym Miastem.
51a2d62efa16c6c48b5fa0c982a28257	Bardziej undergroundowo już się nie da.
b50f2af1e6644114ab9c0c48eeff8275	Ludzie myślą, że bycie DJ-em jest łatwe.
93bbd94e57262a14aa7cadbadb111152	A to trudniejsze, niż wygląda.
d73618c45ec1b8d45aac648a48f85a8e	Zasięg radia jest tu fatalny.
fe9fc9c108696d44ab9dea0d7ab89785	Jak ty się tu dostałeś?
ca2d92bfb9b6c2049b79fad4ce10cec1	Nie miałem klienta od lat.
7fd112f32fcaea2479378baf8bd0bc7c	Za ostro zaimprezowałem...
5a7be144612f55b4d82932429c5bc8d5	Staram się żyć według nauk Gangu Rozpusty.
57bca844cdef3e34ab205a99282eaa0c	Ale dziś ofiarą są moje jelita.
17bc87d6b2796424a9cf08c9794e4eb6	...
8b9f24ed2849d004db63038a366b0d26	Moje jelita i ten kibel.
d8b61b95d15ff5e49be7f3e7f5860af7	Wszyscy czadowi wiedzą, że prawdziwa impreza jest w kotłowni.
a5f2e319221ceac4ea3a21d68f0970a5	Nie jesteśmy jeszcze wystarczająco czadowi.
5b1e33ac2182de5469264754e67aec43	Podnoszę sobie poziom czadu, włócząc się bez celu.
8e62079316b45414ea107f03ba1c90e6	Jak nie zadziała, spróbuję vapowania.
b0d5c722678630548ae54c7e63ba36de	A na koniec...
6ac9e63b93e4a174a81723cbe4b831db	Jedno i drugie naraz.
304921d5a4b4eb94988d4bdf9977c3ec	Ale nuda!
0f6e73975d73e3548a5c8d0f58ec7bca	Przyszłam tylko na herbatę i ciastka.
a11ed0dc0b1a1ca4b91bf3d1862103f5	I pizzę.
c5a9e761190695547a6331a28b7f57d3	Bracie mój w serze...
52436049a7fe39042b3c63d008061ee8	Razem narodzimy się na nowo.
e49e91749d605294cb4ea7931a3377fb	Nie ma nic lepszego niż wrząca kąpiel w serze.
374641a0f128969439328a80db417d7e	*POTWORNY DŹWIĘK SKWIERCZENIA*
172e49a75e627c74194ad26925b06562	Niektórzy nie wierzą w ser.
e79681112217f2b4897eb605c17a7820	A ja myślę, że jest prawdziwy.
b889764ad35a1b04c8d1761f3a236a9f	Wypuszczam swoje demony.
d4945d7cbf7643a4aaad8dc7b255dde3	Wybacz mi, tatuśku...
6f8a3cff5a697384ca29c97140b7964b	Bo nie zgrzeszyłem.
2b9708a9565ff9b41b213fdc7f93d2fd	ABRAKADABRA!
f38ca359b94371e4da1601e136ecbaee	Wszystko wybaczone, synu.
4d30b7bb4d1052a40993990f1721a710	Po uiszczeniu opłaty za wybaczenie.
6964d930afc40bf4585cf544fd7f6f01	I podatek od wybaczenia.
aefdb7e56f9dadd45a1424d48b4e43aa	Płacąc kartą, dostajesz dziesięć procent zniżki na kolejne wybaczenie.
b289eea0050dcdb40b4a1add8263d5a0	Obowiązuje regulamin.
dc9f301bd209f7446b2bbdc4db16cc0c	Śmiało, nadepnij na mnie.
3cdb3f48feacbf84eb8443d5aba74c21	Po to tu jestem.
7ca9a141eed1e364dadcc946302b697f	Przed Gangiem Rozpusty byłem hedonistą bez celu.
150c3bf569a76da4eb1b58c4a6c66a7b	Teraz jestem hedonistą z planem.
05399ab010de9304ba47072622d93dda	CHRUM!
7dd0016b6dd5c99449d1dfcb91ceabf1	CHRUM! CHRUM!
f0c42e0630c556540b11d3d3e1379dcc	CHRUM! CHRUM! CHRUM!
18118af68150e2e4a8f341a2b60569bc	Amen.
e75d3c0e2f07aa844a462b77940d578b	Chwała Pizza Świni!
5570465eadfff8742b8457ef18e0c2e0	Albowiem wskazał nam drogę!
a4d1191871fe8854d802a35a3411aa8b	Że grzech jest pierwotną i najprawdziwszą formą przestępstwa!
89c8fb4e047d0a14b9932ce141305f99	Alleluja!
caf09fb310a59ad49b524eb933c2481f	...
8ff36bd216db81848983a59ecf512acd	Karolina i Michał poprowadzą teraz pieśń.
b48f361bc2a81c649b43ff9cc4dd4d64	Proszę otworzyć menu Pizzerii Pizza Świni na stronie siódmej.
54e2ed2a856e3c5448f100eb9cb1aaa6	Ten człowiek jest opętany.
e73bbf1ed4369284cb1328a4e1a86099	Egzorcyzm rozpocznie się za chwilę.
af87c32d4dc31f748a646e682ae62e19	Świeć, Pizza Świnio, nad jego duszą...
eb26095af1a238d47beb161303243c26	...
5e635677f87b3ef469ee9b3e85e542ec	Egzorcyzm?
1817b44473e1a184cb829882019a8f11	Myślałem, że na szyldzie było SEKSORCYZM.
55ab46235fa44634eac9940fdadc1043	Nie zastanawiasz się nad tymi wszystkimi szkieletami?
f8af14cc412b5f14d82d0b79e8fae8c5	Kim byli?
fb1c0f204ea113f40b7c7b68eca23ced	Jak zginęli?
7c5933ca033dc1a44bfa83d709609249	Witaj w Klubie Rozpusta.
f2b3bd249af06e246951f1984debc8de	Żeby wejść, trzeba być co najmniej tak rozpustnym.
3e06c59fbc749f044a1a0cbb0f4a9f47	Nigdy nie widziałem w tym mieście papieru toaletowego.
2edf460ea1a1d6145a3ebfda3f970ff0	Powinni je nazwać Kupkowo, co nie?
89e99b5a6caebd844a565f31ab2c9111	Musi być jakiś wydajniejszy sposób na ich smażenie.
6ffe4005bd2858542927d6d135388af9	Nie stać mnie na utratę pracy.
306d568b287ccea42b3737e649c30c81	I tak już przewracam burgery.
8989dccc3de9aab458585c30a351caaa	Witamy w Pizzerii Pizza Świni.
7cd8263db7bc6f946828a4c9af64295b	Ojczyzna pizzy głęboko smażonej na grubym cieście.
e0afeb1fe614d7b4cb8c570ecf67663b	Co podać?
cd7f5b89be977ed40a1260a93ada40d5	Witamy w Pizzerii Pizza Świni.
efed7eae47791e64da8403976bf8ed8c	Ojczyzna czekoladowego hot dog burgera.
bc517526f3ec0cc4c9ba879f0a1592e6	Co podać?
9989eae58a1d4cb4e94eb737c171b520	Witamy w Pizzerii Pizza Świni.
3d355ebc6fc5dcf4aa0470ee633517ac	Ojczyzna tajnej sody z tajnym sosem.
3a4302afea6c5fe449cfc22b324330ae	Co podać?
ead3de4509768474eb535c81c8f41afd	Tęsknię za Glutem Gliną...
0203d4877f002ef47bda7d4f2c060652	Kanały są ledwo zanieczyszczone...
0f365210ff8b48a4a82edb0843d6f5d3	Od godzin nikogo nie oszukałem...
817db6314ce351c498ecff794fba4d42	...
2c29a74841d42c640ab74ed61c2d91bc	Co się dzieje z naszym światem?
70e8c84d444ad93419a3cb01f279d36e	Wszystkie wielkie gangi znikają.
a05df8398cb1b8542a5167ca984aca07	...
b7a78e0ec3b21a34595a52013be989b4	Zmiany kryminatyczne są prawdziwe.
90ff819f5a761dc47810419f8384ad08	Mam tylko nadzieję, że Minister Zbrodni ma plan.
e03ac2a8a5877574f93faae6549f0f72	Ten obraz jest wart więcej, niż zarabiam przez rok.
a9c340ec2edbfa046a83c4f9a1173c68	Powinnam była zostać artystką.
eae9a46b6993fae46b61b7baa625db5b	Tam są prawdziwe pieniądze.
6c254af8a61ef164c9452a07e23cddb1	Jakie to dzieło skłaniające do refleksji...
f418cf33dd0766e4e8f40fc478c0aaec	Uwielbiam użycie przedmiotów codziennych...
fefd8523663a0344a8f4646e5578f679	To naprawdę mocny przekaz...
b772bf4e3d38b3d4f954b3aad800efe4	...
f0e5db0a2fc63cf44ae04bb40b942d2a	Możecie się przesunąć? Jeszcze nie domyłem.
113c4ed1b97b9e74db17aed820b742c1	To metafora społeczeństwa...
a342c3bda38f1a840be7d6bd999c8711	Jakie odważne użycie przestrzeni negatywowej...
11cbb12fbff7d0c41940bf182a231b67	To metafora kondycji ludzkiej...
c3105152fbcfed24f9d58a3cd409a534	Jaki emocjonalny przekaz...
bc80a15ecc8afab41bae68803e4da0c8	To dialog wewnątrz dialogu...
0c81579474f23d64baa710579be7822c	Po prostu wybitne. Brawo.
64a3314fc5db57c4db8223b0334e9f23	...
f539f696b2445bb4aaf50700ce70b420	Nie mam pojęcia, na co patrzę.
d0e10d4f5775a97468dc9a98f0622f8c	Ja też nie.
7148a1e952ccbac4f9f8e2685dc8d94d	Wow...
0e22e73daa1c9c948a0a0a959a428a76	Naprawdę daje do myślenia, prawda?
6aa98c682c66f254e872540063d53d3e	Gang Biznesu upadł.
7137b6dd336eb024eb70f4d7ee6b323c	Bez prania pieniędzy straciliśmy większość klientów.
251864e0bf8777f4b9dff1a5c54cb11e	Ciężkie czasy...
cc23a6887bbd24940b5d19796af71884	Na szczęście wino sponsoruje Gang Rozpusty.
43245876eaec1144aa2d2fa9198cc277	Chcę wstąpić do Gangu Rozpusty.
431d2488352740d4bb01d62337b32615	Przestępczość już mnie nie kręci.
24017b1f90d0530438c76d28a3e2dc72	Wolę popełniać grzechy!
949e1e4ae118b9246abe641a24e03f52	Spójrz na to...
461d4890461b66c46992bb6232777ce4	Nigdy czegoś takiego nie widziałem.
9d7bfcbbd707db44c88a875282664892	Najdziwniejsza pizza świata.
248f00fa058704345aedd5ed9757ad79	Prezeski już nie ma!
5756183e560ec0e40af16c24df67a7df	Jej rządy terroru dobiegły końca!
50b4815868b424f40934d52744261358	Czas na rewolucję stażystów!
40a39e10fff115746a5200d5cf0ed975	Gangu Biznesu już nie ma...
d4f663d4297b53846a1a9d6948a949d7	Pieniądze nic nie znaczą...
89fd2d86535d6ec45a24bf87f0f117d8	Jak teraz kupię sobie szczęście?
da5be7546d1fc1b478db750b6d2794c4	Ty nie jesteś przestępcą!
8a1094edd1fc2eb4da79048ebc0dcdf3	Nie chcemy tu takich jak ty!
0e96fc679917d3d4dad239e8c109abf9	Wynoś się z naszego miasta!
72da32def071a124f807cece4734c26a	Przechodzenie w niedozwolonym miejscu TO jest przestępstwo!
3cbdb3a49a3a9244987fd7a5ec6a9df0	Ta część miasta jest taka zapuszczona i podejrzana.
63bf29efde727eb4db8835aa42487817	Minister Zbrodni naprawdę się postarał.
6cce45aaa52cc58478821135f4f08378	Szukam wejścia do Gangu Rozpusty.
3c424264f672920429bf3e2e5148f009	Spodziewałem się jakiegoś złowrogiego budynku.
995e44366b84e0f4089b1fa855a0d8d3	Mogliby to jakoś wyraźniej oznaczyć.
ef7355511f1711e4083b4a56e9558988	Należę do straży sąsiedzkiej.
9b0b47e5005d982408ccf5cf278b5188	To najlepszy punkt do obserwacji sąsiadów, jaki do tej pory znalazłem!
5f7ea07cf0ce91144b072a1b55e47d5f	Ja nawet nie lubię pizzy.
b9251e43ef6565c4389bd0755056bfae	A jednak ciągle tu wracam.
107df21ee1e521c4e868e24d3d2d9131	To pewnie ten tajny sos.
e9df995a23125de4eb98bb51845c6dab	Mama mówiła, że nic ze mnie nie będzie!
9eabf25e0ea5f694daad6cd713cbea7d	No to spójrzcie na mnie teraz!
7fe1c3775e00928498258c9d05b73b21	...
6c21ca541e02a5749be199a31f62dee9	Chyba jest mądrzejsza, niż wygląda.
d85448569bce4544090dfb42c3d7f4f7	Skąd bierze się ten cały ser?
24182ebdf58950c4a9347197e6549926	Gang Rozpusty jest najlepszy.
3fff4ef3622ba3945a261abf0d40ef27	Zbrodnie przeciwko samym niebiosom?
f9a27d34feda9cb47afea96d2b9fe0f9	Co może być bardziej przestępcze?
7335e5c72e3124944924f2099b254a24	I mamy najlepszą zabawę!
efba120d35ce657498c348362733986b	Tylko Gang Trampolin nam dorównuje.
52a6aa035596e154b89e1c7f07be1840	O nie...
6f798a5ec18ba7d4ca0ccb2f0fc631a2	Dopiero co skończyłem myć podłogę.
d043d5a1ecb27644c829db4886197166	Gang Smrodu dostarcza nam cały ten gaz.
a4f1004744792ad4c923229da154139b	Każdy wie, że pizza z pieca gazowego jest najlepsza!
dd6e2680cb14b2644937064f420be027	Nie wyglądasz na specjalnie rozpustnego.
0bab2527874d2ce47a339b24f86d257e	Pewnie jesteś tu nowy.
2eeaa2e403e5a8d4b8b410f895857ab8	Albo coś ukrywasz.
29f24639aada0594189e506d59df6bcf	Ty cwany lisie!
53aaf82303352b949b29360f0230241a	Bycie w gangu opartym na grzechu ma sporo zalet.
d1445212372fb074baaa9ee388f2e956	Na przykład zniżki na pizzę.
2ba6387eab97c814fb631fa12b938f1d	Szkoda tylko, że nie trawię glutenu.
8b3a541a2adc5024fb0be0fb1f75a3a8	Miałem podobny problem w poprzednim gangu.
18c889c09a8eb6c45ad7ff82f332e35d	Nie trawiłem Gluta.
98ff6bfdcfde8df49980ea9c26a00a83	Dwie pepperoni i jedna pieczarkowa.
7d721f6208f1e734f959fc66cb430292	Minus siedem...
f29b5b4c43521794aa985cf1e1521b26	...
13ce22475247fb6429f9f02893492b77	Zatem X = log(A / B) + C ...
c815c103e59264c4a8fbfe5b25485907	...
b8678d5c8099c654ab71a190c1e24374	Zaokrąglamy w dół...
e12b15753b6d2b04fa4495ca2762162b	...
db36e167b8766d149a406588272d51a3	Plus 24% pochodnej cząstkowej...
53e5492a93a87b44a8edd2bd38efd7f2	...
4c851ee8ea3722e4c8a8844af8c32422	Minus reszta 12,6...
0d66ef79687956840ab7dbd17c8affc0	...
7c4f6d5fa4fd3bd4d8f2596ce3d517b9	To będzie...
f379c55b03f524c47ba08ffc0468b548	Razem wychodzi...
95b2683e436611e49924b8bb35698322	...
a74fabda8352ff24aa54a10fe37abbab	Trzy.
63e782260108c1b47aaa9f95d06e8cd9	Trzy pizze.
0049253fdabbe194689feb91542f3e6f	...
2ad49c04ed7799c4b951ac976213fcbb	hmmmm...
ed37bb7654feefc4e919141fef138631	...
9f4acd356a69ce048a2fec84064b7740	Cztery w pamięci...
48a0e92a29724784085ee76b32117b4f	...
9d9441212ee9b504eb5c62ab67944bbb	Skracamy liczniki...
6f8f709397a3e7342a0f33bd5a3b9c85	...
75b0877ad98df274099fc7b6c3284d1d	To jest pyszne!
98201d44e7bf9744c968deae0df9c479	Znowu mu się udało!
902c440f3b22b784f82c8da65244410e	Nikt nie zna się na dekadencji tak jak Pizza Świnia!
2b50759e87f3ec74791df86086315a1f	Czekamy na nowy drop od Pizza Świni.
77819372955f2a54995c010dc636a06d	Jego dodatki są najdroższe.
7fbc5c47b82831147b090605689c6262	Czyli najlepsze.
e888a9b79bf01d243ba7ae9e2cbaebfa	Spróbujemy ich jako pierwsi!
c30ac61d99833124b898c019a908ad9d	Bierz moje pieniądze, Pizza Świnio!
4f842a41efaf9bf4481bc3fb6acd3cf9	Pizza mnie w ogóle nie obchodzi.
145541a98c89ea9449bb2cf49b72bd1e	Ja po prostu kocham sos.
00486cc8266ca0e4f9129b30e214fe7c	Im głębiej w Gangu Rozpusty, tym więcej grzechu i dogadzania sobie.
d4945e946674af349a2dbcc0a9ddd61c	Ale ci stażyści dopiero się uczą.
d903ed19b39c39742963506c72ee35d7	Trzymamy się za ręce!
23dd4576377e4cd4e9ff5dfb5340cde5	Zjadłem dodatkowy kawałek pizzy!
60277743d82252f4b884b79136044e60	Położę się naprawdę późno!
f71c31f1bb1cb574dbf9256b82552019	Skąd bierze się ten cały sos?
14b0874d11d728f45babdc9edfa59ff7	Witaj w mojej Otchłani Pizzowej Rozkoszy, Anger Foot.
aa8930fd35893be48b71a2f5dd0c0659	Ale z ciebie KĄSEK!
8c72dc894895b124885c829241f36665	Zanurz się w basenie...
b064632defe5fb14e9af88f65103c849	Z serem wszystko jest lepsze!
cca29eec71bbba04ab5e7e3b5e4856df	Szefowie gangów przestali istnieć!
244f0f08b355e6f40b70f0c86c93a7dc	Odzyskaliśmy wszystkie cztery pary Preemo!
ed7a60d250b7b89449ef47052d45bc67	Wracajmy do domu! Zdążymy jeszcze na wieczór filmowy!
2f0a2e73c26b895419cd54709932eec3	I umieram z głodu, więc weźmy coś po drodze.
ff72e147afa66b94f963ef1911adb68a	Tylko nie pizzę.
cc4e21ff65dc6814b90bd1c18128d45e	Ani kroku dalej, Anger Foot!
b30f45992ba741c4a90ec2b1efed1adb	Obserwowałem cię.
f7f7a2d6c03c0374fa04c1fccd0a9172	Musimy się spotkać. Twarzą w twarz.
dcd5d5ed2e4c7d743b0e49dd31a2bd5e	Przyjdź do Wieży Zbrodni.
b07129cc05b773044837071b9996ac67	Bo jak nie...
d26f252ac2a520e4fa8c792adc46aca5	...to kopnę tę stertę rzadkich butów prosto w ogień!
f06981e011e3a374d8d3e1d42063c38a	Minister Zbrodni oszalał!
ddee7d70f7e5b7348b6717d47ef35e51	Nie wierzę, że na niego głosowałam!
6e83224688ead5c4185b815eb941c3f3	Musimy uratować te biedne buty!
dea5e32c4e3092744aabf123d551081b	Ruszamy!
1a40eef203812b0418fe22f3ac1d09b3	Anger Foot...
ce41e65cd15c62a40889253dbdae10ac	Czekałam na ciebie...
1522d1979630e3047ba4377ed59bdd0f	Zrobiłeś wyrwę w moich zyskach.
7df806da4e1051b439322c81c6addb50	Więc każę ci za to ZAPŁACIĆ!
0f4f11599450482419a8a872c34362db	Twoje buty będą moją kuwetą!
6c0dbf47b0f8d9d41a906b1324856bb3	Co za walka! Dobra robota!
ea44e2039d5558b4194580b14d84ec69	Ani przez chwilę się nie martwiłam...
9af139b72bcb98b42bd902ead6198ff3	Masz najmocniejsze stopy w mieście!
8a1fd267d5ca5054f9967bb85d06b5cd	GŁUPCY!
bc7d185591f370f4b98832bd08299d07	Popełniliście ogromny błąd!
554ada8ed3de9f44881f945f71b5371a	Jeśli nie zatrzyma was Gang Rozpusty...
a6ea133f79fdaab43a03762dc0f96428	zrobi to Minister Zbrodni!
40c2a0d5fed406e45b6316a7d0d73150	Mam wiadomość od Jego Zbytkowności...
72333f8a6b5bb964d88b2725decf493b	Wielkiego i Potężnego...
e82afecd39a4e3f43930622c98660cd7	Ponętnego i Zmysłowego...
0f47fe60830f1cb4dbf31993fcba9129	Przebiegłego i Przystojnego...
782e90189d8a4f844b655284b8670573	Wspaniałego i Nieskalanego...
aaa37add403aef54d838914dd081a45e	PIZZA ŚWINI!
cfc32b18892988c4c91a2560832f5d2e	Uważaj, Anger Foot!
19243cb2063561746a40628ecebc3e3d	To pułapka!
ffc4f8909b604aa4c98b0925ad516a8d	Pizza Świnia próbował nas zabić!
f4d9155511be891488bffa1fe98966dc	Musi mieć ostatnią parę butów.
e56c2a03a1191cd49a7f7bbbc39b1423	Mówią, że stoi na czele Gangu Rozpusty.
f4b93eb042a218744bd9dc140f282f12	Ale nikt nie wie na pewno.
99540a69d83093240a05833f99391391	Jedna z jego restauracji jest niedaleko.
52fefbb0c0c4c0845a7fa9ba9aa9548c	Weźmiemy przy okazji pizzę na wieczór filmowy!
093955b08e8f12345a70c9fa4683cffd	Ruszamy!
371f774b648181943be9acafeb07c08a	Próbuję zwrócić uwagę tego przystojniaka.
84f15f7e36c6bef40affef9ce751a25e	Uwielbiam gorących tatuśków...
f7fb7350980a42948a9fe80e0d0a92bd	Janet w ogóle nie pracuje.
e68dd3a0ac9f31c458832b6d3835bb0b	Całymi dniami uwodzi współpracowników.
4715648e28f550f458c2c261470b3905	...
a8d060d1cba014a45827931d72ebe4a0	Nie mam pojęcia, jak awansowała do defraudacji.
2a992b5dfab9b654f9be9c55b598451a	Tu trzymamy nasze nieudane eksperymenty.
688dbac7dc5416b409a69ba677574bca	Wszystkie wydawały się takie obiecujące...
8f1586da85bd79741a9b2abdf7e0aed8	Musimy wymieniać mnóstwo tych szklanych sufitów.
3e892421ed2f70a4297a21d8aada8178	Ciągle ktoś je rozbija.
c4ea774a8e1028743993a2d1d9c59029	Moja sąsiadka jest nieznośna.
86a5f9171aa86ed4790638f91ef9865a	Bez przerwy mnie podgląda.
781fa368f91e51943bd84a63951ac391	Próbuję awansować.
6e101f465b061424880ac41332c624a2	To najlepszy przestępca w białym kołnierzyku w całym rzędzie boksów!
103b92dc7a3d83d4fbd7c9e35c091305	Spójrz na tych idiotów tam na dole.
681e93b73a30ec74f90820a6f5926280	Założę się, że mają nas za bandę dupków.
49e9ffc4b477662478209682d70d8a5a	Spójrz na tych dupków tam na górze.
a76063323b9f7a94f812d606e9120fa4	Założę się, że mają nas za idiotów.
63a4c8981baf18c42be7c1ef55c9bbe9	Dziś jest dzień przyprowadź dziecko i daj mu robotę.
4f99ecebd2b983a4c99440a83a96d79e	To miejsce jest beznadziejne...
3d8cbd062ef7e8f47890d876919a4885	Nadgodziny niepłatne.
dc4720322f6f17844926e44bccae555b	Żadnych benefitów.
a57fb910e936e3a489003ba0a1273be6	I prawie żadnych szans na awans dla dziewięciolatków.
869f760858b40d0408ab84c700043bc4	...
00800baf38fb6b948b81ea57b6fdf038	Nie mogę się doczekać emerytury.
0c25bcd2c8f63a342a44c38cf5eaca94	Ta gra jest genialna!
d6a4879925375ea44be03764881211e2	Kto by pomyślał, że odzyskiwanie pustkowi tak wciąga?
7e300d6b107af454dbef3b7125cd9932	Powinieneś ją kupić od razu.
98f70c2f17b2371489774591bc92d5e6	Może dwie albo pięć kopii.
ddf3dce31b93ada47a27f0e94ab13913	Powiedz znajomym.
8c08dc556a841dd40b63de63e9048f72	Tylko nie mów nikomu, że tu jestem.
f81bc60043b6d4f4dad7853e1cf4304b	Jeśli mam zrobić jeszcze jedną kawę...
87d2bc51620d120419d7aa909e5d311a	to idę do pracowniczej kabiny do płaczu.
0de1dce432c08904db8cd3a3b6790359	Szansa.
cda2439354c9ab946b7e24573ad9e40c	Kiedy wschodzi słońce, wschodzi dla wszystkich.
a144084d4d2343a44a1380b97711ef15	Wizja.
62c918fa88a2e0a4684b17a9e2baca76	Idź tak daleko, jak sięgasz wzrokiem. Wtedy zobaczysz, jak iść jeszcze dalej.
49940276019ff494f8d6e6d15aaa26a5	Innowacja.
a6949c9326371434db2190703e7abc54	Sukces to podróż, a nie cel.
2496e9a0a6e2e724dbf1d7bd116c74d3	...
70d5e99f8c7e6584f91fcf2630988513	Jako menedżerki musimy inspirować.
4fc3792e54badb84bb2d4614ea1ad689	Jeszcze tylko cztery lata i koniec stażu.
fdb6324e11f9d354fa17bb00d9425fcd	Bardzo się na to cieszę.
419322fb35770fa44b4189cc1c3e67cb	Nie mogę się doczekać, aż zostanę Starszym Stażystą!
6be063b093a6e044990dcd28e0bac84a	Uwielbiam być woźnym w Gangu Biznesu.
859cec8959f80704e9910c919c4b6d3d	Najmniej brudna robota w całej organizacji.
779d651034b38604387eb2f0d5086ac7	Znowu przenieśli moje biurko...
985506834967aca4980f2098c0667b5e	Od dłuższego czasu nie dostałem wypłaty...
6da692d90808b3f4893cba68161d8389	Jeśli nie odzyskam swojego zszywacza...
0aa5961da44c60d4f96819ce0192292f	...
b0600e859aeff2241acf4d043ff24afa	spalę to miejsce do gołej ziemi!
4a0686ec5a78a7346bc89d66f6b61f86	Przyszedłem po nową firmową butelkę na szczyny.
dc1046bf309bc1d49b2e440a8cdb497f	Wszystkie moje są pełne.
b04caaec954d4934d8d9d5fd4992d4e4	...
70a5e9422cd7a6243a67ceb808b647e3	Chyba musi wystarczyć kubek.
fedf6b79c1311984db776fd16c1facd4	Witamy w Raju Podatkowym S.A.
41d9bd37164e4fe40a1ff4e26aae1228	Zarejestrowana spółka zależna Gangu Biznesu.
ad182611ff41e144b8cfa6c0c0c43bdd	Aby porozmawiać z konsultantem, proszę wejść w drzwi po lewej.
b733aa2f14cbf2a4887c5f2b45bb8c72	Aby złożyć skargę, proszę wejść w drzwi po prawej.
8c776296c630c3d4cb57d6c254f1ab1e	Bycie menedżerem nie jest łatwe.
4b6addf9f07578d4082b266bab32585e	Ale jest łatwiejsze niż praca.
2987c4517adeb9e4786b35e0deaacb2f	Przed wejściem do strefy testowej proszę podpisać oświadczenie o zrzeczeniu się roszczeń, zwolnienie z odpowiedzialności i przeniesienie majątku.
38b1e07d514d103428e8b6c310a85e65	Nie stać nas na kolejny incydent.
c853de9418319c44b81fa811c2bbee62	Oto nasza najnowsza innowacja!
63c9a2cee5381a84b84b31f68f05e159	...
a97f72ed99822d246b3bba2cf20a6a76	Dzbanek do Kawy 4000!
d110e8f19fcbd054da4aabedfc45e3af	Dzbanek do Kawy 3000 był ogromną katastrofą.
cf0a327aa62f0b240b16e92813463108	Był po prostu za mały.
616c521eb6601004789883362eff835e	Zostaw mnie w spokoju...
d7cfd57963371134f8a72856afaaae3e	Muszę się wyspać, póki szef siedzi w kiblu.
4c6746348d7fdc04fbd38bd5f7200ff3	Liczy się dla mnie wydajność.
b002bb1e5ef9ae54e9be8b1b43dd87b7	Dlatego wstąpiłam do Gangu Biznesu.
9ea02f234fdcee7469e07c2460516418	Nic nie popełnia przestępstw wydajniej niż kapitalizm.
2b37a556a1f75dd45a973d2867c5acaf	Nikt nie mówił, że biurko do pracy na stojąco będzie wygodne.
f6eb10501d7a87a46b96d5d46238a1b9	Ale na ból karku spróbuję wszystkiego.
626bc8cf585c8cd42b124b2fc9c9abcb	Mamy każdy artykuł biurowy, jakiego możesz potrzebować.
44b50aaf35f6d5f4b8651dda49eca7b5	O ile jest to firmowy kubek reklamowy.
a7a0fc231962b5d4b9d804828be82a48	Warunki eksperymentu są stabilne.
09786192dc21ff740a9cc30fbf6f1c3d	Wszystkie odczyty mieszczą się w normie.
6fca203df57b42d488d41903a9e8c67f	Hmmm...
9243d6e95c3205844a9bf3f14e59a715	Tak....
289e4adfdf9b7de4281910155d59204d	Tak.
6ec9aa0faf008634bbc9651ea23af8f6	Wstępne wyniki sugerują, że dzbanek do kawy jest faktycznie duży.
6f4239e0f8c2ce247a4d410c8437e6a1	Używam teraz stu procent mózgu...
8e62a1a089a32e14e9b965ff2f5d0fe2	żeby wymyślić lepsze sposoby na oszustwa podatkowe.
d90c31b45fc714845bb8a57c7ec9db2b	...
f6c0dac94bd830c4b9d45e52ff67eb04	A gdyby tak...
a1d5038643e3a054a866e1283f337d24	...
413a1c4c1b9a9044d8eea85081f2d10b	szafy na dokumenty...
e8de76860398f134e9fe3628dc7649ee	...
6057ecfee3b395e4682b335fbac02ed6	były naprawdę duże.
78356cf9c49584f40848ab7860a03535	Jak się nad tym zastanowić, to ma mnóstwo sensu.
274b87a4a89be2146988dfff8d8daa3f	Krew napływa mi do mózgu.
66038505e2dc2504aabb23c601541a72	Przez co jestem bardziej mądrzejszy.
33fbcf5009f041c4bbf8da01181af8a4	Spróbowałem stylu życia do góry nogami.
d57dcfbf7f62d2042b6027544e7ad170	Ale palce u stóp okazały się za słabe, żeby mnie utrzymać.
584fe3c825adfae4a89bf05dcfe1bea5	Chyba powinienem wykupić karnet w Gangu Crossfitu.
830d02725f0ba4247a8da44af7ff538e	Teraz robię WSZYSTKO do góry nogami.
0fb57ae3dd73d3b4596cabfe1ac3c620	Niektóre rzeczy są przez to trudniejsze.
bf1eeef78a2429f4aa3cb0585ca8eef2	Naprawdę przydałby mi się kibel do góry nogami.
f67f56e06493a5e4f87506c8a6f360b6	Czytałem o tym w poradniku.
7c5a917ee169e8f4ab38a1749ab6555d	Siedmiu na dziesięciu skutecznych prezesów tak robi.
dfc577b472f7a9e45af41f00ec7389ee	Nie zwracaj uwagi na mojego współpracownika.
a3ccf7fc18dcd1c4eb43fc8c2c96c113	Omdlenia to normalna część procesu.
e29924ff0a4d6d54fa53773c3ad2e611	Mnie też to zaraz czeka.
15a7cec25b06b4340b7e51c881c29d9f	Słyszałaś o Janet z księgowości?
2efab3229ce660142ba9f3f2688d8b55	Przyłapali ją na defraudacji firmowej kasy.
b4e01f222f3d2aa45b9099ba2f631292	Wow...
3f0ae14e40a205d4dbeec3b1023932ef	To dlatego dostała ten awans!
037f17e72fc5f4c4f8eb572811079812	Statystycznie jestem najlepszym traderem.
4332067c708e3834692ca03a9ef70708	Kłócimy się od godzin...
2d0a9fb4d1ed26c4ea1ef22093756b21	Czas na ostateczną decyzję...
e0bb78a0e75567044aa6a9ea6b4d7d97	...
797587617380390479a7d9769fedd75f	Ja mówię: pizza na lunch!
53bd78cbe34070a44a6dad6055b20eb2	Stek!
143baf8bc65804f4789374177160f008	Hamburgery!
f14d41adc1ad526489cbda5bb8053d05	Sałatka!
1d0be9f0cf449b149ad5511f1a58d538	Lody!
ae4a9fe9816f6f74f987cd5844ca1d79	Jak więc widzicie...
a58db6a46ae8de048bcd5f6a3c2149e6	co pozwala nam wrócić do teoretycznych podstaw biznesu typu liczba-idzie-w-górę, aby zmienić zasady wydatkowania pożyczkowego i odnegować przeciwieństwo nienarastania dodatniego długu bez historycznie rentownej potrzeby hedgingu w rajach podatkowych oraz dosłownego hazardu kasynowego na spekulacyjnych klasach aktywów takich jak pieniądz i złamane obietnice wystawnych prezentów zarządczych w rodzaju plastikowych breloków i nominalnie funkcjonalnego lekkiego trzymania za rękę.
e09b3dffa8809f6429d230746cfed925	...
6bd70b94b98aadc4aa5223a674a6837e	Mam nadzieję, że to coś znaczy.
898a8a25b450ad647a60ac6e266a8f58	Prezentację mam jutro.
718bcf9f035f2844f8784fbcdd4509f2	lewarując synergie międzyfunkcyjne poprzez dynamicznie zmieniające się paradygmaty rynkowe
942e5b0067b1fb341991885b45cf9f63	nasz innowacyjny fintechowy disruptor bezszwowo orkiestruje solidne rozwiązania napędzane blockchainem
dee6afe89f4343c4c993718695cab69f	katalizując optymalizację wartości dla interesariuszy i pielęgnując niezrównane ekosystemy monetyzacji na nieodkrytych rynkach
8e61691f290b64c4c8cfcabc701bf9cb	tym samym dywestując nieustannie ewoluujący krajobraz przyszłościowo ukutej deprecjacji wzrostu byka i zapewniając wypłatowo zmobilizowane warunkowanie inwestora
4d5253e265420c14fa362d14bc86741d	a dalej równoważąc konsumencko zorientowane pranie kapitału przestępczego i włączając korporacyjne planowanie występku w prawdziwie wstecznie wyrównaną uprzemysłowioną pięcio- do sześciościenną piramidę finansową
900282273c993ce4c916cf3febfd0a91	nie wspominając o oczywistych korzyściach przyszłościowego odmarkowienia koszyka funduszy vis-à-vis skonglomerowanych prognoz spółki po przychodzie oraz wprowadzenia quasi-ustrukturyzowanego finansowania nierozliczalności
4a7c3195467a8394ba72ba9f99cc1824	co z kolei doprowadzi do fiskalnego lewarowania myślenia poza schematem, zarówno lokalnie, jak i przestrzennie ambiwalentnie, nie bacząc na zdarzenia ograniczające zysk, włącznie z gospodarkami zwróconymi na północ i na południe
9251dcbac8747bc4f8a2e219dce7eba1	dodatkowo przekształcając zaufanie międzynarodowe w wymienialne motywacje think tanków do bilateralnego otwierania książeczek czekowych, a także duchowo indukując mentalność groszy spod kanapy, która historycznie pokazuje prognozy (finansowe i astralne) znane z przebijania przysłowiowego czekoladowego sufitu
e6a6b0115f0738541b8a1c1eea7ff279	HEJ TY!
b41e3253f19d7df4a91ceac95853ab55	PRZYNIEŚ KAWIOR I WYMASUJ MI STOPY!
f56890a70f75840499cb7d8e529a7600	...
c7bbd740979434c4389d33cd206741c4	Och, myślałem, że jesteś stażystą.
74aae46defe07184a866fb2a7266d4e4	...
3cfdf504f98b9cf4986a2de8c5ce3693	Zrobisz to mimo wszystko?
b43001cba6838644e9c1337837b24d49	Jestem taki nieszczęśliwy...
d4af1c10ce119ef4eb9cba8524b44601	Żona mnie zostawiła...
da655e1ec22c38345baa5b145a7a5637	A sekretarka mnie zdradziła...
0bace20ac5db8bc4a88a6d25f51a51dc	Ze swoim mężem.
d65d6e6d5c548f44f92dc7a998861df0	TU NAGRYWAMY OGŁOSZENIA BIUROWE!
487cd5fe36aa79c4fbb2631bf559957d	ŻEBY MOTYWOWAĆ I INSPIROWAĆ PRACOWNIKÓW!
5c94d1219a1da1346a84947669d43d20	ANI KROKU DALEJ!
9360c8558fdb2124abb4a9a2c1a043a5	Te schody ruchome są TYLKO dla zarządu.
b90635036bf6fe24ba205cf0656bddfb	Ty musisz wspinać się po korporacyjnej drabinie.
592701c14f32d064db02fc2003771ca6	Albo iść korporacyjnymi schodami.
34a242e13a85fda4ab05c2bc1de209f5	Ta złota kanapa nie należy do najwygodniejszych.
359b3bd89317e4143b2a8766748fb175	Ale warto, jeśli ludzie wiedzą, że jestem bogaty.
524ee410884c9904483681e36b1dcb4b	AKCJONARIUSZE ZAWSZE PATRZĄ!
0432508200f45cb429164e647e050483	JESTEŚ DO ZASTĄPIENIA!
1e39effa2ca93bd44bfe37dba4c183d2	ZYSKI MUSZĄ ROSNĄĆ!
d1898ad9864aa304590d71f76afbcd9b	Straciłem wszystko...
bb2e0cd253d24764f9b507244027ee7a	Zainwestowałem w Gang Przemocy...
e73742a9caeea7448b9705fef48eb88d	Potem zamordowano ich szefa. Akcje runęły.
0a1e66dbf307cb740be7554313a55d66	Ale spokojnie...
e8b97606c5477b74db4fa9c6fce4b302	Wszystko odzyskam.
b26f141c94347044da10e86b3a200919	Wszystko wpakowałem w Gang Smrodu!
4a1993c73b6b17740b4d46af54cf3a1e	Spójrz, jak harują...
3bdc15ea052bb9343b30d09776cec59f	Trutnie. Niewolnicy systemu...
fe7159fc96bdbc04ebbe9129c50dad95	Żałosne.
98a8f56d17241d04f8249d68658387e9	Obrzydliwe.
e6ed2a668e26ad9489c3ddd84ddd9a97	Wstrząsające.
912400cbee73d3b43a7e88b3a23ae60c	Jak mam pracować, skoro mój popcorn jest pełen mrówek?
ca17bbf9540bbac48846cc5d12ae38b8	Gangu Biznesu nie stać na porządny młotek i dłuto.
b73869f91b26a5a4ba6211e95cd8ab5d	Nie mam pojęcia, gdzie poszedł budżet.
151d5f92786b88f449ce2e6c80428283	16!
8a3baa1c05cccf64f951a9c9b10163e7	47!
b3144b0b776a7494a9df11a7c9ef9aac	KUPUJ! KUPUJ! KUPUJ!
67953cf8fae7a874a9e746508d513540	Chwila...
31b5abc5f970a5c4ca169aaf8db1ec7c	Powiedziałam 47?
0347a731cf350de40aa3967b5aa61c22	SPRZEDAWAJ! SPRZEDAWAJ! SPRZEDAWAJ!
d13d942d35bdf4d44ae0ee080edf7fcc	Inwestuję w Gang Podboju Kosmosu.
b037e337c4d175b46a21e79418f34c5d	Lecimy na Księżyc!
19ec2db03d5b0174ca38f4beab98958e	Ten basen z pieniędzmi wygląda wyśmienicie!
66543c9c649217d4badd8a0b67febf4b	Chyba popływam sobie jeszcze raz!
3f1681f1450ca134693da1f25a1e418b	Prowadzę rozmowy z kandydatami na mojego stażystę.
72a7e74971bad9e46b49752e47b3eb44	Sam będąc stażystą, mam zakaz mówienia czegokolwiek poza „Tak”.
16ee2b5f84052694ba566e2e1b084da0	Więc wszystkie interesy robię pod stołem.
0473e2d67eba65e47b2470519ed5d239	To stanowisko bezpłatne.
1709f5a699928c940a71ab2aa507b02a	Ale doświadczenie bezcenne!
d7df66a60508e8c4eb08109eda3f1114	To jest skarbiec.
ba9287899c17b6f46a8d903cb067fcb0	Trzymamy tu wszystko, co cenne.
7cf47312792b5ab4397c47e3291ebe6f	Idziesz na piętra zarządu Gangu Biznesu?
a951fcc13429c1f449c08dcc342ee161	Uważaj...
50caf32e0a0d1bf4c92106f818ce39d8	Nie nawiązuj kontaktu wzrokowego z zarządem...
66789a0cca588ae46b6ea3b742ef22f0	Nie mów i nie ruszaj się w ich pobliżu...
c8cf48b1330ecfe4698007211402213d	A ZWŁASZCZA nie oddychaj.
9e841654f6900be4d99c74101496ddfd	Ty też idziesz do metra?
89f6544e46e1fbb4082ba7238e02846f	Spakowałem swój najcenniejszy dobytek.
7ae20ff52caad0246995707f6b97de8b	Spróbuję zrobić karierę w Gangu Biznesu.
4ea1a3e8d64e47148929b89de002066a	Chyba będę musiał wstąpić do Gangu Biznesu.
b7633056ebe8a544ca7308678501cf3f	...
340b8fc099e3a9e429428be24fbb5bf6	Tak się cieszyłem na Szajs Fest.
ee8d0880d0cf79748883ff0913162c86	Na co mam się teraz cieszyć?
a2c513611c46de24ca68ee382087ad9e	Chyba Hajs Fest to w sumie to samo.
190811b9084b8b3499e52d1bd9b4b768	Gang Smrodu się rozpada...
7824ac45f8b7f614e8509b684ad43e97	Kanały już nie śmierdzą tak jak kiedyś.
8e3c8954ec3785d428329a60215f968d	Może czas zmienić moje przestępcze życie?
69eda152e25a9714d802ece22f46e320	Na inne przestępcze życie.
efaa519f53a00c1439b8101d70a4a510	Jestem czołowym ekspertem Zasranego Miasta od układów rur.
89ad9a4156c6c81499c16fccd3210ab6	Dzięki temu prostemu, eleganckiemu projektowi sprawnie transportuję ciecz z rynsztoka do mojego kubka.
06f6f2d70ecccd6469366a7f56014cc4	Mógłbym przysiąc, że przed chwilą była tu woda.
be611facab5be9841aa7b86af9c4573e	Uważaj, gdzie stąpasz!
9ed0b05c1318a2c4da3981f6988bfedb	Woda w rzece robi się czystsza!
7452b380b3df74d4fa13654438a056ef	Musimy z tym walczyć!
109163fad8b474245a8938598284e392	Co to, do cholery, jest?
4e483f6f1ce2c4f459b888d7bec2a337	Dziwne czasy nastały...
5e99347eca4874149ac1ecb931dd88fa	Skóra już mnie nie swędzi i nie piecze, kiedy pływam.
cea48cb0965c39f47b92f9d72b83cf81	Coś tu jest nie tak.
572e2c2aeea0ad546bb1418f68938e87	Ostatnio nie widuję tu tych macek...
edb8d9ea669bea343ba17f061f5eb28e	Ciekawe, gdzie się podziały?
116aaae939ac4d6499500c6be331447c	Kończę ze smrodem na zawsze.
2884c46f402fd714badb3e8bade20983	Dlatego palę te śmieci.
0990e6d00a03a9c4eafd85882eed4a6a	Już ich nie potrzebuję.
c4ae612fa8bf7e94bab6e148765b5838	Niech to będzie nauczka!
0af0179f531c34d43b35ae4966c3a64f	Gang Smrodu jeszcze nie umarł!
36411e5099c97564bbdf1a1908248aac	Głupia rzeka!
b545d7a829f0850488f3f5aa1d48a46c	To moje szczęśliwe miejsce.
7138a4c578ef4b446bde3b68cdeae8ed	Nie każ mi stąd wychodzić.
c429ab728186d6b49b1ca166a38e6259	A wszędzie indziej to moje smutne miejsce.
f3fc2d8bd66f21b4a86b5bfd69062acc	Byłam dziś rano w pracowniczym kasynie.
7be0858384878d144bf4e43165317100	Straciłam pensję, benefity, rzeczy osobiste...
d88a4da6c0808534e9b8c0fcb6afc024	Ale wygrałam dodatkowy żeton wellness!
04f9c2a7e812e3643bf82ec0e8f44bf1	Ta gra jest świetna!
d43655607010c2144992e1184e569085	Twórcy powinni zrobić kontynuację.
e91818ada5c94fa408020642a03d25aa	Założę się, że na to nie wpadli!
9fd5fdd3f0cc72e43b1775679515f721	Napiszę im pomocny post w internecie!
c2ffeef3425342344aced16b5bc5141c	Nie ma nic bardziej relaksującego niż stare dobre ognisko w gwiaździstą noc!
93158a92c71a3764ba21d5fc5f3ba622	Na kolację zawsze wybieram chutney owocowy.
98cbced106a1d1945a4d74035306e9e9	To najzdrowsza opcja.
b631707c4a783a54bb77b11f9308f140	HEJ!
7e642771fa3a1724caa56dd7a244017e	ZAKAZ PADANIA!
7b715613e6db58e418fe7e01fd44fdab	WRACAJ DO PRACY!
89d9fd7021ae6114fa3898fc8e89f9ae	Moim zadaniem jest dbać, by wszyscy pracownicy pozostali zrelaksowani.
ede58fb148a1d42449089dbde981c30f	Proszę pozostać zrelaksowanym.
936806c5895a93e4d982f071a2a29871	W przeciwnym razie będą konsekwencje.
116f730e1ab64a54c99e9dda238e439d	Chcę poczytać książkę w basenie z kulkami.
0e7e29bbc9d223146a9b5c177585931c	Ale nigdy nie nauczyłam się pływać.
0a2dfd617dfa7014aa99138b79a1d693	Ani czytać.
9c28c6a35cbba6647b4daed34f8d4283	Pracuję w dziale rozwoju.
a44d9ae468b49c8438173acffb7a52c0	Rozwija mi się apetyt.
d424b08c717a32247a2c820950e19da2	Wiem, że to wygląda niebezpiecznie.
796b847072efd0e409b3d256cb944066	Ale mama nie bez powodu dała mi takie imię!
7cb63dc6d669336418493db658530ddc	A jedno z moich drugich imion to Niebezpieczeństwo!
0f951299246f8774fbf18c1594f7e932	Trevor Złamany-Kręgosłup Niebezpieczeństwo Wypadek-Przy-Skoku McGee!
f6475c8705ba87a4ba4a5364b9b5608e	Chyba wypiłem za dużo.
90180723d4f955f4a927124f760a709c	...
6b838719b78ce1d408821ecaa192da65	Czuję, jak wibruje mi krew.
6d4eec827adbebe43a483af63e49c089	Moja firma jest taka fajna i luzacka!
3eb6ae5672c371e4ca79f0f309053212	Mamy w biurze piłkarzyki!
424764cff4e85dd408905568a09ed71b	Wiem, że to wygląda upokarzająco.
55299370fd555e343967ec62799b49a9	Ale dla awansu zrobię wszystko.
382a0120e218b6c489dbc19b3e8f15e5	Albo żeby dotknąć czyichś stóp.
52bc3fb9b42912e46997ac1f9b9d8b54	SŁYSZAŁEŚ. O. FAXOTRON_47B?
7b8739a78f4619641bfd1187672a4779	AKTUALIZACJA. OPROGRAMOWANIA. W. ŚRODKU. JEGO. PREZENTACJI.
e6aa85bb3740f204d8a2e6c158480d19	...
603565abd964bf947b8fdfe8afeb7095	JAKIE. ŻENUJĄCE.
fae9a9a20d0acbb45ab6f7b6e04bccf1	Kiedyś to ja roznosiłem tu wszystkie plotki.
2318730443c309b4e8d6c41631a2627b	Teraz nawet to automatyzują.
b876b9bb07ec29e49a1760acc24695db	Nic już nie jest święte.
45b6f2d03e5beb8409e3d77c06f7a64b	Jesteśmy najlepszymi ratownikami w całym gangu.
79e7d69f02d1be343a67835b9d398d3a	Nie dość, że świetnie wyglądamy...
c0a3a36c1bb982748814c3938f2af8ce	to jeszcze jesteśmy niezwykle czujni!
b72b7058df93ce64c8b514bb1d2beb08	Gdyby ktoś tam był...
6747710a9ed84ef47a2e3027a8b999a8	obserwowalibyśmy go jak jastrzębie!
5b3378e1241e4454382ca5e9837ae03f	Nie stać mnie na jedzenie. Skończyły mi się żetony wellness.
9a40813060bdcb449856151895746df2	Więc dzisiejsza kolacja będzie...
fc12c13360550284287002dec971ff5a	eksperymentalna...
f3b1b56cf33f7fd45b819634ed2bd041	Czyż nie jest piękna?
4b2d8f4d6d7bbfa4caaf313edf50818a	Jak dobrze wyjść na łono natury i się odciąć.
c9ff2dc5dcbd81d48ae8fdac54ad68b9	Co za piękne miejsce na romantyczną randkę!
c1b3251070658804282b285065a0c0ec	...
f7b9cc9b9aa2cec47a67c60ac1e58674	Albo na zwykłe platoniczne spotkanie biznesowe dwojga całkowicie zwykłych platonicznych współpracowników.
02c4de7706ca0644596e94b24f2e0d99	Kiedyś należałem do Gangu Przemocy.
d1c6d0142b46ac94aac721aa5387670d	Praca dla megakorporacji jest w porządku.
9f42ba6d36602ec489c7ab9382fa7ead	Ale brakuje mi widoku twarzy moich ofiar.
fa5f3677c5d55a54ab4cc02111c58ca2	Nie widziałam dzieci od dwóch miesięcy...
a6d9928b40fd7a843ae1dee2d8d642e0	Ale pizza jest za darmo!
ef1121056d371f841a855d9874039671	Woda jest tu ciepła i przyjemna!
97b168ba7aaf0544cae8abf22dbfb813	To moje cogodzinne ślubowanie wierności Prezesce.
a57a5d6c775e4364e808408b957b0bf5	Zarabia 46217 razy więcej niż ja.
547a0d575b0ad0345b96fb55f44703b9	Ale niedługo coś zacznie skapywać w dół!
3872b3386bfa3a043a01e4d5e9c39937	Prezeska to wszystko, czego oczekuję od kobiety.
0927b4352db1b854896de203e8d076ba	Mogłaby zmiażdżyć mnie obcasem.
14b504d758838ee4480e65ae9fd8bdb4	I stać ją na czynsz!
1448549521a0ce7418aecbc267fa212c	Witamy w pracowniczym centrum wellness.
5588b46afccf06e4ca8e43e7d925b11a	Gang Biznesu troszczy się o ciebie.
646e409a8bfd2de41a6b3265c74e526c	Przed wejściem prosimy upewnić się, że masz dość firmowych żetonów wellness.
6979841d722e7424592466670ac8cd5c	Chcę jeszcze raz zjechać na zjeżdżalni.
27c225f3adfc5e94e90ca504fd22b3ca	Ale nie mam dość żetonów.
6f1ebaf300db39449b26b762539c5882	Nurkowanie z rurką jest tu całkiem niezłe!
ca4a39dad93cf3043827fc79899e68df	Nie widziałem jeszcze żadnej ryby...
e5ddaeb10c00d0a4eb3c5deade79d04b	Ale czuję je nosem!
4ea5b79c5c8c3d542bf706c4f7ee7f3f	Nie wolno nam wychodzić z biura, póki świeci słońce.
67d4cb78e301b1c44bdb71582b5b9b85	Ale i tak znajduję czas na opaleniznę.
93f96f371b3e84647bb9051e459a75f2	#dajemyrade
445c493ca39f1294eaa885d7b9dda5d1	#gangbiznesu
ed72b208ea56fc44995b284e4e67d28a	#harujemy
7f2af3313c952ca44a93f770c01de17e	Na pewno to ta właściwa piłeczka?
0384a3e108031d94f9ec5ce33eca305d	Jasne. Najnowsza technologia z działu badań.
025712cbba597384b9844acb3a289b98	Piłeczka Pingpongowa 4000!
e959561d5c9e59245832969d7bfb2b27	Płacz jest w biurze zabroniony.
836b355d1c839594ca55beae3a5f9373	Więc robię to w czasie wolnym.
21a004a2738054245be2142b80143aa4	Nie jestem korporacyjnym trutniem.
92746692c3ff69043a858d48482db17e	Sram w godzinach pracy.
91c607e6cd55c084ba815e4f0268695c	Nie pukasz?
9139b5a90470e274bbae3027c0a465c4	Nie mogę wykonywać swojej pracy w spokoju?
943df393963909248aed854a3ea32b46	Nikt tu nie szanuje mojej prywatności.
1a8a32a982ac430498bd59f68891a929	Mój przełożony to mikrozarządca.
ce008bc516c1f3b4abeb0d449c027172	Przez tę presję wszystko mi się zaciska...
193b62eb5795e6e42af844ef147ce336	Trochę tu posiedzimy.
488aa0e0736fccc4d84341f69ea4679e	Kiedyś byliśmy...
11b71c21fd598d040be965b0f678f450	...
4cc0f9de9e9749c4d8069f856fe72c19	...
a62602a6793d85a499f46ed8d323c440	Zdania. Chodziło mi o zdania.
94f5d0700ff085c4c93137f94528d760	Wrogami.
a6005fa54ae89db4b820434aa3fadba1	Ale dzięki tym nowym pisuarom integracyjnym...
9b2b1c6e9ff71fb4496bba7fab5fd355	staliśmy się bliskimi...
26c5cb5f1ff5eba44a51b649adace4da	Przyjaciółmi.
0a928c173c91ee4499ee6d29e7c09316	Nic nie mogłoby nas...
8cf0ce40dac87da48b1e722d971ec38e	Rozdzielić.
fa26909f9d551fb4796060d95d3522f2	Kończymy nawet swoje...
a994eba3c6448aa4290a7fbbabd8498e	Żony.
0ccdbb053c16da84faa9aa734712ba14	Huurrghhgeghh...
b23aa3d367e48ef4cb8f5d33807bab2f	Bluuegghegllgghh...
0136682b926671d4a8f11b400e773fa1	Hurkableeaughughg...
0ac179bed433c2d48afc9dd6d93f0dcf	BURGUGLURLUGHUGH!
40fb332920185ec418bbc702ed809055	...
2cdfe4f5dc7cf404f988e78d23fb85c4	Wybacz...
04f77e1c84c5ad54b8da1d8eecb4fa46	Nie powinnam była zaglądać do skrzynki.
b77b3477cf522d240aacd245a0ecf4c9	Polityka pracy zdalnej w Gangu Biznesu jest świetna!
b31a7fe4fcb9a0d4ea4a5dc0d0fae611	Jest dokładnie jak w moim prawdziwym domu!
bdb46c76e9906714795bd5ca7916adb8	Nawet nie tęsknię aż tak bardzo za prawdziwą rodziną.
1c7894db7cc11484c892bfcba20392e5	Nie wydaj mnie...
85a94f9d975d3544b85b875e3cdb00ae	Udaję, że skupiam się na tym spotkaniu
08b8eb9c9ed8bba48b9a7f85f210a8f6	Zobacz, jaki wielki jest ten but!
83364450d6f7f16468bdf7cc93ea1ea9	To ja nazywam nauką!
1afbaed36eec2f74ca98c6ef043fff6e	Próbuję wydestylować przestępczość do postaci drinka.
767e3c33b6cc1594fa7a0eaef6decb90	Jedna część kradzieży...
c1cd2fb59994bfa4cbbf5cca527cfa71	Dwie części ciężkiego uszczerbku na zdrowiu...
39e3ae38df0a9d34db704f490ee659d3	I 74 części czystego etanolu!
3c5478ca488495d42aa3f70739ebf279	Dział Brudnej Energii nie wyrabia celów.
7fe8ec9661516d64f903f12e7e9582c6	Musimy zwiększyć nasz ślad węglowy.
4f9000c5e56f425478898696552d5242	Nie damy się pokonać działowi Fast Fashion!
ac11233355b39a54fba85d3f38659f39	Zobacz, czego dokonaliśmy!
fd017fb25df497c4aa98b4dab572de03	Prawda, że słodki?
0ccaa144c7c2776489da60a38e1b128b	Powinniśmy byli zrobić go jeszcze większym!
9e4af9be298869c44a1c6e10f89485c0	Co myśmy zrobili...
61b9f677624e31e4ba08ef23370b09a4	Posunęliśmy się za daleko.
a5c9176cf6cc930478fa4e30056cae98	Mucha nigdy nie powinna być dużo większa od arbuza.
739bdeb3233614a449d3561d194631e3	W sercu kanałów jest coś plugawego.
e26715e58056c374094d00277a6fb1de	Kocham smród. Ale głębiej nie zejdę.
8fa806b2a5418a24b9d64cae87ad375b	Nie chcę mieć nic wspólnego z tym potworem.
0e7b050709c462f4aa9b13aa2da035d4	Woda w Zasranym Mieście jest pełna mikroplastiku.
8cc584ee3fa17444c9cfaf7f15978bf6	Pracuję nad tym, żeby był większy.
8ab62921bc91dbd41b850f96bfbc65e9	Makroplastik to kolejny wielki temat w świecie naukowym Gangu Smrodu!
a7bfa74dc28cc0e4ebf813b7e0457032	Pracuję nad słomkami większymi i mniej biodegradowalnymi.
1a7c2dc6ccb9cce46b17879322f57460	Specjalizuję się w muzyce eksperymentalnej!
ac1fe1de00f92fe48b4e57bb335a187c	Mogę zainteresować cię łagodnym gabberem?
f3d0a6326a787634c83bb627f8367c44	A może szorstkim jazzem?
fe2f50318872fee42a2ff0084f424305	Czyste śmieci z upraw ekologicznych!
da960a747b275c843a4091c1dc4b3c79	To tańszy i bardziej zrównoważony sposób na zanieczyszczanie!
6392f4ac284aee244abfdac34b453b94	Dzieje się tu na dole coś dziwnego.
19c6e4f5b0e7637418792373f300afc0	Coś... nienaturalnego!
8fd400fc325809347835f55d3e5126ff	Mieszają w prawach natury.
4c45af41f0eb46441bca0b35b9d4e778	Ciarki mnie przechodzą.
fece13f7a8977d24db5e02ad3a2ab6d4	...
954b1773152a4dd4db09684f7088ca83	Smród to jedyna prawdziwa i czysta rzecz, jaką mamy.
ad40c4a54c3ea34429e7c737efd9a130	Jestem tu od kilku dni.
46d6691f43d769a488b347feec30dc59	Nie mogę znaleźć wyjścia.
07bb35f2a01d0324b936a3d00e8a1679	To miejsce to labirynt.
e51f70848883f274d937f1dfbe1b573a	Khy! Khy!
8417802734e9bdd4bb69eb3ed08b9692	Yrk! Bleee!
b822e2205b3179743b6146b5de2ec239	Naprawdę muszę rzucić palenie.
d19c16de7aa613e4db9003f935360d4e	Ta biblioteka jest dość mała.
90c6952e530de6d4099b31c2d7bb12da	Chyba w Gangu Smrodu niewiele się czyta.
85c8a84ea3a84df438b617315964b403	Gang Przemocy ma dużo większą.
94e30b39479c3f74b89c72cadb82f3b8	Próbuję nasycić te buty specjalnymi mocami.
dd808840809e5ce45a85287914022818	Ludzie mówią, że oszalałem.
44ba98293425211478b126b559ab997d	Ale myślę, że to możliwe.
8216709fc73c01649a7a16d85f682de1	Ach...
116f88a28e461fe46afcb2484314e900	Cud życia...
79fd34b4130e0ca418fbd8c2655b8a5a	*STŁUMIONE KRZYKI AGONII*
eed2332913d00cb49ae8c95a27067a0b	Mój bohaterze!
f33c99078057d784a866a763a7661a46	Dziękuję za uratowanie mnie!
b0606bd24fae31045a721a07f1475bd1	Chcesz całusa?
b81cfcb18b4abee4e8c7709fb11f11a6	Pracujemy nad nowym sloganem dla naszego energetyka.
3f893e19bc1f8d048baec4dae84f1a18	Musi odzwierciedlać wartości firmy.
1cbbba065800a5d498a5e87ca2512e1e	I ludzki pierwiastek, który wkładamy w nasze produkty.
1bebea245576ab04aa4f7771109040d6	A może...
30bbc8e267fb1434d818252c220bb93d	THIRSTFUCKER. TO. LUDZIE.
30b060044e73b8644af8d5ca3cc87f1d	Idealne!
aed1a0e5fdbbaac4d910ee8df5f2ecca	Hej, koleś.
6e0fcdbe8acb4d9459f0a72be1ec3b9a	Masz coś do jedzenia?
524d12b11a8ee6f47b2fb268ecfa4d14	Nie jestem wybredny.
f3f7123ac1a076b4388aadcd186d3048	Dokąd prowadzą te wszystkie rury?
b0e4bb2543d93ec44ad264388e4e525a	Myślę, że wszystkie są połączone.
b962d3627dae6e34ab204308cab5a4ab	Wygląda, jakbym odpoczywał...
7d8a28d16f949b84b9cfc4da18907ecb	Ale boję się, że jak się ruszę, to wszystko się zawali.
f7d7e5a01ed6d724bb404708b87d500f	...
54b7e0edc77930640a89699b877df430	Zabiłbym za paczkę Tjipsów.
4d69f27150a51bf42a9655681b22da62	Nie piję w pracy.
38c6d5451201e9c409d59855951bcbf4	Jestem bezrobotny.
b0e5910fc923b484d8cefe9c8277cfcd	Zanieczyszczanie to tylko hobby.
3cb09f30df311a54eb7505ca741ce9a1	...
5124b3ebcdcb9454d8b10fbb7e5d9db3	Ale jestem BARDZO pijany.
1af99d98caa6b894896c1fab6ff8bdd8	Po upadku Gangu Przemocy zostaliśmy pośrednikami nieruchomości.
8c4bc0bcda7cc1345bab4bd2852707ce	To świetny sposób, żeby dalej okradać ludzi.
2e11ede18171fe645b4a694cd58c217b	Ale w tej części miasta ciężko utrzymać się na powierzchni.
010ad81a15ab1564a84087ad33c6eabc	Rynek nieruchomości tonie.
0044774b939943f4d9faeb19e7eef196	Po prostu zły dzień na wędkowanie.
a7890deb60457c54b899559a1bafb921	Siedzę tu od godzin.
b0dc9e85ab79b4b49931d2b3e88a1a20	A złowiłem tylko dwie puste puszki.
68e8fe36a23b21640b96f7494505d1a8	Liczyłem na co najmniej pięć.
534d3fb7dafbb0848a7a18a90443f332	Dasz nam trochę prywatności?
703c5d2064d7d3341b895aee17a1fbb1	To było najbardziej romantyczne miejsce w kanałach...
33861b9fb1987de4391ae5f86aa94b63	Dopóki się nie pojawiłeś.
81a9c77a89515a14691c5e71dd8d4e76	Rzeki to zaprzysięgły wróg Gangu Smrodu.
5ff82e713e5165c49878770a814899e4	Ale ta jest całkowicie toksyczna.
d2f7d00612520624488b184da808e387	Czuję, jak promieniowanie grzeje mi palce u stóp!
8edf5bcf071ab6848b5ccbaf4147ce9c	Niektórzy mówią, że wszystkie macki są połączone.
2f76710f1387f12479b8b0d39d9aff22	I że potwór szpieguje nas przez nie.
78d4e40e3db6ed947927ea42e8b441de	Dlatego nigdy nie zdejmuję majtek.
b4a359eb37384ae4fbdf407349b46177	NIGDY.
ead2206104133fb45ae8f0896a48f500	Nie ufam im.
c404668fd87fd6341a4589674aaee85d	*GŁOŚNE CHRAPANIE*
ea3cf17db3fd7aa4e8ca507fee90e5aa	...
04b18c421829bc64b946e97d835b9e97	Żartowałem.
c63abfeebe0d5ff4e94e6332e67e7a1d	Jestem całkowicie przytomny.
adcfdb4d515076f4faf9ec6d57d7513f	Wypiłem dwie puszki Thirstfuckera.
c81219c49c47de14eb20d77cb49848ba	W zeszłym tygodniu.
8756ac57de30ebd40a7742159a0fbfe1	Tylko nie mów mamie, że oglądam telewizję!
6bcd9ad1c1e972a44a40bb9217a0c385	Powiedz jej, że biorę dragi i popełniam przestępstwa!
09b221975771d3e459be7d5aa27baaef	Będę miał przechlapane!
ca21ec01f62a28f479eb5a83cbe5eb7c	Tak bardzo kocham śmieci!
8684ab3abf5b34646b45cedb87b84396	Zawsze będziemy razem.
d50583468d80d0c458657e704d520671	Mam najlepsze miejsce w mieście!
e3e9a7f1b2f74f445ae71963c1dce1c3	Ten widok jest nie do pobicia!
8c62f500fac39534d99183466a9d9cab	Moja rodzina żyje z tej rzeki od 600 lat.
239473dc22af35642bea5eec7fa769c9	A przynajmniej od wynalezienia nowoczesnej kanalizacji.
d5a5a57b3e4848f4bb91ea589fe43786	Jesteś z Gangu Przemocy?
80f0f7810e877c44eb675caea9f90c2e	Oni są tacy staroświeccy.
97d6c9cd96ffdbc44b03317e17716eb8	Po co krzywdzić człowieka, skoro można skrzywdzić planetę?
86590cd372eebe94895c090a04df834e	Witaj w Śmietnikowie!
b4a420e3108586f4ba689bcdef5845b5	Trzecia najbardziej śmieciowa społeczność według Tygodnika Gangu Smrodu.
a8543a0ea2baaab4e96a10e66517f894	W przyszłym roku celujemy w drugie miejsce!
82e36fcd3ca394a43bc4ccd96805d93d	To miejsce jest obrzydliwe.
1a83d4dca32f5e340b8f17e33b267ff0	Jestem tu tylko dlatego, że potrzebuję nowego gangu.
47856d6fd838d854da56c467a285ba7f	Głowa do góry, kolego!
84ddbb80e86564a4799406d7e45f9135	Dla każdego znajdzie się jakiś gang!
ed112b0eeeffd2d4ca7f969d3dbfad02	Upuściłem soczewkę kontaktową.
2d5860103caed504aacbf6dfabab9043	Gdzieś tu jest!
df61c9c1e4d73d14eafd612b15b6ec8f	Pilnujemy więźnia.
93a5faf7660a8cf40b7d0e0878cf1833	To niebezpieczna robota.
e39a9e7672b3e8040b99cce43549dc32	Poprzedniego strażnika dźgnął pingwin.
bba85da68aa75404e98fd0918d950322	To twoja ostatnia szansa...
26a7a8084f7dca94aa3586e72cdd0e1c	GDZIE SĄ OCEANY!?
68b986f33cc53f548b245d051aea1133	*NIEZROZUMIAŁE PISKI*
d7543db07db0c3346b1b9ff8d935ba20	Czy to fabryka azbestu?
304078f3687ad774383b58b403c74961	Chyba wszedłem w złą rurę.
6b58bb463c516e14f96b8de816bd7b67	Gang Smrodu nienawidzi natury bardziej niż czegokolwiek.
439ad60031b52af439b9ef4280c86415	Buntuj się, buntuj, gdy światło przygasa!
ab125994cea12824f8b5fa07ee2a46b8	a także przeciw temu, że rano znów się rozjaśnia!
5ca8d43838438c447ae0cd9f1b7cf190	i przeciw śniegowi, skałom, bobrom i mchowi...
cab837e74767ffa4d866e233e0bd098a	Wiesz, o co chodzi.
367b704ca920e02469d19be7e01f353d	Pracuję dla D.P.P.K.G.S.
bd50e8acef3e0db4285cd5f082f6cdf8	Dział Propagacji Paliw Kopalnych Gangu Smrodu
6eec3002b28c2084baa0447ac21fbb75	Słyszałeś o naszej inicjatywie ROPA DLA WSZYSTKICH?
9f52f1521cee47a40a60b25b579b7480	Do przyszłego roku wstawimy trzy beczki do każdego domu.
6bd770fad6a9c494aab37e4728180763	Słyszałem, że Gangiem Smrodu rządzi obrzydliwy potwór.
a6365b6cf1aca5247b8046621ffd1b91	Z łuskowatą zieloną skórą!
62ea2fc422488a14b989efb9cf84a7cc	Brzmi obrzydliwie!
7b6b6d439db256d4abfefbf04580c3db	Masz jakiś plastik do dorzucenia?
297d371f8cb7c08448d283cf8551eff2	Przyjmę też baterie albo styropian.
e56bf04dd4927974c9c7e3104dfedb1a	Ktoś zebrał te wszystkie śmieci w jedno miejsce.
96036b71b6eb5f64da706e038dfb9ce5	Ale znalazłem to coś i mogę je z powrotem rozrzucić.
edfb36ae2e83b8d43bf13f13f0a4f649	Pięknie tu na górze, prawda?
d1a4040a6f061d746b1033c606aa9815	Mogłabym tu siedzieć godzinami.
4f7bd0ba2d7eca6409ad2b3fb562989e	...
bf543064b40b4c74e931c0411ebe03d0	Nie mam pojęcia, jak zejść.
62dfa099a432206468c6041f0518a238	Widziałeś tu gdzieś drzewa?
1554dba89294c6946a862c8b95401ed7	Koniecznie je zgłoś.
858ddb3b2fca1e54cb3f886750b77bda	Czy czujesz się czasem...
51d1c87f01c473c429e37c2c484426aa	jak plastikowa torba...
a0fc7f12fe8693346a00467cd1da7557	niesiona przez wiatr...
a3c5dab40d2da824ba8781bfdf796082	Mmm... Aż mi się jeść zachciało.
604de358ef59cf548a3bf4491b9b6154	Słyszałem, że drewno bierze się z drzew.
e5981e3e0767a6f43958a7cfaa160c96	Brzmi nieprawdopodobnie, ale ostrożności nigdy za wiele!
46673af03d8e9ff4eb0776065a1c94d9	Słyszałeś?
8a60806a6ce249945bfde8ff7276b953	GLUT GLINA NIE ŻYJE!
48c072a2bdfa3854e959236b98c59eca	Co teraz zrobimy?
e5b2bd7e89cd3334b84259753f586aaf	Myślę o wstąpieniu do Gangu Smrodu.
298c79e8a6ae64a4da437cfb901afc52	Albo o zajęciu się lacrosse'em.
92fcc26be6726324dbcf316fe0395ddc	Pomożesz mi rozładować te pudła?
ebafc86b92eb6ec4891caffc694beec9	Po co im w ogóle tyle przepychaczek?
dd5ad5d31f4be864dbf034e7866a10b4	Będzie dobrze...
121bf686af10abc4db585985361b319c	Przestępczość przetrwa bez Gluta Gliny.
e5d1b59c09657ff4e81934f2abac4ebb	...
af2e6dd9965ada043bc0b7c15d2f4487	*GWAŁTOWNY SZLOCH*
5a83743953ded804ebbdaec1118f9488	Wyglądasz na kogoś, kto sprowadza kłopoty...
6c82e1b74eb0d2043b37c70b4a531e42	Wchodź śmiało!
302404db7d6a9d047a93b7aeef011cf6	Gang Smrodu uwielbia kłopoty!
fdf0156431a4c7f46bb0121801810e42	Ktoś ukradł nam ubrania z grzbietu!
ca5c545eb211fbf47b581c0c7f9706ae	Nawet nie zauważyliśmy.
1bdbf3e05ea2eb5408bb07ee16a98bae	Trzeba to uszanować.
aa629f3f80cd24f49aa92350b9d86ea1	Glut Glina był dla nas jak brat...
54206bca8fb8e9d47a6e3855c33da715	W tym sensie, że bezlitośnie się nad nami znęcał.
bdbfe2adeaee1cc4cb4971bc173d05e4	Nie wiem, czy Gang Przemocy przetrwa bez niego.
34e201adfd781ed45ad50c8e7a3fe23e	Ten sklep w ogóle nic nie sprzedaje.
04e257a1b1297404e9af50b47e267c55	Podejrzewam, że to pralnia pieniędzy.
1443a6d62904e4f4fa9523ac7ffc8626	Próbuję dokończyć te puszki.
17c0e1286638e5e47bba3a0c7e808e63	Żeby móc rzucić je na ziemię.
8d934cbe2a112f9498b372cff6039c69	Może dzięki śmieceniu zauważy mnie Gang Smrodu.
47a605d27b5b60f4c9dbd1e05d207a5d	Jesteś szabrownikiem?
a86f17e8f1634f941b2d7934c25caa15	Od wielu dni nikt mnie nie splądrował.
eb7b6492cca5771409c1a5cce9566a58	Zaczynam myśleć, że nikt mnie nie lubi.
36bbfa142b703bd40a5c04c96a22a818	Po prostu próbujemy się ogrzać.
817d6b949b69aa84f876f9270bfa352a	Aromat to bonus.
ceb5eb1b89a63224da5e1a3bad109e3a	Ten wielki budynek jest podejrzany...
bd1b8df3ad4fcda43a401f5d01ef0aaa	Śmierdzi gnijącą rybą.
d1d8180a44a29cb41ae647f00266535e	I palonymi śmieciami.
2492b11f9875d1e4888d586c4407c8c2	I surowymi ściekami.
d6f4dd654511f8b4e8df6e208ff47406	I nutą limonki.
642d322504d9d6449976efa9db937893	Rzuciliśmy vapowanie.
5bf81a847adf1134687b2255635c6412	Więc przychodzimy tu po opary.
810b89265e83d1844bf45e6a4c93dde2	*KASZEL*
6171739fa3e9e4549aba1a94344bbf82	To jakby vapować niebo!
5844e39bfc94e5b408097e4b6d1d73cc	Głupi śmierdzący Anger Foot!
11de3d0ac3b2e2c478a1a17d491d99c9	Jak śmiesz przychodzić do MOICH KANAŁÓW!
38c28fae0de46454291e8bb4d9c31d10	Chcesz te buty?
c1e6f24d5fbb4ce41965a52a567230fc	To przyjdź po nie!
1ceec18717fb7ba47a833af31e09c446	Gdzie są pozostałe Preemo?!
96b2765ea26a14a4cb74150614012a97	Nigdy wam nic nie powiem!
2b77e74fdad89634dabbba4f5a3be280	Wolę kopniaka w brodę niż gadanie!
fd332608ce9d18b4d8ba88c225940dc4	Mów, kto ma następną parę!
66d445aab102ba94a93b2fdf901a0f87	Auuuaaaiiii!
611d1b53eb74e21498e421f098cfb2b3	...
c4605f54ffd141d48a49410e1a015151	Dobra, dobra! Powiem!
bbb025cc00f19fd459620a17b21f8dab	Buty rozdzielono między największe gangi.
da9f9aee5949d1f4e80ded30dc779359	Po jednej parze dla każdego szefa.
cfb7c6ad91d050543a35b243d7f9b140	Wiesz co...
291e2571241ad0743a620d46bd71aa42	Ostatnio jestem taki zapominalski...
d43edb4b7a17c3447bc1ea7a1da99bc9	Wyleciało mi z głowy.
4ab83d18d8f517748a06bdc9cc0ed191	Uuuuuuuf...
6232986e919957d4fbbce09cdf0c0b5e	...
feb006e41251c23459382f76df4f51a6	Już pamiętam!
11c63b6c06177c04e8da8694ebacddd5	Ma je Gang Biznesu!
f5844e7c05b46fe4a904389610871a94	Gang Biznesu, tak?
8cc617f612a6f4547a52ac62c4f05d8b	Stąd możemy przejść metrem.
66d78408923c9874da5dab3d07f78aeb	Zajmijmy się interesami!
d17bc6cb453971747a3045a2e40d0d5b	Weź kąpiel w serze w Kulcie Świni.
fcde28ebea3aea944a6a62e131a42cb5	Panierowany i smażony
b6b8a81f24045e74a99e96386cffd1af	Wysadź beczki na Śmieciowej Górze.
bac5c4aabdce84044b906989a426b7e9	Nie mogłem się powstrzymać
29eb7db882be3d746b4e77a38840d84e	Bądź jednocześnie pod wpływem trzech różnych substancji.
86d1282afa7617c4384e73d4317aac0a	Wymagana interwencja
ff749bb363107a04d87417b3169174e7	Pokonaj Gang Przemocy.
10c1d2b5bea4eb9499dcf8d989ef5ef7	Pokój zwyciężył
cb9affd52422d554a9a21f9b13b040ca	Pokonaj Gang Biznesu.
9819e9811cb18dd4586c4f58aee8d331	Bankructwo
5c4cbe4be1126894e8b039e1d3670999	Pokonaj Gang Rozpusty.
934197d591e4a684dbc9734d2bec3bbb	Pruderyjny
2e0bdb74b2554c24ea6e7231e3c1313a	Pokonaj Gang Smrodu.
4ce78dbcc0f4d0a4d9b78cbd79336b18	Kapitan Planeta
05926afd335eb204aac563d928279eb3	Skrytykuj sztukę w „Tajnym wejściu”.
5da9d7e85cc52b948a0d95da08335fc7	Bez wrażenia
2dc3a4f42364e084ab28d3a2130a014a	Zniszcz własny telewizor w „Powrocie do domu”.
e0a3ae7def91452418d192ea913e3a88	Wolę książki
0cbf544561fe8f54a95d3778c742b8ba	Spuść wodę w „Nowym początku”.
76fd1e4e4508bcd4a83453c01f3f2b8a	Wyciągnięta wtyczka
9b56ea86fa00b1a4a9ab8671666f240e	Zdobądź każdą gwiazdkę.
37af9ea22bf1ce8459a7175078174a49	Kompletysta
d33c7858ce87f35419663ba060b84636	Gwiazdki
328e394ad19c73348b25c7848910ecb1	Znajdź 60 różnych szkieletów.
a73eeca077bca744696cdd5fce084871	Zagrzechotaj kośćmi
f4f6246904f79464481e7ba985277ba5	Szkielety
faf076bf9a66c2f409c25558340f0d02	Znajdź ukrytego stażystę w „Wellness pracowniczym”.
c1a2e8a3a6782dd41b4927e1e84643a7	Zabawa w chowanego
19bbad0041425e142b9dca54223f8def	Podążaj za rurami w Klubach.
d57fd01efe214394493dd24fdfeaac2b	Dokąd one prowadzą?
875d20baec338594bad4a4d6b882c620	Skocz do basenu na dnie „Klatki schodowej”.
3ac459cd8735d714aa42208d8d5cfd71	Skok z Ponte
dc35695678b9e7243b925beb0ee42d0a	Kopnij piłkę do śmietnika w Zaułkach.
7e984a5e163015f41a7f1fd280f18d08	Oko do bramki
340a602842bbc854c8c5467a7eea8823	Wytęp wszystkie gołębie na Smogowej.
ef2f7c791e1858e47ba92722551d121d	Deratyzacja
387f7aba1132efa489dc7c24a7670b47	Złóż skargę w „Przestrzeni biurowej”.
9947041a953a34b4790d297884f0204d	Dziękujemy za opinię
c976c08acdd9cc041a2939653b12d683	Utrzymaj status quo.
99aae6e5998141f41aa26003db506130	Wieczór filmowy
ac2eb10a54c3f6845b73749a27a18a69	Zakończ przestępczość na zawsze.
bfd3b4617be7aa34399b7999bd7234fb	Nowy świat
c2b7756a7212d364ba875aa70c1bcd77	Poddaj jaszczurkę recyklingowi w Śmietnikowie.
550b2d185f652464f9c3ae0831dce72d	Recykling gadów
25470763c8c3f54499aa47e47d06edaf	Uwolnij torturowany okaz w Laboratorium Zielonej Rzeki.
066edaec19f091a4189207a89b6bbbb4	Niech to się skończy
ede3d088f40fd084c94b08ecd5514155	Uruchom wszystkie gaśnice w „Życiu w slumsach”
1859c5a995ff8e941be746adbe2ae882	Prewencja przeciwpożarowa
aca8fed2a4435fa45a4e328d7692bd4a	Zestrzel tosta, zanim spadnie na ziemię.
7588cebc3596dba40a0ea16814fed858	Szybkie ręce
99c5d25e9e018104a8105d81af1fdfca	Wjedź schodami ruchomymi w „Wyższym kierownictwie”.
713e113339f3c2146b7754028f338925	Bunt
6b22c9e2ba02e0a41b71f8b0c256f996	Podkręć muzykę.
5a4d3423dee685b479898b9418e9578c	Thunderdome
3cce36ae94b03dc44853bd4ad55b20be	Rozwiąż zagadkę sosu w Dzielnicy Pizzy.
f9869e09bfb515240bd5c002fa04102e	Skąd one się biorą?
86eb8a4ddf3f6f241b09f48e451955e0	Odblokuj każdą parę butów.
b65ccf8fbbc86f6478b2f966e822381a	Sneakerhead
2cf4cf7c732832b468a292343710f544	Buty
ee4ba7c558fe382469ce881217fcd9b5	Zejdź poniżej 20 FPS, używając automatów.
5145f54ee518aea47950be5ff190544a	Test obciążeniowy
91dd004aeb62e3d49be9649bc2ca7c01	Ukończ partię Broforce.
e4ab3708ee164db4e8e3241efad53bdf	Brogresja
7e1edbc2cc494e94389397e977f63d9e	Szef gangu pokonany!
05582e6bd2d355c479607daea957b13b	Buty odzyskane!
48733909592eb984193f249534e41767	Cel dodatkowy:
abedc83840e465a4b84acb7471203f51	Zalicz strzały w głowę: {0}
703765b56789b914da82d4df7ce4b400	Każdy pocisk musi trafić wroga
3e5dfb0722c586f44a30f071352f945e	Spudłowałeś
0f0fd4f5aa45d214a8871005a0f4aa77	Ukończ poziom w czasie poniżej {0} s
236cca67f215799459a8900b95eb4512	Ukończ poziom, używając wyłącznie ładowanych kopniaków
4e38da5732cc31341a54794171aed769	Ruszyłeś się
d3a340e5861876940ab3458bb568fcdf	Znajdź i wytęp wszystkie stworzenia w mniej niż 2 minuty
7f0659bd9f95a984cbfe766ce8599d60	Zajęło ci to za długo
d474a738866b0304ea575b2bbef83b86	PORAŻKA!
7d46c115bf9b1de4ea16c1ebf6e71e80	Zabij wszystkich pracowników
fa4f21cce3e852940b90fb8152073e85	Ukończ poziom w mniej niż 60 sekund
a90f15570f4cfe44ba3b4d9ec0508fdf	Zajęło ci to za długo
a348530c3f2abfc47b3988a67ed5557a	Ukończ poziom, kopiąc mniej niż {0} razy
dff3ba4df7cb57f4cbf466eee8e5608f	Kopnąłeś zbyt wiele razy
e16509a9a5c06464cb884252f253387e	Spowoduj zniszczenia za ${0}
79f7d58cbfcfdad4d97ccc9a4f9086c6	Spowoduj zniszczenia za ${0} w mniej niż 2 minuty
ac97dec95741ccb4eb83d188a1c23189	Nie spowodowałeś dość zniszczeń
230d36cbc643ff14dbb935f78548d8ee	Nie spudłuj ani razu
3b0a9711ba454d84cb19967686093f6e	Przeżyj, aż skończy się czas
2d785d95fab660142bf82ee485eb176d	Ukończ poziom w czasie poniżej {0} s
9118e9c92cb306945af63a330075f422	Ukończ poziom w czasie poniżej {0} s
ad4c4aba2fd3a39439d538fdc2c11c7e	Zajęło ci to za długo
d5e523e1602b4434287660bf494c1aab	Worek Glina
496acfa148764c342aff0ec8b3f08a0a	Glutobombowiec
92e220ae806fa8f46954220754098149	1997 Lucida
6a48eda3f589a544abeba76a2dac3b85	Glutokopter
7df8607d526c17f45ba522d33b018ee3	Minister Zbrodni
93f419272b61e1241a0ed8e97cd35bd3	Glut Glina
561b5784c91c09f4094b227534e29ff1	Mega Prezeska
f40e925045e77934fa441ab51c58f492	Mecha Prezeska
2a2e065ae7f9352449e7d0e376939481	Prezeska
8db36784a6cbaad4c8f62d53b918712e	Bluźniercza Otyłość
19ec7a10c01f3c54ea8990545b23b348	Świnia Pająk
b3972e4340303f649aa123d677e77133	Pizza Świnia
43392b3a910a00143aa592f65f80de70	Umysł Brudu
199af5b9b364474419164ecff094c378	Niespłukiwalny
04dfe608dc26e624d8cd39e2cf593cb4	Baron Mazi
a9e6b71bdfb1405428f2e44d306e864f	Kiwająca figurka
bec306c24cd73864eacbf60f7d933ff0	Płyta CD
8471b41cd7b56024aa875d2275867ce4	Czasopismo
f6c64da1de011cd4789ee3a5d97be202	Skarpetki
454ffd7ede736a948997a5698ae39bbe	Vape
c391961ff8cd9754b9238d4879d770f6	Wściekłość drogowa
e05bf3dabc92e254d886601cafbe53ba	Morska bryza
8b3140cc843c1ed4688b2d89c974e4d6	Mięta z mazią
1bb681645690aa246b3ce9a745da2114	Fioletowy tygrys
870c98640c4753741b4d4c911bae5dd0	Krew demona
5fb708ae71a9e9541b89d919bca3b85c	Testowy przedmiot
23c28c8f5a9572644a50554b3afdda10	Kryształowy mit
235d632192335404684d2a5ec09621ef	Nikotynowe plamy
d29a27d86f7ca66478c8f7a212480d47	Adaptacja
f387e355e89c22e4e837101dc179354e	Dodatkowa grafika i animacja
26802d850a42d264ca6f2f2ef22b9cc8	Dodatkowa grafika
208deb55a533edc4db6bfc56aaae01eb	Dodatkowe teksty
b4889dd928fab0646a8f3e2a6a64bfd2	Animacja
a5a8b689ea275664cbaa031fb79593b7	Arabski
0bf608864bad95344b38ab07db5848fe	Kierownik artystyczny
1df0b226ed99afa4f8c33833fb8944c0	Grafika 3D
badd07b7018ad5247bf172feb6351f75	Zasoby i wtyczki
1eed882c51a10904a9422e5060f0c528	Zastępca kierownika QA ds. zgodności
118b7b9c92e24a742aded48f085e5c48	Eskadra Bety
6d7414e4f6d081c4abda49fecb9e1a96	Dyrektor ds. usług
5ade31eafdf3ac342abe037bf18e54f2	Chiński (uproszczony)
c2a73af5d988f2f4da4dde37a9786a18	Chiński (tradycyjny)
6cc76b80abe90034c9dd534e6e153d0b	Głosy w przerywnikach
f5256cad656144846b84ad751bf34685	Analityk QA ds. zgodności
de954805803fd9348bd12a407fb857b3	Technicy QA ds. zgodności
44be31d9125de6742acbffe7fe582486	Zgodność
a909c5357f4de7b45826d6fdb9cc4720	Menedżer ds. zgodności i kompatybilności
5fec6bb48b9653041841fc973000d2c3	Twórcy
87f3571467e7a914ba07899ca067043f	DAQA
f7429ca98001bda4d94f69c516e5f2df	Projekt, programowanie, teksty
6b5586ea0a77f414791a458621218692	Projekt, programowanie
d644c0ca6c85b274db4e6fcfab13df41	Zespół deweloperski
0c9ef3daaa9b5ce4385c4c6bf6e23304	Konsultant ds. dialogów
bea3e0ba3ed2f2042bec15d0ba02b304	Dyrektor QA lokalizacji
739305e945bf3c34a88ae13076a06d42	Zespół redakcyjny
61c173d34dd442a4a95a971c15986d5d	Zespół francuski
bbff53cd00cad2f44a88ac68106f8cf6	Francuski
f5690898d36150a49874ff4ed784ad77	Zespół niemiecki
415e64487b7cec44e90513cb1af52d45	Niemiecki
ca496f7f7c4a01440bf9a7ccf2c4e9ea	Globalny PM
c7a1076ec7c409243a3821ca01e82efa	Szef obsługi klienta
b87aaf5ea9641714783e6e5f97e3cdbe	Pamięci
731adf69d8d25324e80ade461a9e0870	Włoski
0f0ea4cfd4f597947ab408af3c320752	Zespół japoński
e7ec506d16eb24b4885ae26267f4b46d	Japoński
2bc1ca6c3a4f0724fb51178b933bc6d5	Zespół koreański
ec8dd1548568ca240a5d8d2ca78c2491	Koreański
a36e4b6d5f1f22f489cac3ca4f337ee5	Menedżer LQA
3708af757291b1d45a4d68bba0893865	LQA
849c3762ee3f7734a88dfb708c6df4de	Menedżer lokalizacji
e3ce8d1d26dce8a4bb6e4ecb0eb36e23	Kierownik projektu lokalizacji
71cc2e4acf3773745ac7d82f7c95e1eb	Zastępca kierownika projektu QA lokalizacji
7b97b435a350e9b498a0e2cb539cfcde	Menedżer QA lokalizacji
9c1dacf3c3b9ea449984bac421e657bb	Menedżer programu QA lokalizacji
e4e2e5468d6e345498e9f2682c63c80b	Kierownik projektu QA lokalizacji
de56343fad711f04b839aba146526ee4	Menedżer projektu QA lokalizacji
796a849c5ccc5314bbb7f5c0afc68d1e	Starszy menedżer QA lokalizacji
e6051832f3395444d9b4b5a8fe60ae2a	Technicy QA lokalizacji
3ff9ed60a32231c46b79a02bb3effda9	QA lokalizacji
4a39976be7779ef4a815c2e6cbf01bda	Dyrektor linii usług lokalizacyjnych
e42b2f9254d0f8b4f936e00dbe2dd2b0	Testerzy lokalizacji
24b992d7f3cb21041a7a3f8ff01242fa	Lokalizacja
0dd9d957ff60e1041963a790be11178a	QA zgodności PC
ae8f87eacc8725e4683330b9e75f602a	PR
d3e354b078df98844bb13a898bb2085d	Polski
7781e28e60bb6144794b57fedfe6befb	Portugalski (Brazylia)
c045a0dbb1ce6c841a5fd2ce603ee97a	Zespół portugalsko-brazylijski
0ec6cd29e2d0757468d73ff7299db9f2	Produkcja
2f4480b57a6dd184cbb557a162602260	Kierownik projektu
3c771634f7069b14ca6072986d12bb32	Zespół korekty
859e9d714d5667a46b971b7fb6aff0a9	Zespół rosyjski
65c210a9d8280d24d970187ac0f79cb0	Rosyjski
9a91d305c1f97fe4991b2e16e25c2333	Starszy kierownik projektu ds. zgodności i kompatybilności
4051cd4711f6f254eb764330a723c357	Starszy dyrektor testów
a3bd408720ccdc84888a35c7a2d43e1e	Starsi kierownicy testów
3e0f6124d9a751949992173c6b70a0d6	Starszy menedżer testów
87dbdbab2183ddc408b663e2f9029d9c	Zespół chiński (uproszczony)
a8c4c396a90c3004fa2b0e8b12a65342	Chiński uproszczony
83f77491e97c161469cf01b17d2bc006	Inżynierowie testów oprogramowania
cc52fa1de042b4d49a21dd81e452fe8f	Dźwięk, muzyka, projekt
b6db9452e29ad994690e5ef91a6d4f04	Zespół hiszpański (EU)
233cc7b23a55eb246bb39176110447b5	Zespół hiszpański (LATAM)
fa4857446eb93f5429a4875ad2259d7e	Hiszpański (LATAM)
941bb32c9566411419caad67a4adce2e	Hiszpański (Ameryka Łacińska)
ad6b64e92dad182419082a7897f8962c	Hiszpański (Hiszpania)
1ec2d61aa7055cf4b98bc62b62cb944f	Podziękowania specjalne
1adecf930c689254f94f7ea682055ea7	Szwedzki
1b64157fb694ce249ad75618c2259b1e	Współpracownicy testów
2f11229148b60a141b0ea6ea53e15880	Kierownicy testów
d0b4fae1dfa6a9f45816ff5598584cf3	Testy
85054d7c2636f2646bfa6ccc5fddf787	Szef działu lokalizacji tekstu
c119ec2836349c049bf19cd90a632ba1	Tajski
0d013844b15f6a345a12ac1e6fb3011e	dziękuje
faae9677727ab86458cf314db3eec359	Zespół chiński (tradycyjny)
d5dccefd9bbd8be419f464e38705c83e	Chiński tradycyjny
966de4416b25e5741ab9fd8bb78e6dfd	Zespół tłumaczy
b29efb6c495754244b73a883ff1df0ff	Zespół turecki
a3ab16584bbeb474f815d3c591393d73	Turecki
6c73f11430ad3dd42beae019b0f5f451	Kompaktowy
117938960258c0c488848358cceab4e9	Domyślny
7249e9c663786cb4e93e379ecd1809df	Ukryty
8f4a4a1c8e7fc1e408bc6d13110d0e2d	FXAA
ee2e69a5927cb8b4889ca0f476baa57b	MSAA (2X)
c2f5b634053a94d45b20464c6f17971e	MSAA (4X)
36cba35eeb1688f428ebf3937a7cbd60	MSAA (8X)
b2359cfb241cfb24fad9cfd75c8805a1	Wył.
96669dd78e1f04d4db4d93019b7a441a	SMAA
db406d8400b9f5e489d8ece9a6f7a731	TAA
be26f3bd66b831047b1479b5c91cd347	Łatwiejsi bossowie
c8a74b1a7c260974185b7a097f3ca6b5	Łatwiejsi wrogowie
4d218bc93a932924cbb93e237586f8de	Wszystko łatwiejsze
804b19ee8919b024a81365636c0a6fd2	Nieśmiertelność
cc367b87f74f95748b6d548d5d2f8f80	Wył.
620d313d16d79ef4eb477908d4fb32c4	Dzwonienie po wybuchach
d8a03d18b056a1148b4a504ba41d62ce	Muzyka
6ee4f8bee18ce0544b47e890a8d4b9de	Efekty dźwiękowe
90e06f1378b90c146a5e5b1c6d1f86d1	Czarny
f01d68b3b27ddfe4785a172b8018cd81	Zielony
287ee85084501404f999b091ae91374a	Różowy
05b4c1eea7a1c0349835f9ddf26cb94e	Biały
f31df8cbb44be1042bdfb56a64b9c5e7	Żółty
91287c5f03952f047bc84415e19a31a9	Zawsze pokazuj
02695ae665b0567468f1cd2b60a08dbc	Nigdy nie pokazuj
38f61630b3c949449bf81a640be3d58b	Pokazuj z bronią
3a13653e9f5c0b14e91f2b780cfa60f9	Antyaliasing
26c19b7b73e5bd54aac49209e6ffb32a	Jasność
3418a21e95c6a2545ac9118fee8e47c6	Ogranicz liczbę klatek
e7f99336ff9674042aad9020e34d878f	Kontrast
1b699aab84b32ca4a85d37d38f58463e	Pole widzenia
7b6cf0ddd0a87294db148ee0ae7f7f1a	Buforowanie klatek
ff57ed6204c31d0458fae7bb90170bfa	Tryb wyświetlania
5bd54034a99ab25479ea2846e85f76ce	Gamma
8299dacf583c8b842a9465e4e9606c33	Maksymalna liczba klatek
055cbf3912d5b114fbd4768fbb46307c	Rozdzielczość
ca2292f293df3f64d928944c8155dd87	Synchronizacja pionowa
8dc334f65dda50a4baecaca4e64ce90b	Najniższe opóźnienie
3e8e1d0b011e13446af70ea7878c4a04	Najpłynniejsza animacja
e633091f1e182d84da3a0d3b38a07646	Pełny ekran
06cc9e0e8e00d3841af88ab26a18ba43	Okno bez ramki
f4e2e74e3f2f0b249810b80948f32ff0	Okno zmaksymalizowane
01669f6a6c385c54196a77def6b34e2c	W oknie
f5bf28c28a692a649bc722e3f232fe79	Tolerancja wspomagania celowania
5310f76440318ac4cacb124144f09f5b	Przyciąganie wspomagania celowania
a44cae2ec346676429c038d0b19d8862	Śledzenie wspomagania celowania
f24bbbbbdd4257d428da6786c351d779	Włącz pad
999d119159de9314983d27cb0e909611	Przyspieszenie pada
c8c718c210c7c034ea2c1ebdeaec6e59	Martwa strefa pada
5b2f95e14f7ccae4c9928413c544a3ac	Interakcja
00b9a3a073e17e54f9acb908b893a930	Skok
d0450c226287d1e47977da4a392bd399	Kopniak
383ecf4864c30e041b2f91549e6eb57c	Czułość pada X
30cf491dd7b51e24a852b64b285b48e6	Czułość pada Y
6692b926a398fe544acad6209dc04aa4	Moc buta
a7435e6d8751ba64e92cd9986317ecd3	Strzał
453a9287cc4897e4dab6ad6763b0c557	Rzut
17f5ba9070b65c14f9b4fa02fc78e1cb	Wibracje pada
dabd81139f4e5314cb36a0dc3420a4da	Odwróć oś Y pada
08d20717a9b7ef541983d74437d8cea5	Licznik amunicji
c4b17467ccdc79b4b84fe9ea6caada0d	Tryb ułatwień
9b913ffd21be88946b2c7c356219543a	Automatycznie rzucaj pustą bronią
c391828cc23689a4fa42fe24191d35e5	Odrzut kamery
ff3af7ff329e1e9459d7244bebdfa890	Trzęsienie kamery
04c79a8a40be178428f5c34f45f7c0c7	Kolor celownika
10051d8c89b25f64285e01780dd72a70	Kropka celownika
8af878388044df2478e8b7872bf86869	Długość celownika
8acbc509ec7c6464d9be456bd811638c	Celownik
1d27a99cdf2e44c438cf54cbfce0f942	Przezroczystość celownika
e94731daafdff3449951b85ae04b7400	Grubość celownika
303869dac6850e64181c089d8b2e6f46	Migające światła
bab22960bf4df4f47a97fe2832c6e6f9	Pokazuj krew
0d07bddd4d52b0a449aab51a0c3a2138	Wskaźnik obrażeń
d66e948649819724586c15ab4a720504	Wskaźnik zagrożenia
d874e9a7c216d354e85f97d596c1d777	Znaczniki trafień
4e2c2e32f570ad844808987e0eef01c0	Pokazuj cele
3fc83cf27f41f9a44a8d56710679048b	Pokazuj czas
cdc3a6a0f14e9eb488a49bac095b511e	Podświetlanie broni
005bde074cdf6124b98ad0949a110ca6	Jakość efektów
756f888aa0b256543b5ee2cce9dac0d5	Ambient Occlusion
11a933cad6dcdf84db80cadd64acec6b	Bloom
6e4c7f0b48d22854d85dd28cefbf8791	Aberracja chromatyczna
2425cc62a25bfa147a2ce9cb92f7448a	Wygaszaj odległe światła
55933dbdfb7837442b20079e303ae511	Jakość oświetlenia
65d80f9e6e295f847b4bcc50d5a301f4	Zasięg cieni
ac8fc3c8650df894d8f9fce6e918d1e0	Jakość cieni
526bee97949f4ba4c89124cd0b0ce5dc	Smugi pocisków
acb6425f94a0ec14da30d0f863a96644	Ślady po pociskach
eb22584b1ff5e3f43893b46322bd14ca	Łuski
cba61cd6146c8d54590b84986776454a	Rozdzielczość tekstur
13f04f2662ddb5a4cbf320798115f919	Odwróć oś myszy
5656c3643fe89a34db5ad2a2bd43763a	Interakcja
cf76507c91214984eb032f7d8e355e06	Skok
2aa58deb64a12034997d97e5abd091f6	Kopniak
3af98bf89985e17478f2317885516e60	Ruch w tył
124799c66e248d947a1447102a0f6ce3	Ruch w przód
5540121f111fe664a8eb635b3ac0c81c	Ruch w lewo
2b673cec7aabd2440bf7772aeabe7bfa	Ruch w prawo
ae8948294c22b224ba3d278613312e8e	Od nowa
8f2fa3a32b78c7e47b9ec8d14dd58f40	Moc buta
3e0e4fe30b7a3e74f8b9d8010be1f01b	Strzał
99acf331f0f43da4a9f6786b389985fb	Rzut
e20e3a6d8448cfa438242d91ff63fe56	Czułość myszy
dd22df4088d9903478594f47e407ffb0	Wysoka
e59bfce5498f8c54893553c13fcec181	Niska
b1617556724cead409f9a9442ff2edab	Średnia
168bbd55c33424145b5624657078707a	Poświata i iskry
31f3aaf31c22b69418142057d72bccde	Poświata
80becc11d73f94e47bb50e83590284f2	Wył.
47e3fecc23a6f074c838fb2a36ac4266	Świeże sneakersy! Nowe i zafoliowane!
cda8f3dde0534624baa9e4e8718b820c	Spotkanie przed Bayview Heights. Tylko gotówka!
755ccf2e3adfcce48831bfd00b36e250	Znaleziono znajdźkę!
765eecfc37ba5194bb3bfa28ae8503a5	Do roboty
3b7ba35bfdd7ea54fb8edd4ff9ff73ac	Jedenaście minut później
018417d8f9a29d54e9f9b1736543e4f0	Miesiąc później
d6ee3e1e31aaf0742af205453e192645	Kopnąłeś {0} razy.
a608a6922813eff4daff99946f4ad983	Dzięki za grę
e9a81d26414bed54aa242076c7dd05f4	Koniec
f210cb0cf1f800c4d910ef758aa270af	Jeśli poziom sprawia ci trudność, spróbuj zmienić buty
ed9378e222c440243a4565f65d1a91a6	Możesz rzucić bronią, żeby ogłuszyć wroga
583b9aacf96a5ce4cb9c71793b99418c	Zajrzyj na ekran kolekcji butów, by zobaczyć, jak odblokować nowe
666e43112d8de8244a52710c5f718161	ANULUJ
6e54e1a5c01e05c4291446601bb671ed	ZMIEŃ
b30e6c75d61ef7147ad209d77a733748	WYCZYŚĆ
1b165cd32b26b6844960d4fa911f455b	ZATWIERDŹ
55a6215db53011f4fb8cdc16e1bf9008	Naciśnij nowy przycisk...
d9822ae47aa40e24ab09c1e198d0683b	Zasrane Miasto
6fbcc90e7a4759842a692626eb64ca31	I Gang Rozpusty: najbardziej bezbożni z hedonistów.
14495d65523e4094bbf9a72e3a7ced21	Wszystkie te zbiry odpowiadają przed Ministrem Zbrodni.
4dc64ea68c438c7428a5c4de6093030b	Wszystkie prócz jednego…
31c52136237e851488f741308f08ab2c	Nigdy nie było gorszej wylęgarni zbrodni i zepsucia…
ca063cbd0d3e87e4d9687f7f90d4a9bd	W tym mieście każdy należy do jakiegoś gangu.
2c32054af0709c24984fe4432bb5890e	W Zasranym Mieście obowiązuje tylko jedna zasada...
08904fdffece39b4a9c23fad057d3000	Zbrodnia jest prawem.
f01d0fd9fd318684496ea86627236f75	Miastem rządzą cztery największe gangi…
6670e3611312363468316e887ddf1b3f	Gang Przemocy: rabusie i złodzieje.
9c5e1e90663d60d4d9f039a949786bf3	Gang Smrodu: najbrudniejsze bandziory w mieście.
50ec678276aee1e4ca934dec3407e6d2	Gang Biznesu: kombinatorzy i korporacyjni oszuści.
53c31fa286e27224ead700bc81486339	Najlepszy czas!
e8126314990cd944eabad8e8feb82ab6	Dalej
69e011376fa0c5c448d4d1cfffb1afb9	Poziom zaliczony
08c62c699505b3f43b2779329222e1a4	Nowe buty!
643a2e2f0afbade4f8667e716e8a384e	Powtórz
7826ce8849aa03b4784d513808b6463b	Wszystkie zbiry
ea8a0bea95a22364daf0346b1581ca0a	Bonus
3ce6632965b04964db97cbd6e9cb0255	Znajdźka
9f655f305f2a0054888b00a225406203	Poziom ukończony
808cb2a99eb945d409a7b9572f2b8dfb	Czas twórców
3a38ea9dec3251c41aac3d4772a75d7b	Tylko stopy
56ef15bf6745abb4d8991ec3fb176c0c	Pacyfista
67b2362365d03e34dbe40dd70a886d65	Cel stylowy
3c44b5e0ac43d264e8667bb72a93a9f7	Benzynowa impreza
9b0f1d3aaf8e92d4484fde03d5c94d11	Pine Tree Heights
5d31cec50e830b341a83080c97f1b862	Hotel Zapalczywych
107d12a795c3f2640a5787932e67d673	Glutokopter
d52ac938c438cbb47a9e461d25a609fe	Pościg się zaczyna
9ffe7431accafea42b4311760c71553c	Nalot bombowy
c2728097616c8df418ee6bc762a778bb	Sunny Hill Apartments
30c5df33401fb6a489b3c464af5cf08a	Haracz na buty
1cc2f993c4ccef84697a672741a2723f	Narcotomi Towers
c39ff8934e848374095255b3180e1fb4	Szał na dachach
128b416914977fa45b2d6761809af852	Strzały na oślep
51f83758a061115448ffd76e56a812b1	Barksdale Manor
4f07e6fecd5cdf948aa9d0735d5215e0	Kontrola zamieszek
d3f883f14ca83274db2a58c5fb6fa23e	Jedziemy w górę
19cbb36221905eb46b6dbd185d1ee065	Eastbrooke Suites
2cd96cd1e34100b448fa5b33f60d5d5f	Korytarzowy zgniot
f2daf22f3f8232146a3123ee36d8ab18	Powolny salonik
714093588722628458bdf708803af0da	Biurowy sprint
5e3f4b0b34488434f81de2235e1884ef	Plaga
ddbd77e50c7b67347b5c2f674bca3b47	Piętro 7 i 1/2
84bd56807f0beab4eba7d2d051f2ac23	Oszczędne stopy
fc64e42653106144290481b2691e30d8	Wandalizm
f650552337e004d41bc65ffbe746205e	Snajper
a578f4b505480e34c9697bbcc5c9ba1e	Speedrun
d403af90b4d026a428a4470ce766650c	Wieża Zbrodni
919316cf57aca6442ac43cae3b8590d6	Miejski chaos
7afc169c6d20dd14287f4c434803cf82	Ciała rządzące
6c154ee167086cd4d85eceb2298671f8	Ostatni kopniak
f00724eea3da41942b9c5d1af26881b6	Cheddarowy Potok
e8a328ff73b902e43b354aac462440e8	Placek na niebie
a2fb4cf0aaafa0644b29e70814482293	Grzeszne święto
af91576ec0523ca4dbfe5807b60d7d8a	Wysoka stawka
59ebb3c7ccf115145acea2c68b24d316	Ohydny loch
86d25ad5d37eae44f839d02c25714295	Deprawacja na grubym cieście
6d3fcb3649920cd4c8e46730dba09800	Riwiera Mozzarelli
98a9d1a45a645f848ad04888679d3342	Palenisko
ae0e403e9ac733d4793d0ae2fa0a427e	Przełaz
b92837b11a89804488fd1687ca0c404a	Dekadencja na parkiecie
b3ec52582ca550342a5cf78a9a94611c	Pizza Świnia
780c09d244907bd4ba997232d61986fd	Klub Rozpusta
380cdf6ad98e3ad4c9dc77643fda6a19	Bezbożne sale
d1ff58a66b5f0e949b5790f094d3a02a	Zmysłowe rozkosze
9cef2538b9dd4cd4fa74479c7f1f78e4	Impreza w dole
df7b80ad266804947ada58686cb9a2c6	Rozkaz zarządu
261d7079887130c42923c221192a6bfe	Rynek niedźwiedzia
b8d3d9c063f15f049be2706f80994b89	Wrogie przejęcie
24cd70ed7162914409950c13bf73f53d	Zagroda byków
c96cd0d603dc7ec44b110751103f8bec	Szklane sufity
1cfec14bbea3eca4e8fb5267620cdd1e	Siły rynkowe
2cc0faac527acd3418c4d092d597e1b1	Windowe piekło
db04c02dd7bbd10428717e848895fac3	Kwitnący przemysł
b56d61de957ed484fa51a9b0ba3c77d9	Łańcuch dostaw
9e29af2c0015f034a9dd7aee4c45b61a	Import i wymuszenia
36a9367c2fadcc7418437a51b39dff2f	Prezeska
2ea10532a72364941ab4dc5a67eaa636	Węzeł przesiadkowy
92f5e51455aedf0408ddb8f1b2d6de7c	Stanowisko początkowe
d67c7de7c671443469147672a0cf70ff	Giełda Glocków
34fa45ee1abc2974fa507ca776c1bfd8	Bocznica
9246f7a7b5b80a4448ac61460232dfb1	Wykolejeni
29b18e0344816054a99b140520adfaa8	Obiekt eksperymentalny
a69fb5c7936b9e94a95afd36a7fd38c0	Parowe kanały
9a1d05d7e018c9e47b958ee512ae9dc2	W błoto
07836b5862b056046894516ca155d08f	Rurowe Miasto
ddadbb7c5ee16be42a3c669193fc6ebc	Szambowe Rozlewiska
d3f75a1c7aa3d8b4aabdf9e4353c1c96	Doły Mazi
f7414c549f3995448969a3f0160799ab	Przerwana izolacja
90ff8013257da124ca44f22c419df3bd	Pełzające kanały
6100f46801577514ea78a721a49fa630	Więzienie Smrodu
b0ecd9f873f4e60429cfb7c909fce752	Głęboka woda
ddefbd4b06815b84c94df9d7c2c6e67a	Rozbiórka macek
1bf2d24c93093334991d25185e336862	Zapchane
b6cbca6b638dd0d43b4d4348155f4db0	Baron Mazi
be94fd941fa2bc049b04537b16c5a56a	Rynsztok kupy
49c5b719848771442844c9de70736587	Zaułki
f613af9fd72e6824e9587af8bd99308b	Życie w slumsach
e99f35c26aa98e447a97ec3a6f69d6e1	Haracz na buty
16ece5fc74852e94b8c56caa9f19b5b6	Klatka schodowa
4197106b9093d8441a5ff4d09eaa9092	Łzy pod prysznicem
b9dc4a3a6f589b14ebf6ad55bfdad3c9	Minister Zbrodni
60c0a6c968bb1f94bacca4fb76b93521	Daj gazu
b07ea758a77e379408f39157c048e6cf	Kluby
718d839b03eaccc48a0b817dedd5c522	Kult Świni
3e836813ad960fb4fac5210e9ae7462d	Dzielnica Pizzy
9e7a75242de538247bada5b95581f517	Tajne wejście
8cfa0bd4a32b7244ca4e59460b517ff7	Powrót do domu
8e79a4254f521d1448730ab00466c0c4	Bankructwo
8b52cd90e62c6b0458660e3e2b2d46e5	Przestrzeń biurowa
7902a32eb9d85e84386cec8e3ee9f243	Wyższe kierownictwo
ae1a3c1974dabc04ea1cdac9d3f5b197	Nowy początek
6409f6bd9d963f840aaa132188504bd1	Wellness pracowniczy
e92d52c8c44457848abe903036eaf704	Wieprzowe braai
ce5345b9277d22d4798916f227fa3600	Laboratorium Zielonej Rzeki
cc36f26267e687b4db3a6cbef7e54418	Śmietnikowo
c8f31b49914ecdf4eb0c539d07ed60f7	Śmieciowa Góra
d258bb1efad4b114cb314c0efa6fa29a	Smogowa
d96cafd7738181c41806ac486ed8e4eb	Martwy mózg
003c2eaef026cf841ac2d8904035e745	Wstecz
9f8cc57df76cb1046800ee43c6281ba0	Anuluj
5c347fbf5ce09c745aa9622be647cc36	Trwale usunąć zapis {0}?
71fac0436466dd94da7c7f9128538836	Usuń
7fe1a72b74bc1524da841e6524284fa0	Nie
63b3a04073696db43b1069cc06d146de	Graj
a1cae11fdcffe9340adcabf66d99b42a	Zakończ grę
c2cf598874f0a5d458ec99be867ca6ff	Slot {0}
922310b4f13c5f049a05b4ba29c7ab65	Ustawienia
83eed20b62119ce4a8e60cbb2f5a332e	Start
996f7c135ded96d48849f52d4e577a45	Tak
86469c78bce507044abd13cff93e4bb8	Wróć do gry
25754ffb698df2040a8bc7608b8ccfb6	Wyjdź
4e0a4b5221e0ba448af26b1fe4adb5de	Wróć do mapy
c5b3aed255978ed4fb03b291c3f17cd6	Zresetuj demo
faf8ec05b487da54cb5fd0c57c1db23a	Od nowa
ebf4aec001cb1484caad3cac4f5e0f5c	Ustawienia
6e0676096421333468bb71f244018cf1	Pomiń
6965587504af3d7499d733080671d498	ANULUJ
4f3ef06157af85f4aa6d1393f15b6208	ZATWIERDŹ
7e8d839c9d26cb744948f490a8b2a74e	Zatwierdzić nową rozdzielczość?
465e9456b15a21145a0fe91fa0def2ce	Dźwięk
a0a41bfc79bb4cf448127412c7c732ac	Zatwierdź
00c2d721c24ca5042b01681608a5d9ba	Domyślne
1258dce7dfbec1449a5eb6f35510dcfb	Ekran
59e38431ab9915d4195f23835c14ee00	Pad
b9ba3d2c55cffcc489b42119a6a6d648	Rozgrywka
795dbce03d904cc408cb3a2518f36e81	Grafika
b37668fd832d5c74db3bc01c67fa22fb	Klawiatura
007bebd099989a745a30f09d15482be4	COFNIJ
b065d6cd4ebdb854496731d826cd7c70	Wszystkie buty odblokowane
0de555b77af46144e9e2a8b605fd42d4	Załóż
713efcd9ebc4dfd4d89c4064525d9c3f	Buty Anger Foota
3aa8956dbb8b4f24ca964087a2e8a9ef	Odblokowano nowy but
4469c1f872e4ceb46b97b8e52b8bfe40	Postęp
b2861dd1ddef8634c858cd0abfb4744a	Losuje but za każdym razem, gdy zginiesz
2dafbb5541b633346ab2e95f49a8477b	Losowy
628d2146ae7de94468b33d0deb08cec7	Naciśnij dowolny przycisk, by kontynuować
7ac2aff473688a643b69715955c822f6	But odblokowany!
04f4f2b3c95644343a56558ef4b287ea	Ładuj potężne tupnięcie
c82f99e4155bd834ba099ebe69043714	Czasem trzeba po prostu tupnąć nogą
cbecd22c6ecfe304aa2c4f28e1b6e779	Hukobuty
7bd5b0bc9892b164e942ee80ffb84fdf	Zamienia każdą broń w strzelbę
d0c40b117029d0c43b9a4dc1567fd446	Strzelby są po prostu lepsze
da458b702c48306488c54267399232ae	Pompowane kopy
f8621c1a9747b5647a773fa2bc6b6e3c	Kopanie zbirów uzupełnia amunicję
6904f52db3cbdbb4ea69c80f19380e14	Żyj. Grab. Gardź.
cad263370662a914bb3121f9b22e2081	Padlinożercy
5ff3cf0657876d645a65c421af795ec0	Idealne do kopania
0dcfd9738f158894ab8b0a5dc4921942	Idealne do kopania
d388b1a78831c214399c3173e9b47916	Stopy
d616cb95590303a4e8034ecc8f17a6da	Każdy ma naprawdę wielką głowę
0576517127ab7c64bb3ce49b8610556b	Wielkomózgie Kapcie
a5cfb142fd683db4c906ffa2a6be52cc	Powiększacze mózgu
e2b579fb8e05b284ab9b83340a6982e6	Zamienia wszystko w retro strzelankę
9f6a68116d2bb6c47a5129848c6e1ec7	Już takich nie robią
295b1da817c2f5741b75c694d5de4c5f	Boomersy
756ae4f9faa31aa40a4a4eb303d7cfef	Wybijaj zbirów w górę
3555581ed1d3f9b45a182a4437598261	Ciosy w górę zadają bossom dodatkowe obrażenia
38612872fc687a9458840daad57d506b	Podbródkowe
597be7036d623b541867e7819186f68f	Spowalnia czas przy kopaniu drzwi
57f6195810cb67c45856e8dddacfe8f3	Nigdzie się nie spieszymy
d0e60d6c3f78dca40bf3ea6c3ae84f2e	Czasostopy
808784742faa9f2498eb9b7cf55a8391	Ładuj potężny doskok
87ee92f20ba399541ba46fa315066a90	Przekop się przez wszystko
c238348d2dcac214c914379f38f07130	Szarżery
f84c24f60d9dc934f8fe35beb41e17f0	Buty klauna
2b204a1589e6dc4468afb1370ec13fc8	Buty klauna
4fd454bd5f15b3b47bc05fed30c177bb	Buty klauna
7273ccb5f08e8364ba77aed284768900	Pozwala skoczyć w powietrzu
5ce90f6cfbce1f54cbde5edaa8200a2d	Niech grawitacja zapyta dwa razy
c29363dd2c2b63e4fbb5951122dcf55b	Podwójne sprężynki
11c1efbb4a17d4f43a7552cc02f3ba7b	Kopnięte zbiry wybuchają po chwili
b09c549d7e536d94ab2a3532a7c77c71	Upewnij się, że nie żyją
40c9d17e4497c7b468e4baaf0d9a6d1e	Mściciele
74530a4b3d6fc6c49b8658dc2c3abd43	Kopnięte drzwi wybuchają
99f2c7c855bf6984990aea722107bc78	Wejdź do pokoju z hukiem
1ed631c2cf97e0c45900101f94bd9c43	Detonatory
992865e3b7ffe8b49a77f5a2222dbccc	Odporność na ogień i wybuchy
069b7f2ff8226b347ad1091895dff973	Gwarantowana odporność na płomienie i eksplozje
ba4707cb803274e48a2fcdcd418f0355	Strażaki
ae68f5bcff20cdf46a5744be8f6cdc2e	Kopnięte muchy stają się sojusznikami
e4cbba4d0b82d1a4585a48117ca93f49	Zniewalaj muchy urokiem mody
cece7f017602c354aa219e8bf1b0410b	Zaklinacze much
86eaf5234af36514fb06e4bf30319c73	Obrażenia zadają tylko strzały w głowę, za to bez zużycia amunicji
eeb63e4878458e64bb9056cc2fe16c2f	Prawdziwy strzelec nigdy nie przeładowuje
b63c49018d5f9de46aecde0d8acfc3b7	Noscoperzy
0bdfe7d9d75967c4c8d81116b7604901	Wszyscy stają się pijani i niecelni
4659cfeba04bf064cbbf5469ada78198	Wszyscy jesteśmy tylko pijani i niekompetentni
a48bbd84c34f39f4193abc2f23afe5ba	Klapki
a5f34f299d792764b9fb16a987fedd60	Otwiera zamknięte drzwi
6a0e8b4fab8934040bf0daca32a07984	Powodzenia, agencie Foot
6812bd8d3c4e1874cb41246a3daba4f6	Tajne służbowe
c812fa7c75bb2694b88c33f15217082e	Pozwala skoczyć w powietrzu
8c649061252bf884f8777928fbdf1070	Latanie nie jest tylko dla ptaków
0bebaab3b4b64b342ba9b5e1e264e13f	Dopalacze
493cbab722c4253468d61c26f7e01ad2	Rzuty zabijają, ale pociski tylko ogłuszają
730ffc280bd9d17438dd1f9f82739cfa	Zostaw gapiów oszołomionych
f9aceaf9498b18b4a9d13bb3c76e8ea1	Szpilki
c9d5b29c5bd2938439f021e123c8e2b9	Znacznie zmniejsza przyciąganie ziemskie
327e95fb5ba96df4085f9371242b5cb3	Tak wygodne, że poczujesz się, jakbyś się unosił
d4a724ea164cfd74583ea7594da2d2fc	Dmuchańce
a398dd35964560f4ebb2aa6cdc75794a	Zastrzyk szybkości i wściekłości po kopnięciu drzwi
c1af733123d0dd24c98221ade81093fc	Bądź wściekły. Kop mocniej.
1b6e59ed4bdd81847ae8df439c13e2b8	Wściekłe biegówki
1b1afa78201a5d5428221e5fcb5c2828	Zbiry upuszczają losową broń po śmierci
c3dcbf322861f8f45b32396a14395f32	Zmień styl
2672f5b8af024b847915a3822704b402	Hazardziści
6148007bdd310be4b847e37fc248484c	Inna moc buta po każdym odrodzeniu
82eee7cbb5df86e4ebd3870aeb725445	Inna moc buta za każdym razem, gdy się odradzasz
9eb817fb687bc6b478930f74387017cf	But losowy
280ff5f9c11cd274e90a6b22ced39568	Wyzwól serię kopniaków
02b929136d66ca743a63c7f1d6634415	Rozpętaj burzę kopniaków
0fc95bcaa1011b34986b5cfddea1a45b	Błyskokopy
01f6a323d915808418a54057d21eb470	Daje drugą szansę na życie
9ce9440a0f4a78846b1f1dbb992b9e0a	Cuda się zdarzają
2085751da0e2c5f4fa354a384f2bc33b	Święte sandały
4e18172607218cf4d88aec5f68f5253f	Zmniejsza wzrost
2082d7d6f6ddf1544b9c6f0b0526d043	Okiełznaj moc niskiego wzrostu
e15440ef3ab41194fa375b26993990ce	Rozmiar 33
aa5d7333ba1ae0d4bb43b7508eb2ab55	Wykonaj kopniak z wślizgu
d26406dcd8d3273459be07ee76ef3d8b	Czas się zaangażować
59b263854892d0a4cba320715b1e64b1	Wślizgowe
ee74f7742bcc74c4c852df9d24e307da	Mniejsze obrażenia, ale umierasz, gdy przestajesz zabijać
3da769df1fa92ae47af7afb4361e392a	Zabijaj, by żyć
f49bbe51d193f2f448290c35524c702f	Duszochłony
5970f09e1dc783549bcc31ade3163d55	Ukończ poziom w {0}, nie zostawiając nikogo żywego
609a017030ffcc541a3c17fca4553899	Rzeź
90f93795cf2e2b84dad79ea9c4dd4610	Ukończ poziom bez butów
d4aa628bd0df87549aba57e2e86652ca	Na bosaka
9a2ea20522082de49a08f5387b205f9a	Ukończ poziom w butach {0}
e35912e3be10b9540aa647ade25bec93	{0}
0afafc7a40869bc479c40e755c65f538	Utop {0} zbirów w serze
f52d8ab1674a0314581a66386af860d0	Mascarpomord
362a8196caceda243a8543aed5aecb98	Strąć {0} zbirów do mazi
8aff7ed1beb4c8b4dae5c02e67e94a20	Zapychacz
46f01086c3e4f1444bb59aed56fc3c96	Zabij {0} zbirów jednym wybuchem
2971e6df5d9ff584db414f1a5fa21452	Wielki huk
8a7aa66132e4d394dab9b45122c25fb5	Ukończ poziom, używając tylko stóp, w butach {0}
8fde04129cf437a4a82de93dfe9a1a34	Pionowe wyzwanie
1cb0fbb9680d6d14987294777dfd041c	Ukończ poziom, używając tylko stóp
77f00ec9b410dc247a4a54c5cd42ceea	Purysta
784943e14c7b9164eb517cae869a8b38	Wybierz się w podróż i zniszcz kibel
841ba5eb6ea6f8648964fbf12be65899	Przeciętna impreza trance
b9b82d256d4d06143adcfac9d5e7c96a	Zabij {0} zbirów strzałami w głowę
720e474f67919ee4ebf5ebd7d5b2563c	Wyborowy strzelec
ef3ed184a6c1d3d4e8f5ce4f724c0b96	Podpal {0} zbirów
a5a32d05f30ef2940b1b61a8e17a3980	Piromania
53d16dc6156b83346b5a15568ed9e978	Nadziej {0} zbirów jednym bełtem
f1d861d4fa1a6e64bbd5f84a5bd4cacf	Szaszłyk
0aaee029b3d10da479202ff2b1c4df7f	Nadziej {0} zbirów
af7d1adb9c0fde646b06bf63d2134db9	Polowanie na czarownice
f93c958ad57a4aa4d8b9ea6c33ff8c93	Zabij wroga, kopiąc granat
49044cdbc0f4a0349bf82d70ac8bdd9d	Zwrot do nadawcy
989c3b2c2d1acfb40aa9202e7739d1c0	Zabij {0} zbirów jednym kopniakiem
d6e776d82b332344cba3512ff498a41b	Multikopniak
a6fb74c30e43b3449a9d64320336bc5b	Zabij {0} lewitujących jednym wybuchem
44c67aa16a9974b45ac616027d11bf6c	Zestaw combo
6987bddf556d97049ad8af4a8d16520f	Zabij zbira lecącą butlą z propanem
235a25efe573ec2498c83d56d4ca2381	Bropanowy wybuch
5963131ae11c5464baffbc14d3625444	Wytęp karaluchy: {0}
caee3ea3f17ed99488719bdd99b68ef3	Dobra higiena
3c4b01f9efd94ab419491419cda6bfc5	Zabij węże: {0}
dca32368114b1b344a5e3e6d26111c14	Gatunki zagrożone
6bcc3b68530018f4fb81bafdff790c93	Zabij {0} zbirów po pijaku
78b7a64372a5c884795f6051193cdc66	Alkoholik
3b72e5cef35af214a92b9bfe2dc35c5a	Zastrzel {0} zbirów, nie rzucając bronią
63d32f2f950dc0944b3bb71bc919f42c	Oszczędny ogień
96cde541fea7de94f908f1216b3cbd4f	Zmiażdż {0} zbirów żyrandolami
3ae8a63dd5cc6954d9d8ca8ea06cbe56	Zagrożenie operacyjne
a6e8ddfc4dbb72047af204e19f8e698e	Zabij {0} zbirów ładowanym kopniakiem
ab0341192ec41e54dbf202aa303513c2	Pociąg towarowy
6872fbb0ffbba0b43b325c92601d657d	Zabij {0} zbirów wybuchami, nie mając butów
6083b7d69d5c00644ba1c489143223c2	Bombardowanie
3359a75467db2974fbf8550deae9c5c5	Zabij {0} zbirów wybuchami
5eb921135afa2d24eac105fde001c30e	Burzyciel
86848552f3465b94f87edec9f362222a	Zabij {0} zbirów kopniakami
af80f6aa6d8ea5f46aa7620be6f2e145	Mistrz walki wręcz
5029eefbc786f0747aadc29450de4f83	Zabij {0} zbirów minigunami
a1e3f25341be72947a1b60cec2c06817	Gatlingowiec
eb25ea6c82c725746b6eef37d3eaa814	Zabij {0} zbirów strzelbami
1fcf5b0a0c685934fb6e4f070e72015b	Śruciarz
7dd37c26b7562b84a951d2ea1ae65540	Zabij {0} wrogów pociągami
c06ce5ed4f7c71e43b9b8f8f07352e23	Atak na torach
72eca81f085519545a275884a2732e68	Ukończ poziom bez kopania, w butach {0}
cf6d861c99535684289690031d4c38b9	Kolbowanie
b9133cfb8e48e4745a6924eea9dddf30	Ukończ poziom
fc5411ff014430c4aae7eac88a568af9	Zwycięstwo
242b826589c593a4db1f329a7337b168	Ukończ poziom bez żadnej eksplozji
f18a713e5a5770045b044416f71dae6a	Bezpieczeństwo pożarowe
17b1119614fe67d4a8c1d9067ed5972c	Ukończ poziom bez skakania
f4f42fbfd25165542bbae42a6b325e92	Uziemiony
f7292062c5540094b94542d4268d2daf	Ukończ poziom bez kopania
216fe582d39aa0f4fb7c797819564d90	Najemnik
e063ef798f99228478ead063a4b9313c	Ukończ poziom, nie rozbijając żadnej butli
9de43e83426b6cd49ad3aa052cbed901	BHP
1bbb0ac5f0d041d4ead069d83757d42a	Ukończ poziom, nie rzucając bronią
5a9f6e09bf2d80c4ca326be29b9d4b0d	Lepkie palce
10a628d5db383b94d9d1353e6a30391f	Ukończ poziom, nie zabijając żadnego wroga
957e0e63e17cdb042908d08befd73532	Pacyfista
a100749bbb00b8441aa5d3be44ce4d00	Zabij {0} wrogów jednym strzałem ze strzelby
4c1fd7be2becdc3438453fc9f8395623	Straty uboczne
652c661938d560c499d60aeb7634cb1f	Ukończ poziom w {0} bez skakania
b6ea005a8d22d8e40a5282a4cb047b9d	Bieg strusia
50689a9a78076f744a961a2dc1e054e1	Ukończ poziom w {0}
88ada2ff8c45f5a4983fe62b04a1bcdf	Speedrun
9c0483036a6512d45a0ec10fab138d3c	Ukończ poziom w {0}
9225adcfdae12a447a177504e3729ea4	Hyper Hyper
e10b8418ae06994438eb31963ac3b6af	Ukończ poziom bez obrażeń
03dbbb6f9b61d7a4a9b8fba2515aada8	Bez skazy
6c38ebebbebae00478ea311bff304aa3	Minister Zbrodni wzywa do burzliwego przekazania władzy w przemówieniu po wyborach
a6f485c2554f3be4aafe95e893b256bc	Gang Przemocy świętuje pięćsetne przejście przez jezdnię w niedozwolonym miejscu
c404e5876b1b7f24a9dd110622148ada	Głośniki, sneakersy i fajki – Gang Biznesu notuje rekordowe zyski z dóbr luksusowych
936e619bb95378347ad2cf54c19f9a9e	Tajemnicza bosa postać widziana przy wyjściu ze slumsów po ostatnim napadzie na blok
3a6f750bf254c7d4b8613e8dd1e994a9	Pizza i pobożność: najnowszy gang Zasranego Miasta „raczej sekta, naszym zdaniem”
4165cb8ce599edd48880a67480cd2804	Gang Biznesu podaje rekordowe zyski z oszustw i straty z defraudacji
18365e6321108924a93af9bd2d75b734	„Lubimy tak żyć” – Gang Smrodu o metamorfozie swojej kwatery w kanałach
9e7d0c01385866b4cb988b6935686397	{action:special} KOPNIAK W ZWOLNIONYM TEMPIE
1e2f15753cf7b094793e76374d56450b	PRZYTRZYMAJ {action:shoot}, BY NAŁADOWAĆ
0f5dbc73a5b11ca4bbd597bf0ee2adf0	PRZYTRZYMAJ {action:special}, BY NAŁADOWAĆ
92d0a8d8a924a6e4392fb64fc4410eaf	{action:interact} PODNIEŚ
a7751b5522143b647a1b08729bd83c5d	{action:jump} DRIFT
ee5853b73bb2f78419b96f76b70b2270	{action:interact} PIJ
25dc934e372e44d4c92891a1eb92e7ae	{action:interact} JEDŹ
17d3de8162147374ead5a528990819a9	{action:interact} JEDZ
d185f2c2c9c5d634da40bb248311ceb2	{action:kick} WYBIERZ ZBRODNIĘ
b3f0787b48ec38e4fb10e3325228a92e	{action:kick} WYBIERZ ZMIANĘ
d38874d9fa737bb4d80278756d4811d3	{action:kick} NAKARM
13bf49914dc66f64e942da29fc35cc50	{action:kick} CHWYĆ
8bc2ddaf515654747a643811b03acefd	{gamepad:LeftTrigger}      {gamepad:RightTrigger}
f1fdf98481e169d4cab182d36507c24b	{action:kick} KOPNIJ
28f0df16a9845d14291efe964e432a4b	{action:interact} OTWÓRZ
f32767244bcd547429f988e43b718de4	{action:kick} OTWÓRZ DRZWI
9f2e2aa0189d3f047a902fffd1e2a16c	{action:interact} UKOŃCZ KOLEKCJĘ
729acce9c62562449acceb1eab3314d0	{action:interact} Graj
a395a3092f2564d4a8906b5f72b7d941	{action:special} SZYBKI KOPNIAK
c3aefd051e0d69d40a280d0717ec3aee	NACIŚNIJ DOWOLNY PRZYCISK, BY ZACZĄĆ OD NOWA
291560ab285d53343af667975ee804c6	{action:shoot} STRZELAJ
1ff407f816fb4714abcab1349e0c4e53	{action:special} WŚLIZG
0d80c1a527a1ebc4db9377cbab1c8c38	{action:interact} ROZMAWIAJ
aae9555d0bce5334c9c7a38a076a836e	{action:throw} RZUĆ
3cb2ee0f12cb5a5459617e6b877f941a	{action:interact} ZALOGUJ SIĘ
1adcdbeb4f76ce04285600e0f742bf65	{action:interact} UŻYJ
5eb5dd05586c97d46bf4515509f75ced	{action:zoom} PRZYBLIŻ
b7a7e053c55896745b88ca5fcb94d453	Gang Przemocy
09660d5767cee2a40b4d6687535dbb6b	Najlepszy czas: {0}
23513f5b762111b4dba48882f855e3e8	Wymaga 
479ee742624fef940befdf171bb1a38c	Wybrać nowy but?
c28f0cfc20967fb4fbf53e2e2e03f15a	Wieża Zbrodni
35182d17e7573894b81785a407e4f19d	Gang Rozpusty
c42a5e60baf35b543ae1d45d10d9d9e8	Wstecz
1136d31c79899c347a2c2b110c05442d	Walcz
0eb622266b55d1040826e908c9f0f8d1	Rankingi
20d816f097940fa4a91e55d77b55da40	Cele poziomu
8d49bfee01d6a7443aa04200119f9c06	Statystyki poziomu
59f9f06a48f1dd746830d95b17cd0964	Mapa
0e8cd13e6894f4f49b558c02ae1584d1	Gang Biznesu
c9cbeefffeec9b64db53ffde309c92d8	Graj
1c10a13449eda5f4cb7c3f57651dbdcd	Wybierz
0e17378b4faf2434dacee2a9b6facf77	Gang Smrodu
9d000844bd94e17459926350793c4709	Buty
